#
# There is insufficient memory for the Java Runtime Environment to continue.
# Native memory allocation (malloc) failed to allocate 986096 bytes. Error detail: Chunk::new
# Possible reasons:
#   The system is out of physical RAM or swap space
#   This process is running with CompressedOops enabled, and the Java Heap may be blocking the growth of the native heap
# Possible solutions:
#   Reduce memory load on the system
#   Increase physical memory or swap space
#   Check if swap backing store is full
#   Decrease Java heap size (-Xmx/-Xms)
#   Decrease number of Java threads
#   Decrease Java thread stack sizes (-Xss)
#   Set larger code cache with -XX:ReservedCodeCacheSize=
#   JVM is running with Unscaled Compressed Oops mode in which the Java heap is
#     placed in the first 4GB address space. The Java Heap base address is the
#     maximum limit for the native heap growth. Please use -XX:HeapBaseMinAddress
#     to set the Java Heap base and to place the Java Heap above 4GB virtual address.
# This output file may be truncated or incomplete.
#
#  Out of Memory Error (arena.cpp:168), pid=19032, tid=11068
#
# JRE version: OpenJDK Runtime Environment (21.0.8) (build 21.0.8+-14196175-b1038.72)
# Java VM: OpenJDK 64-Bit Server VM (21.0.8+-14196175-b1038.72, mixed mode, tiered, compressed oops, compressed class ptrs, g1 gc, windows-amd64)
# No core dump will be written. Minidumps are not enabled by default on client versions of Windows
#

---------------  S U M M A R Y ------------

Command Line: --add-opens=java.base/java.lang=ALL-UNNAMED --add-opens=java.base/java.lang.invoke=ALL-UNNAMED --add-opens=java.base/java.util=ALL-UNNAMED --add-opens=java.prefs/java.util.prefs=ALL-UNNAMED --add-exports=jdk.compiler/com.sun.tools.javac.api=ALL-UNNAMED --add-exports=jdk.compiler/com.sun.tools.javac.util=ALL-UNNAMED --add-opens=java.base/java.util=ALL-UNNAMED --add-opens=java.prefs/java.util.prefs=ALL-UNNAMED --add-opens=java.base/java.nio.charset=ALL-UNNAMED --add-opens=java.base/java.net=ALL-UNNAMED --add-opens=java.base/java.util.concurrent.atomic=ALL-UNNAMED --add-opens=java.xml/javax.xml.namespace=ALL-UNNAMED -XX:MaxMetaspaceSize=384m -XX:+UseG1GC -Xmx1536m -Dfile.encoding=UTF-8 -Duser.country=ID -Duser.language=en -Duser.variant -javaagent:C:\Users\DELL\.gradle\wrapper\dists\gradle-8.11.1-bin\bpt9gzteqjrbo1mjrsomdt32c\gradle-8.11.1\lib\agents\gradle-instrumentation-agent-8.11.1.jar org.gradle.launcher.daemon.bootstrap.GradleDaemon 8.11.1

Host: Intel(R) Core(TM) i5-8365U CPU @ 1.60GHz, 8 cores, 7G,  Windows 11 , 64 bit Build 26100 (10.0.26100.9168)
Time: Thu Sep 24 02:20:13 2026 SE Asia Standard Time elapsed time: 103.443078 seconds (0d 0h 1m 43s)

---------------  T H R E A D  ---------------

Current thread (0x000001fab833df40):  JavaThread "C2 CompilerThread2" daemon [_thread_in_native, id=11068, stack(0x00000017b0800000,0x00000017b0900000) (1024K)]


Current CompileTask:
C2:103443 37364 %     4       com.android.tools.r8.internal.CQ::a @ 389 (975 bytes)

Stack: [0x00000017b0800000,0x00000017b0900000]
Native frames: (J=compiled Java code, j=interpreted, Vv=VM code, C=native code)
V  [jvm.dll+0x6d68d9]
V  [jvm.dll+0x866693]
V  [jvm.dll+0x868c4e]
V  [jvm.dll+0x869333]
V  [jvm.dll+0x280566]
V  [jvm.dll+0xc07cd]
V  [jvm.dll+0xc0d03]
V  [jvm.dll+0x2f5970]
V  [jvm.dll+0x5ff719]
V  [jvm.dll+0x252362]
V  [jvm.dll+0x24ac0a]
V  [jvm.dll+0x24871e]
V  [jvm.dll+0x1c73a4]
V  [jvm.dll+0x257f9e]
V  [jvm.dll+0x2564e6]
V  [jvm.dll+0x3f4696]
V  [jvm.dll+0x80eac8]
V  [jvm.dll+0x6d512d]
C  [ucrtbase.dll+0x2cd30]
C  [KERNEL32.DLL+0x2ccb7]
C  [ntdll.dll+0xaad6c]


---------------  P R O C E S S  ---------------

Threads class SMR info:
_java_thread_list=0x000001fabb06be60, length=62, elements={
0x000001fa94199730, 0x000001faad373f20, 0x000001faad377bb0, 0x000001faad38de30,
0x000001faad3a0c50, 0x000001faad3a16b0, 0x000001faad3ac280, 0x000001faad397410,
0x000001faad397a80, 0x000001faad3b2c30, 0x000001faad6a5590, 0x000001fab3289390,
0x000001fab332c050, 0x000001fab3203c30, 0x000001fab35989d0, 0x000001fab359d4e0,
0x000001fab32af800, 0x000001fab308eb90, 0x000001fab308f8b0, 0x000001fab308de70,
0x000001fab308f220, 0x000001fab308ff40, 0x000001fab30905d0, 0x000001fab308d150,
0x000001fab308e500, 0x000001fab4e281b0, 0x000001fab4e28840, 0x000001fab4e28ed0,
0x000001fab4e29560, 0x000001fab4e2a910, 0x000001fab4e29bf0, 0x000001fab4e2a280,
0x000001fab4e2c350, 0x000001fab67a2440, 0x000001fab67a0370, 0x000001fab5676750,
0x000001fab5676de0, 0x000001fab835d7f0, 0x000001fab835f230, 0x000001fab8361300,
0x000001fab8361990, 0x000001fab835eba0, 0x000001fab83633d0, 0x000001fab835ff50,
0x000001fab83605e0, 0x000001fab835f8c0, 0x000001fab835de80, 0x000001fab8362d40,
0x000001fab83640f0, 0x000001fab8360c70, 0x000001fac3e14f50, 0x000001fac3e09100,
0x000001fac3e0ab40, 0x000001fac3e08a70, 0x000001fac3e0b1d0, 0x000001fac3e0a4b0,
0x000001fac3e0d930, 0x000001fac3e0ece0, 0x000001fac3e2e650, 0x000001fac3e2dfc0,
0x000001fab833bd30, 0x000001fab833df40
}

Java Threads: ( => current thread )
  0x000001fa94199730 JavaThread "main"                              [_thread_blocked, id=18428, stack(0x00000017abe00000,0x00000017abf00000) (1024K)]
  0x000001faad373f20 JavaThread "Common-Cleaner"             daemon [_thread_blocked, id=21400, stack(0x00000017ac600000,0x00000017ac700000) (1024K)]
  0x000001faad377bb0 JavaThread "Reference Handler"          daemon [_thread_blocked, id=19960, stack(0x00000017ac700000,0x00000017ac800000) (1024K)]
  0x000001faad38de30 JavaThread "Finalizer"                  daemon [_thread_blocked, id=2560, stack(0x00000017ac800000,0x00000017ac900000) (1024K)]
  0x000001faad3a0c50 JavaThread "Signal Dispatcher"          daemon [_thread_blocked, id=13424, stack(0x00000017ac900000,0x00000017aca00000) (1024K)]
  0x000001faad3a16b0 JavaThread "Attach Listener"            daemon [_thread_blocked, id=10680, stack(0x00000017aca00000,0x00000017acb00000) (1024K)]
  0x000001faad3ac280 JavaThread "Service Thread"             daemon [_thread_blocked, id=20496, stack(0x00000017acb00000,0x00000017acc00000) (1024K)]
  0x000001faad397410 JavaThread "Monitor Deflation Thread"   daemon [_thread_blocked, id=5680, stack(0x00000017acc00000,0x00000017acd00000) (1024K)]
  0x000001faad397a80 JavaThread "C2 CompilerThread0"         daemon [_thread_in_native, id=12992, stack(0x00000017acd00000,0x00000017ace00000) (1024K)]
  0x000001faad3b2c30 JavaThread "C1 CompilerThread0"         daemon [_thread_blocked, id=18032, stack(0x00000017ace00000,0x00000017acf00000) (1024K)]
  0x000001faad6a5590 JavaThread "Notification Thread"        daemon [_thread_blocked, id=18976, stack(0x00000017acf00000,0x00000017ad000000) (1024K)]
  0x000001fab3289390 JavaThread "Daemon health stats"               [_thread_blocked, id=7340, stack(0x00000017ad700000,0x00000017ad800000) (1024K)]
  0x000001fab332c050 JavaThread "Incoming local TCP Connector on port 56632"        [_thread_in_native, id=16860, stack(0x00000017ad800000,0x00000017ad900000) (1024K)]
  0x000001fab3203c30 JavaThread "Daemon periodic checks"            [_thread_blocked, id=8064, stack(0x00000017ad900000,0x00000017ada00000) (1024K)]
  0x000001fab35989d0 JavaThread "Daemon"                            [_thread_blocked, id=10212, stack(0x00000017ada00000,0x00000017adb00000) (1024K)]
  0x000001fab359d4e0 JavaThread "Handler for socket connection from /127.0.0.1:56632 to /127.0.0.1:56633"        [_thread_in_native, id=20184, stack(0x00000017adb00000,0x00000017adc00000) (1024K)]
  0x000001fab32af800 JavaThread "Cancel handler"                    [_thread_blocked, id=16532, stack(0x00000017adc00000,0x00000017add00000) (1024K)]
  0x000001fab308eb90 JavaThread "Daemon worker"                     [_thread_blocked, id=7696, stack(0x00000017add00000,0x00000017ade00000) (1024K)]
  0x000001fab308f8b0 JavaThread "Asynchronous log dispatcher for DefaultDaemonConnection: socket connection from /127.0.0.1:56632 to /127.0.0.1:56633"        [_thread_blocked, id=20940, stack(0x00000017ade00000,0x00000017adf00000) (1024K)]
  0x000001fab308de70 JavaThread "Stdin handler"                     [_thread_blocked, id=6112, stack(0x00000017adf00000,0x00000017ae000000) (1024K)]
  0x000001fab308f220 JavaThread "Daemon client event forwarder"        [_thread_blocked, id=13328, stack(0x00000017ae000000,0x00000017ae100000) (1024K)]
  0x000001fab308ff40 JavaThread "Cache worker for journal cache (C:\Users\DELL\.gradle\caches\journal-1)"        [_thread_blocked, id=7564, stack(0x00000017ae300000,0x00000017ae400000) (1024K)]
  0x000001fab30905d0 JavaThread "File lock request listener"        [_thread_in_native, id=21268, stack(0x00000017ae400000,0x00000017ae500000) (1024K)]
  0x000001fab308d150 JavaThread "Cache worker for file hash cache (C:\Users\DELL\.gradle\caches\8.11.1\fileHashes)"        [_thread_blocked, id=21236, stack(0x00000017ae500000,0x00000017ae600000) (1024K)]
  0x000001fab308e500 JavaThread "Cache worker for file content cache (C:\Users\DELL\.gradle\caches\8.11.1\fileContent)"        [_thread_blocked, id=6768, stack(0x00000017ae700000,0x00000017ae800000) (1024K)]
  0x000001fab4e281b0 JavaThread "Cache worker for file hash cache (D:\bizgrow-project\upstyle\multi_platform\bizgrow-kmp\.gradle\8.11.1\fileHashes)"        [_thread_blocked, id=17784, stack(0x00000017ae800000,0x00000017ae900000) (1024K)]
  0x000001fab4e28840 JavaThread "Cache worker for Build Output Cleanup Cache (D:\bizgrow-project\upstyle\multi_platform\bizgrow-kmp\.gradle\buildOutputCleanup)"        [_thread_blocked, id=388, stack(0x00000017ae900000,0x00000017aea00000) (1024K)]
  0x000001fab4e28ed0 JavaThread "File watcher server"        daemon [_thread_in_native, id=10608, stack(0x00000017aea00000,0x00000017aeb00000) (1024K)]
  0x000001fab4e29560 JavaThread "File watcher consumer"      daemon [_thread_blocked, id=20136, stack(0x00000017aeb00000,0x00000017aec00000) (1024K)]
  0x000001fab4e2a910 JavaThread "Cache worker for checksums cache (D:\bizgrow-project\upstyle\multi_platform\bizgrow-kmp\.gradle\8.11.1\checksums)"        [_thread_blocked, id=8556, stack(0x00000017aec00000,0x00000017aed00000) (1024K)]
  0x000001fab4e29bf0 JavaThread "Cache worker for cache directory md-rule (C:\Users\DELL\.gradle\caches\8.11.1\md-rule)"        [_thread_blocked, id=13368, stack(0x00000017aed00000,0x00000017aee00000) (1024K)]
  0x000001fab4e2a280 JavaThread "Cache worker for cache directory md-supplier (C:\Users\DELL\.gradle\caches\8.11.1\md-supplier)"        [_thread_blocked, id=21148, stack(0x00000017aee00000,0x00000017aef00000) (1024K)]
  0x000001fab4e2c350 JavaThread "Unconstrained build operations"        [_thread_blocked, id=12592, stack(0x00000017aef00000,0x00000017af000000) (1024K)]
  0x000001fab67a2440 JavaThread "Unconstrained build operations Thread 2"        [_thread_blocked, id=7000, stack(0x00000017af000000,0x00000017af100000) (1024K)]
  0x000001fab67a0370 JavaThread "Unconstrained build operations Thread 3"        [_thread_blocked, id=10640, stack(0x00000017af100000,0x00000017af200000) (1024K)]
  0x000001fab5676750 JavaThread "Memory manager"                    [_thread_blocked, id=20700, stack(0x00000017ae600000,0x00000017ae700000) (1024K)]
  0x000001fab5676de0 JavaThread "build event listener"              [_thread_blocked, id=13184, stack(0x00000017af300000,0x00000017af400000) (1024K)]
  0x000001fab835d7f0 JavaThread "pool-3-thread-1"                   [_thread_blocked, id=19680, stack(0x00000017abc00000,0x00000017abd00000) (1024K)]
  0x000001fab835f230 JavaThread "build event listener"              [_thread_blocked, id=13840, stack(0x00000017ad000000,0x00000017ad100000) (1024K)]
  0x000001fab8361300 JavaThread "included builds"                   [_thread_blocked, id=20664, stack(0x00000017af200000,0x00000017af300000) (1024K)]
  0x000001fab8361990 JavaThread "Execution worker"                  [_thread_in_native, id=16740, stack(0x00000017af400000,0x00000017af500000) (1024K)]
  0x000001fab835eba0 JavaThread "Cache worker for execution history cache (D:\bizgrow-project\upstyle\multi_platform\bizgrow-kmp\.gradle\8.11.1\executionHistory)"        [_thread_blocked, id=11828, stack(0x00000017af500000,0x00000017af600000) (1024K)]
  0x000001fab83633d0 JavaThread "Unconstrained build operations Thread 4"        [_thread_blocked, id=11356, stack(0x00000017af700000,0x00000017af800000) (1024K)]
  0x000001fab835ff50 JavaThread "Unconstrained build operations Thread 5"        [_thread_blocked, id=18004, stack(0x00000017af800000,0x00000017af900000) (1024K)]
  0x000001fab83605e0 JavaThread "Unconstrained build operations Thread 6"        [_thread_blocked, id=21164, stack(0x00000017af900000,0x00000017afa00000) (1024K)]
  0x000001fab835f8c0 JavaThread "Unconstrained build operations Thread 7"        [_thread_blocked, id=14928, stack(0x00000017afa00000,0x00000017afb00000) (1024K)]
  0x000001fab835de80 JavaThread "Unconstrained build operations Thread 8"        [_thread_blocked, id=20004, stack(0x00000017afb00000,0x00000017afc00000) (1024K)]
  0x000001fab8362d40 JavaThread "Unconstrained build operations Thread 9"        [_thread_blocked, id=9960, stack(0x00000017afc00000,0x00000017afd00000) (1024K)]
  0x000001fab83640f0 JavaThread "Unconstrained build operations Thread 10"        [_thread_blocked, id=8124, stack(0x00000017afd00000,0x00000017afe00000) (1024K)]
  0x000001fab8360c70 JavaThread "Unconstrained build operations Thread 11"        [_thread_blocked, id=14004, stack(0x00000017afe00000,0x00000017aff00000) (1024K)]
  0x000001fac3e14f50 JavaThread "Unconstrained build operations Thread 12"        [_thread_blocked, id=14356, stack(0x00000017aff00000,0x00000017b0000000) (1024K)]
  0x000001fac3e09100 JavaThread "Unconstrained build operations Thread 13"        [_thread_blocked, id=9596, stack(0x00000017b0000000,0x00000017b0100000) (1024K)]
  0x000001fac3e0ab40 JavaThread "Unconstrained build operations Thread 14"        [_thread_blocked, id=7840, stack(0x00000017b0100000,0x00000017b0200000) (1024K)]
  0x000001fac3e08a70 JavaThread "Unconstrained build operations Thread 15"        [_thread_blocked, id=16872, stack(0x00000017b0200000,0x00000017b0300000) (1024K)]
  0x000001fac3e0b1d0 JavaThread "Unconstrained build operations Thread 16"        [_thread_blocked, id=14412, stack(0x00000017b0300000,0x00000017b0400000) (1024K)]
  0x000001fac3e0a4b0 JavaThread "Unconstrained build operations Thread 17"        [_thread_blocked, id=14900, stack(0x00000017b0400000,0x00000017b0500000) (1024K)]
  0x000001fac3e0d930 JavaThread "WorkerExecutor Queue"              [_thread_blocked, id=14680, stack(0x00000017b0500000,0x00000017b0600000) (1024K)]
  0x000001fac3e0ece0 JavaThread "Unconstrained build operations Thread 18"        [_thread_blocked, id=8996, stack(0x00000017b0700000,0x00000017b0800000) (1024K)]
  0x000001fac3e2e650 JavaThread "Unconstrained build operations Thread 19"        [_thread_blocked, id=20620, stack(0x00000017af600000,0x00000017af700000) (1024K)]
  0x000001fac3e2dfc0 JavaThread "Unconstrained build operations Thread 20"        [_thread_in_Java, id=13888, stack(0x00000017abb00000,0x00000017abc00000) (1024K)]
  0x000001fab833bd30 JavaThread "C2 CompilerThread1"         daemon [_thread_in_native, id=2484, stack(0x00000017b0600000,0x00000017b0700000) (1024K)]
=>0x000001fab833df40 JavaThread "C2 CompilerThread2"         daemon [_thread_in_native, id=11068, stack(0x00000017b0800000,0x00000017b0900000) (1024K)]
Total: 62

Other Threads:
  0x000001faad1b7af0 VMThread "VM Thread"                           [id=19432, stack(0x00000017ac500000,0x00000017ac600000) (1024K)]
  0x000001faad16e650 WatcherThread "VM Periodic Task Thread"        [id=14684, stack(0x00000017ac400000,0x00000017ac500000) (1024K)]
  0x000001fa96526720 WorkerThread "GC Thread#0"                     [id=5208, stack(0x00000017abf00000,0x00000017ac000000) (1024K)]
  0x000001faadd37bf0 WorkerThread "GC Thread#1"                     [id=19244, stack(0x00000017ad200000,0x00000017ad300000) (1024K)]
  0x000001faadc38030 WorkerThread "GC Thread#2"                     [id=20508, stack(0x00000017ad300000,0x00000017ad400000) (1024K)]
  0x000001fab259ca10 WorkerThread "GC Thread#3"                     [id=10604, stack(0x00000017ad400000,0x00000017ad500000) (1024K)]
  0x000001fab259cdb0 WorkerThread "GC Thread#4"                     [id=4164, stack(0x00000017ad500000,0x00000017ad600000) (1024K)]
  0x000001fab28a3610 WorkerThread "GC Thread#5"                     [id=10744, stack(0x00000017ad100000,0x00000017ad200000) (1024K)]
  0x000001fab3171c60 WorkerThread "GC Thread#6"                     [id=12264, stack(0x00000017ad600000,0x00000017ad700000) (1024K)]
  0x000001fab306f530 WorkerThread "GC Thread#7"                     [id=13720, stack(0x00000017ae100000,0x00000017ae200000) (1024K)]
  0x000001fa96533610 ConcurrentGCThread "G1 Main Marker"            [id=9708, stack(0x00000017ac000000,0x00000017ac100000) (1024K)]
  0x000001fa96534e60 WorkerThread "G1 Conc#0"                       [id=19296, stack(0x00000017ac100000,0x00000017ac200000) (1024K)]
  0x000001fab306fc70 WorkerThread "G1 Conc#1"                       [id=17840, stack(0x00000017ae200000,0x00000017ae300000) (1024K)]
  0x000001fa9659eaa0 ConcurrentGCThread "G1 Refine#0"               [id=20332, stack(0x00000017ac200000,0x00000017ac300000) (1024K)]
  0x000001faad046a00 ConcurrentGCThread "G1 Service"                [id=1852, stack(0x00000017ac300000,0x00000017ac400000) (1024K)]
Total: 15

Threads with active compile tasks:
C2 CompilerThread0  105524 37751 %     4       com.android.tools.r8.internal.Wm::b @ 468 (3611 bytes)
C2 CompilerThread1  105524 37851 %     4       com.android.tools.r8.internal.Vz::a @ 205 (3948 bytes)
C2 CompilerThread2  105524 37364 %     4       com.android.tools.r8.internal.CQ::a @ 389 (975 bytes)
Total: 3

VM state: not at safepoint (normal execution)

VM Mutex/Monitor currently owned by a thread: None

Heap address: 0x00000000a0000000, size: 1536 MB, Compressed Oops mode: 32-bit

CDS archive(s) not mapped
Compressed class space mapped at: 0x0000000100000000-0x0000000114000000, reserved size: 335544320
Narrow klass base: 0x0000000000000000, Narrow klass shift: 3, Narrow klass range: 0x114000000

GC Precious Log:
 CardTable entry size: 512
 Card Set container configuration: InlinePtr #cards 5 size 8 Array Of Cards #cards 12 size 40 Howl #buckets 4 coarsen threshold 1843 Howl Bitmap #cards 512 size 80 coarsen threshold 460 Card regions per heap region 1 cards per card region 2048
 CPUs: 8 total, 8 available
 Memory: 8006M
 Large Page Support: Disabled
 NUMA Support: Disabled
 Compressed Oops: Enabled (32-bit)
 Heap Region Size: 1M
 Heap Min Capacity: 8M
 Heap Initial Capacity: 126M
 Heap Max Capacity: 1536M
 Pre-touch: Disabled
 Parallel Workers: 8
 Concurrent Workers: 2
 Concurrent Refinement Workers: 8
 Periodic GC: Disabled

Heap:
 garbage-first heap   total 608256K, used 499655K [0x00000000a0000000, 0x0000000100000000)
  region size 1024K, 202 young (206848K), 14 survivors (14336K)
 Metaspace       used 284261K, committed 288512K, reserved 589824K
  class space    used 36606K, committed 38272K, reserved 327680K

Heap Regions: E=young(eden), S=young(survivor), O=old, HS=humongous(starts), HC=humongous(continues), CS=collection set, F=free, TAMS=top-at-mark-start, PB=parsable bottom
|   0|0x00000000a0000000, 0x00000000a0100000, 0x00000000a0100000|100%| O|  |TAMS 0x00000000a0100000| PB 0x00000000a0000000| Updating 
|   1|0x00000000a0100000, 0x00000000a0200000, 0x00000000a0200000|100%|HS|  |TAMS 0x00000000a0200000| PB 0x00000000a0100000| Complete 
|   2|0x00000000a0200000, 0x00000000a0300000, 0x00000000a0300000|100%|HC|  |TAMS 0x00000000a0300000| PB 0x00000000a0200000| Complete 
|   3|0x00000000a0300000, 0x00000000a0400000, 0x00000000a0400000|100%|HC|  |TAMS 0x00000000a0400000| PB 0x00000000a0300000| Complete 
|   4|0x00000000a0400000, 0x00000000a0500000, 0x00000000a0500000|100%| O|  |TAMS 0x00000000a0500000| PB 0x00000000a0400000| Updating 
|   5|0x00000000a0500000, 0x00000000a0600000, 0x00000000a0600000|100%| O|  |TAMS 0x00000000a0600000| PB 0x00000000a0500000| Updating 
|   6|0x00000000a0600000, 0x00000000a0700000, 0x00000000a0700000|100%| O|  |TAMS 0x00000000a0700000| PB 0x00000000a0600000| Untracked 
|   7|0x00000000a0700000, 0x00000000a0800000, 0x00000000a0800000|100%|HS|  |TAMS 0x00000000a0800000| PB 0x00000000a0700000| Complete 
|   8|0x00000000a0800000, 0x00000000a0900000, 0x00000000a0900000|100%| O|  |TAMS 0x00000000a0900000| PB 0x00000000a0800000| Untracked 
|   9|0x00000000a0900000, 0x00000000a0a00000, 0x00000000a0a00000|100%| O|  |TAMS 0x00000000a0a00000| PB 0x00000000a0900000| Untracked 
|  10|0x00000000a0a00000, 0x00000000a0b00000, 0x00000000a0b00000|100%| O|  |TAMS 0x00000000a0b00000| PB 0x00000000a0a00000| Untracked 
|  11|0x00000000a0b00000, 0x00000000a0c00000, 0x00000000a0c00000|100%| O|  |TAMS 0x00000000a0c00000| PB 0x00000000a0b00000| Untracked 
|  12|0x00000000a0c00000, 0x00000000a0d00000, 0x00000000a0d00000|100%| O|  |TAMS 0x00000000a0d00000| PB 0x00000000a0c00000| Updating 
|  13|0x00000000a0d00000, 0x00000000a0e00000, 0x00000000a0e00000|100%| O|  |TAMS 0x00000000a0e00000| PB 0x00000000a0d00000| Untracked 
|  14|0x00000000a0e00000, 0x00000000a0f00000, 0x00000000a0f00000|100%| O|  |TAMS 0x00000000a0f00000| PB 0x00000000a0e00000| Untracked 
|  15|0x00000000a0f00000, 0x00000000a1000000, 0x00000000a1000000|100%| O|  |TAMS 0x00000000a1000000| PB 0x00000000a0f00000| Untracked 
|  16|0x00000000a1000000, 0x00000000a1100000, 0x00000000a1100000|100%| O|  |TAMS 0x00000000a1100000| PB 0x00000000a1000000| Updating 
|  17|0x00000000a1100000, 0x00000000a1200000, 0x00000000a1200000|100%| O|  |TAMS 0x00000000a1200000| PB 0x00000000a1100000| Untracked 
|  18|0x00000000a1200000, 0x00000000a1300000, 0x00000000a1300000|100%| O|  |TAMS 0x00000000a1300000| PB 0x00000000a1200000| Untracked 
|  19|0x00000000a1300000, 0x00000000a1400000, 0x00000000a1400000|100%| O|  |TAMS 0x00000000a1400000| PB 0x00000000a1300000| Untracked 
|  20|0x00000000a1400000, 0x00000000a1500000, 0x00000000a1500000|100%| O|  |TAMS 0x00000000a1500000| PB 0x00000000a1400000| Untracked 
|  21|0x00000000a1500000, 0x00000000a1600000, 0x00000000a1600000|100%| O|  |TAMS 0x00000000a1600000| PB 0x00000000a1500000| Untracked 
|  22|0x00000000a1600000, 0x00000000a1700000, 0x00000000a1700000|100%| O|  |TAMS 0x00000000a1700000| PB 0x00000000a1600000| Untracked 
|  23|0x00000000a1700000, 0x00000000a1800000, 0x00000000a1800000|100%| O|  |TAMS 0x00000000a1800000| PB 0x00000000a1700000| Untracked 
|  24|0x00000000a1800000, 0x00000000a1900000, 0x00000000a1900000|100%| O|  |TAMS 0x00000000a1900000| PB 0x00000000a1800000| Untracked 
|  25|0x00000000a1900000, 0x00000000a1a00000, 0x00000000a1a00000|100%| O|  |TAMS 0x00000000a1a00000| PB 0x00000000a1900000| Updating 
|  26|0x00000000a1a00000, 0x00000000a1b00000, 0x00000000a1b00000|100%| O|  |TAMS 0x00000000a1b00000| PB 0x00000000a1a00000| Untracked 
|  27|0x00000000a1b00000, 0x00000000a1c00000, 0x00000000a1c00000|100%| O|  |TAMS 0x00000000a1c00000| PB 0x00000000a1b00000| Untracked 
|  28|0x00000000a1c00000, 0x00000000a1d00000, 0x00000000a1d00000|100%| O|  |TAMS 0x00000000a1d00000| PB 0x00000000a1c00000| Updating 
|  29|0x00000000a1d00000, 0x00000000a1e00000, 0x00000000a1e00000|100%| O|  |TAMS 0x00000000a1e00000| PB 0x00000000a1d00000| Updating 
|  30|0x00000000a1e00000, 0x00000000a1f00000, 0x00000000a1f00000|100%| O|  |TAMS 0x00000000a1f00000| PB 0x00000000a1e00000| Updating 
|  31|0x00000000a1f00000, 0x00000000a2000000, 0x00000000a2000000|100%| O|  |TAMS 0x00000000a2000000| PB 0x00000000a1f00000| Untracked 
|  32|0x00000000a2000000, 0x00000000a2100000, 0x00000000a2100000|100%| O|  |TAMS 0x00000000a2100000| PB 0x00000000a2000000| Updating 
|  33|0x00000000a2100000, 0x00000000a2200000, 0x00000000a2200000|100%| O|  |TAMS 0x00000000a2200000| PB 0x00000000a2100000| Untracked 
|  34|0x00000000a2200000, 0x00000000a2300000, 0x00000000a2300000|100%| O|  |TAMS 0x00000000a2300000| PB 0x00000000a2200000| Updating 
|  35|0x00000000a2300000, 0x00000000a2400000, 0x00000000a2400000|100%| O|  |TAMS 0x00000000a2400000| PB 0x00000000a2300000| Untracked 
|  36|0x00000000a2400000, 0x00000000a2500000, 0x00000000a2500000|100%| O|  |TAMS 0x00000000a2500000| PB 0x00000000a2400000| Untracked 
|  37|0x00000000a2500000, 0x00000000a2600000, 0x00000000a2600000|100%| O|  |TAMS 0x00000000a2600000| PB 0x00000000a2500000| Updating 
|  38|0x00000000a2600000, 0x00000000a2700000, 0x00000000a2700000|100%| O|  |TAMS 0x00000000a2700000| PB 0x00000000a2600000| Untracked 
|  39|0x00000000a2700000, 0x00000000a2800000, 0x00000000a2800000|100%| O|  |TAMS 0x00000000a2800000| PB 0x00000000a2700000| Untracked 
|  40|0x00000000a2800000, 0x00000000a2900000, 0x00000000a2900000|100%|HS|  |TAMS 0x00000000a2800000| PB 0x00000000a2800000| Complete 
|  41|0x00000000a2900000, 0x00000000a2a00000, 0x00000000a2a00000|100%| O|  |TAMS 0x00000000a2a00000| PB 0x00000000a2900000| Updating 
|  42|0x00000000a2a00000, 0x00000000a2b00000, 0x00000000a2b00000|100%| O|  |TAMS 0x00000000a2b00000| PB 0x00000000a2a00000| Untracked 
|  43|0x00000000a2b00000, 0x00000000a2c00000, 0x00000000a2c00000|100%| O|  |TAMS 0x00000000a2c00000| PB 0x00000000a2b00000| Untracked 
|  44|0x00000000a2c00000, 0x00000000a2d00000, 0x00000000a2d00000|100%| O|  |TAMS 0x00000000a2d00000| PB 0x00000000a2c00000| Untracked 
|  45|0x00000000a2d00000, 0x00000000a2e00000, 0x00000000a2e00000|100%| O|  |TAMS 0x00000000a2e00000| PB 0x00000000a2d00000| Untracked 
|  46|0x00000000a2e00000, 0x00000000a2f00000, 0x00000000a2f00000|100%| O|  |TAMS 0x00000000a2f00000| PB 0x00000000a2e00000| Updating 
|  47|0x00000000a2f00000, 0x00000000a3000000, 0x00000000a3000000|100%| O|  |TAMS 0x00000000a3000000| PB 0x00000000a2f00000| Updating 
|  48|0x00000000a3000000, 0x00000000a3100000, 0x00000000a3100000|100%| O|  |TAMS 0x00000000a3100000| PB 0x00000000a3000000| Untracked 
|  49|0x00000000a3100000, 0x00000000a3200000, 0x00000000a3200000|100%| O|  |TAMS 0x00000000a3200000| PB 0x00000000a3100000| Updating 
|  50|0x00000000a3200000, 0x00000000a3300000, 0x00000000a3300000|100%| O|  |TAMS 0x00000000a3300000| PB 0x00000000a3200000| Updating 
|  51|0x00000000a3300000, 0x00000000a3400000, 0x00000000a3400000|100%| O|  |TAMS 0x00000000a3400000| PB 0x00000000a3300000| Untracked 
|  52|0x00000000a3400000, 0x00000000a3500000, 0x00000000a3500000|100%| O|  |TAMS 0x00000000a3500000| PB 0x00000000a3400000| Untracked 
|  53|0x00000000a3500000, 0x00000000a3600000, 0x00000000a3600000|100%| O|  |TAMS 0x00000000a3600000| PB 0x00000000a3500000| Updating 
|  54|0x00000000a3600000, 0x00000000a3700000, 0x00000000a3700000|100%| O|  |TAMS 0x00000000a3700000| PB 0x00000000a3600000| Untracked 
|  55|0x00000000a3700000, 0x00000000a3800000, 0x00000000a3800000|100%| O|  |TAMS 0x00000000a3800000| PB 0x00000000a3700000| Untracked 
|  56|0x00000000a3800000, 0x00000000a3900000, 0x00000000a3900000|100%| O|  |TAMS 0x00000000a3900000| PB 0x00000000a3800000| Untracked 
|  57|0x00000000a3900000, 0x00000000a3a00000, 0x00000000a3a00000|100%| O|  |TAMS 0x00000000a3a00000| PB 0x00000000a3900000| Untracked 
|  58|0x00000000a3a00000, 0x00000000a3b00000, 0x00000000a3b00000|100%| O|  |TAMS 0x00000000a3b00000| PB 0x00000000a3a00000| Untracked 
|  59|0x00000000a3b00000, 0x00000000a3c00000, 0x00000000a3c00000|100%| O|  |TAMS 0x00000000a3c00000| PB 0x00000000a3b00000| Untracked 
|  60|0x00000000a3c00000, 0x00000000a3d00000, 0x00000000a3d00000|100%| O|  |TAMS 0x00000000a3d00000| PB 0x00000000a3c00000| Untracked 
|  61|0x00000000a3d00000, 0x00000000a3e00000, 0x00000000a3e00000|100%| O|  |TAMS 0x00000000a3e00000| PB 0x00000000a3d00000| Untracked 
|  62|0x00000000a3e00000, 0x00000000a3f00000, 0x00000000a3f00000|100%| O|  |TAMS 0x00000000a3f00000| PB 0x00000000a3e00000| Untracked 
|  63|0x00000000a3f00000, 0x00000000a4000000, 0x00000000a4000000|100%| O|  |TAMS 0x00000000a4000000| PB 0x00000000a3f00000| Updating 
|  64|0x00000000a4000000, 0x00000000a4000000, 0x00000000a4100000|  0%| F|  |TAMS 0x00000000a4000000| PB 0x00000000a4000000| Untracked 
|  65|0x00000000a4100000, 0x00000000a4200000, 0x00000000a4200000|100%| O|  |TAMS 0x00000000a4200000| PB 0x00000000a4100000| Untracked 
|  66|0x00000000a4200000, 0x00000000a4300000, 0x00000000a4300000|100%| O|  |TAMS 0x00000000a4300000| PB 0x00000000a4200000| Updating 
|  67|0x00000000a4300000, 0x00000000a4400000, 0x00000000a4400000|100%| O|  |TAMS 0x00000000a4400000| PB 0x00000000a4300000| Updating 
|  68|0x00000000a4400000, 0x00000000a4500000, 0x00000000a4500000|100%| O|  |TAMS 0x00000000a4500000| PB 0x00000000a4400000| Untracked 
|  69|0x00000000a4500000, 0x00000000a4600000, 0x00000000a4600000|100%| O|  |TAMS 0x00000000a4600000| PB 0x00000000a4500000| Untracked 
|  70|0x00000000a4600000, 0x00000000a4700000, 0x00000000a4700000|100%| O|  |TAMS 0x00000000a4700000| PB 0x00000000a4600000| Untracked 
|  71|0x00000000a4700000, 0x00000000a4800000, 0x00000000a4800000|100%| O|  |TAMS 0x00000000a4800000| PB 0x00000000a4700000| Untracked 
|  72|0x00000000a4800000, 0x00000000a4900000, 0x00000000a4900000|100%| O|  |TAMS 0x00000000a4900000| PB 0x00000000a4800000| Untracked 
|  73|0x00000000a4900000, 0x00000000a4a00000, 0x00000000a4a00000|100%| O|  |TAMS 0x00000000a4a00000| PB 0x00000000a4900000| Untracked 
|  74|0x00000000a4a00000, 0x00000000a4b00000, 0x00000000a4b00000|100%| O|  |TAMS 0x00000000a4b00000| PB 0x00000000a4a00000| Untracked 
|  75|0x00000000a4b00000, 0x00000000a4c00000, 0x00000000a4c00000|100%| O|  |TAMS 0x00000000a4c00000| PB 0x00000000a4b00000| Untracked 
|  76|0x00000000a4c00000, 0x00000000a4d00000, 0x00000000a4d00000|100%|HS|  |TAMS 0x00000000a4d00000| PB 0x00000000a4c00000| Complete 
|  77|0x00000000a4d00000, 0x00000000a4e00000, 0x00000000a4e00000|100%|HS|  |TAMS 0x00000000a4e00000| PB 0x00000000a4d00000| Complete 
|  78|0x00000000a4e00000, 0x00000000a4f00000, 0x00000000a4f00000|100%|HS|  |TAMS 0x00000000a4f00000| PB 0x00000000a4e00000| Complete 
|  79|0x00000000a4f00000, 0x00000000a5000000, 0x00000000a5000000|100%|HC|  |TAMS 0x00000000a5000000| PB 0x00000000a4f00000| Complete 
|  80|0x00000000a5000000, 0x00000000a5100000, 0x00000000a5100000|100%| O|  |TAMS 0x00000000a5100000| PB 0x00000000a5000000| Untracked 
|  81|0x00000000a5100000, 0x00000000a5200000, 0x00000000a5200000|100%| O|  |TAMS 0x00000000a5200000| PB 0x00000000a5100000| Untracked 
|  82|0x00000000a5200000, 0x00000000a5300000, 0x00000000a5300000|100%| O|  |TAMS 0x00000000a5300000| PB 0x00000000a5200000| Updating 
|  83|0x00000000a5300000, 0x00000000a5400000, 0x00000000a5400000|100%| O|  |TAMS 0x00000000a5400000| PB 0x00000000a5300000| Updating 
|  84|0x00000000a5400000, 0x00000000a5500000, 0x00000000a5500000|100%| O|  |TAMS 0x00000000a5500000| PB 0x00000000a5400000| Untracked 
|  85|0x00000000a5500000, 0x00000000a5600000, 0x00000000a5600000|100%| O|  |TAMS 0x00000000a5600000| PB 0x00000000a5500000| Updating 
|  86|0x00000000a5600000, 0x00000000a5700000, 0x00000000a5700000|100%| O|  |TAMS 0x00000000a5700000| PB 0x00000000a5600000| Updating 
|  87|0x00000000a5700000, 0x00000000a5800000, 0x00000000a5800000|100%| O|  |TAMS 0x00000000a5800000| PB 0x00000000a5700000| Updating 
|  88|0x00000000a5800000, 0x00000000a5900000, 0x00000000a5900000|100%| O|  |TAMS 0x00000000a5900000| PB 0x00000000a5800000| Updating 
|  89|0x00000000a5900000, 0x00000000a5a00000, 0x00000000a5a00000|100%| O|  |TAMS 0x00000000a5a00000| PB 0x00000000a5900000| Untracked 
|  90|0x00000000a5a00000, 0x00000000a5b00000, 0x00000000a5b00000|100%| O|  |TAMS 0x00000000a5b00000| PB 0x00000000a5a00000| Untracked 
|  91|0x00000000a5b00000, 0x00000000a5c00000, 0x00000000a5c00000|100%| O|  |TAMS 0x00000000a5c00000| PB 0x00000000a5b00000| Updating 
|  92|0x00000000a5c00000, 0x00000000a5d00000, 0x00000000a5d00000|100%| O|  |TAMS 0x00000000a5d00000| PB 0x00000000a5c00000| Untracked 
|  93|0x00000000a5d00000, 0x00000000a5e00000, 0x00000000a5e00000|100%| O|  |TAMS 0x00000000a5e00000| PB 0x00000000a5d00000| Updating 
|  94|0x00000000a5e00000, 0x00000000a5f00000, 0x00000000a5f00000|100%| O|  |TAMS 0x00000000a5f00000| PB 0x00000000a5e00000| Untracked 
|  95|0x00000000a5f00000, 0x00000000a6000000, 0x00000000a6000000|100%| O|  |TAMS 0x00000000a6000000| PB 0x00000000a5f00000| Updating 
|  96|0x00000000a6000000, 0x00000000a6100000, 0x00000000a6100000|100%|HS|  |TAMS 0x00000000a6100000| PB 0x00000000a6000000| Complete 
|  97|0x00000000a6100000, 0x00000000a6200000, 0x00000000a6200000|100%|HC|  |TAMS 0x00000000a6200000| PB 0x00000000a6100000| Complete 
|  98|0x00000000a6200000, 0x00000000a6300000, 0x00000000a6300000|100%|HS|  |TAMS 0x00000000a6300000| PB 0x00000000a6200000| Complete 
|  99|0x00000000a6300000, 0x00000000a6400000, 0x00000000a6400000|100%|HS|  |TAMS 0x00000000a6400000| PB 0x00000000a6300000| Complete 
| 100|0x00000000a6400000, 0x00000000a6500000, 0x00000000a6500000|100%| O|  |TAMS 0x00000000a6500000| PB 0x00000000a6400000| Untracked 
| 101|0x00000000a6500000, 0x00000000a6600000, 0x00000000a6600000|100%|HS|  |TAMS 0x00000000a6600000| PB 0x00000000a6500000| Complete 
| 102|0x00000000a6600000, 0x00000000a6700000, 0x00000000a6700000|100%| O|  |TAMS 0x00000000a6700000| PB 0x00000000a6600000| Updating 
| 103|0x00000000a6700000, 0x00000000a6800000, 0x00000000a6800000|100%| O|  |TAMS 0x00000000a6800000| PB 0x00000000a6700000| Updating 
| 104|0x00000000a6800000, 0x00000000a6900000, 0x00000000a6900000|100%| O|  |TAMS 0x00000000a6900000| PB 0x00000000a6800000| Untracked 
| 105|0x00000000a6900000, 0x00000000a6a00000, 0x00000000a6a00000|100%|HS|  |TAMS 0x00000000a6a00000| PB 0x00000000a6900000| Complete 
| 106|0x00000000a6a00000, 0x00000000a6b00000, 0x00000000a6b00000|100%| O|  |TAMS 0x00000000a6b00000| PB 0x00000000a6a00000| Updating 
| 107|0x00000000a6b00000, 0x00000000a6c00000, 0x00000000a6c00000|100%| O|  |TAMS 0x00000000a6c00000| PB 0x00000000a6b00000| Untracked 
| 108|0x00000000a6c00000, 0x00000000a6d00000, 0x00000000a6d00000|100%| O|  |TAMS 0x00000000a6d00000| PB 0x00000000a6c00000| Updating 
| 109|0x00000000a6d00000, 0x00000000a6e00000, 0x00000000a6e00000|100%| O|  |TAMS 0x00000000a6e00000| PB 0x00000000a6d00000| Untracked 
| 110|0x00000000a6e00000, 0x00000000a6f00000, 0x00000000a6f00000|100%|HS|  |TAMS 0x00000000a6f00000| PB 0x00000000a6e00000| Complete 
| 111|0x00000000a6f00000, 0x00000000a7000000, 0x00000000a7000000|100%| O|  |TAMS 0x00000000a7000000| PB 0x00000000a6f00000| Updating 
| 112|0x00000000a7000000, 0x00000000a7100000, 0x00000000a7100000|100%| O|  |TAMS 0x00000000a7100000| PB 0x00000000a7000000| Untracked 
| 113|0x00000000a7100000, 0x00000000a7200000, 0x00000000a7200000|100%| O|  |TAMS 0x00000000a7200000| PB 0x00000000a7100000| Untracked 
| 114|0x00000000a7200000, 0x00000000a7300000, 0x00000000a7300000|100%| O|  |TAMS 0x00000000a7300000| PB 0x00000000a7200000| Updating 
| 115|0x00000000a7300000, 0x00000000a7400000, 0x00000000a7400000|100%| O|  |TAMS 0x00000000a7400000| PB 0x00000000a7300000| Untracked 
| 116|0x00000000a7400000, 0x00000000a7500000, 0x00000000a7500000|100%| O|  |TAMS 0x00000000a7500000| PB 0x00000000a7400000| Updating 
| 117|0x00000000a7500000, 0x00000000a7600000, 0x00000000a7600000|100%| O|  |TAMS 0x00000000a7600000| PB 0x00000000a7500000| Updating 
| 118|0x00000000a7600000, 0x00000000a7700000, 0x00000000a7700000|100%| O|  |TAMS 0x00000000a7700000| PB 0x00000000a7600000| Updating 
| 119|0x00000000a7700000, 0x00000000a7800000, 0x00000000a7800000|100%| O|  |TAMS 0x00000000a7800000| PB 0x00000000a7700000| Untracked 
| 120|0x00000000a7800000, 0x00000000a7900000, 0x00000000a7900000|100%| O|  |TAMS 0x00000000a7900000| PB 0x00000000a7800000| Updating 
| 121|0x00000000a7900000, 0x00000000a7a00000, 0x00000000a7a00000|100%| O|  |TAMS 0x00000000a7a00000| PB 0x00000000a7900000| Untracked 
| 122|0x00000000a7a00000, 0x00000000a7b00000, 0x00000000a7b00000|100%| O|  |TAMS 0x00000000a7b00000| PB 0x00000000a7a00000| Updating 
| 123|0x00000000a7b00000, 0x00000000a7c00000, 0x00000000a7c00000|100%| O|  |TAMS 0x00000000a7c00000| PB 0x00000000a7b00000| Updating 
| 124|0x00000000a7c00000, 0x00000000a7d00000, 0x00000000a7d00000|100%| O|  |TAMS 0x00000000a7d00000| PB 0x00000000a7c00000| Updating 
| 125|0x00000000a7d00000, 0x00000000a7e00000, 0x00000000a7e00000|100%| O|  |TAMS 0x00000000a7e00000| PB 0x00000000a7d00000| Updating 
| 126|0x00000000a7e00000, 0x00000000a7f00000, 0x00000000a7f00000|100%| O|  |TAMS 0x00000000a7f00000| PB 0x00000000a7e00000| Untracked 
| 127|0x00000000a7f00000, 0x00000000a8000000, 0x00000000a8000000|100%| O|  |TAMS 0x00000000a8000000| PB 0x00000000a7f00000| Untracked 
| 128|0x00000000a8000000, 0x00000000a8100000, 0x00000000a8100000|100%| O|  |TAMS 0x00000000a8100000| PB 0x00000000a8000000| Untracked 
| 129|0x00000000a8100000, 0x00000000a8200000, 0x00000000a8200000|100%| O|  |TAMS 0x00000000a8200000| PB 0x00000000a8100000| Untracked 
| 130|0x00000000a8200000, 0x00000000a8300000, 0x00000000a8300000|100%| O|  |TAMS 0x00000000a8300000| PB 0x00000000a8200000| Untracked 
| 131|0x00000000a8300000, 0x00000000a8400000, 0x00000000a8400000|100%| O|  |TAMS 0x00000000a8400000| PB 0x00000000a8300000| Untracked 
| 132|0x00000000a8400000, 0x00000000a8500000, 0x00000000a8500000|100%| O|  |TAMS 0x00000000a8500000| PB 0x00000000a8400000| Updating 
| 133|0x00000000a8500000, 0x00000000a8600000, 0x00000000a8600000|100%| O|  |TAMS 0x00000000a8600000| PB 0x00000000a8500000| Updating 
| 134|0x00000000a8600000, 0x00000000a8700000, 0x00000000a8700000|100%| O|  |TAMS 0x00000000a8700000| PB 0x00000000a8600000| Updating 
| 135|0x00000000a8700000, 0x00000000a8800000, 0x00000000a8800000|100%| O|  |TAMS 0x00000000a8800000| PB 0x00000000a8700000| Updating 
| 136|0x00000000a8800000, 0x00000000a8900000, 0x00000000a8900000|100%| O|  |TAMS 0x00000000a8900000| PB 0x00000000a8800000| Untracked 
| 137|0x00000000a8900000, 0x00000000a8a00000, 0x00000000a8a00000|100%| O|  |TAMS 0x00000000a8a00000| PB 0x00000000a8900000| Untracked 
| 138|0x00000000a8a00000, 0x00000000a8b00000, 0x00000000a8b00000|100%| O|  |TAMS 0x00000000a8b00000| PB 0x00000000a8a00000| Updating 
| 139|0x00000000a8b00000, 0x00000000a8c00000, 0x00000000a8c00000|100%| O|  |TAMS 0x00000000a8c00000| PB 0x00000000a8b00000| Untracked 
| 140|0x00000000a8c00000, 0x00000000a8d00000, 0x00000000a8d00000|100%| O|  |TAMS 0x00000000a8d00000| PB 0x00000000a8c00000| Untracked 
| 141|0x00000000a8d00000, 0x00000000a8e00000, 0x00000000a8e00000|100%| O|  |TAMS 0x00000000a8e00000| PB 0x00000000a8d00000| Untracked 
| 142|0x00000000a8e00000, 0x00000000a8f00000, 0x00000000a8f00000|100%| O|  |TAMS 0x00000000a8f00000| PB 0x00000000a8e00000| Untracked 
| 143|0x00000000a8f00000, 0x00000000a9000000, 0x00000000a9000000|100%| O|  |TAMS 0x00000000a9000000| PB 0x00000000a8f00000| Updating 
| 144|0x00000000a9000000, 0x00000000a9100000, 0x00000000a9100000|100%| O|  |TAMS 0x00000000a9100000| PB 0x00000000a9000000| Untracked 
| 145|0x00000000a9100000, 0x00000000a9200000, 0x00000000a9200000|100%| O|  |TAMS 0x00000000a9200000| PB 0x00000000a9100000| Updating 
| 146|0x00000000a9200000, 0x00000000a9300000, 0x00000000a9300000|100%| O|  |TAMS 0x00000000a9300000| PB 0x00000000a9200000| Untracked 
| 147|0x00000000a9300000, 0x00000000a9300000, 0x00000000a9400000|  0%| F|  |TAMS 0x00000000a9300000| PB 0x00000000a9300000| Untracked 
| 148|0x00000000a9400000, 0x00000000a9500000, 0x00000000a9500000|100%| O|  |TAMS 0x00000000a9500000| PB 0x00000000a9400000| Updating 
| 149|0x00000000a9500000, 0x00000000a9600000, 0x00000000a9600000|100%| O|  |TAMS 0x00000000a9600000| PB 0x00000000a9500000| Updating 
| 150|0x00000000a9600000, 0x00000000a9700000, 0x00000000a9700000|100%| O|  |TAMS 0x00000000a9700000| PB 0x00000000a9600000| Updating 
| 151|0x00000000a9700000, 0x00000000a9800000, 0x00000000a9800000|100%| O|  |TAMS 0x00000000a9800000| PB 0x00000000a9700000| Updating 
| 152|0x00000000a9800000, 0x00000000a9900000, 0x00000000a9900000|100%| O|  |TAMS 0x00000000a9900000| PB 0x00000000a9800000| Untracked 
| 153|0x00000000a9900000, 0x00000000a9a00000, 0x00000000a9a00000|100%| O|  |TAMS 0x00000000a9a00000| PB 0x00000000a9900000| Updating 
| 154|0x00000000a9a00000, 0x00000000a9b00000, 0x00000000a9b00000|100%| O|  |TAMS 0x00000000a9b00000| PB 0x00000000a9a00000| Untracked 
| 155|0x00000000a9b00000, 0x00000000a9c00000, 0x00000000a9c00000|100%| O|  |TAMS 0x00000000a9c00000| PB 0x00000000a9b00000| Untracked 
| 156|0x00000000a9c00000, 0x00000000a9d00000, 0x00000000a9d00000|100%| O|  |TAMS 0x00000000a9d00000| PB 0x00000000a9c00000| Untracked 
| 157|0x00000000a9d00000, 0x00000000a9e00000, 0x00000000a9e00000|100%| O|  |TAMS 0x00000000a9e00000| PB 0x00000000a9d00000| Untracked 
| 158|0x00000000a9e00000, 0x00000000a9f00000, 0x00000000a9f00000|100%| O|  |TAMS 0x00000000a9f00000| PB 0x00000000a9e00000| Untracked 
| 159|0x00000000a9f00000, 0x00000000aa000000, 0x00000000aa000000|100%| O|  |TAMS 0x00000000aa000000| PB 0x00000000a9f00000| Untracked 
| 160|0x00000000aa000000, 0x00000000aa100000, 0x00000000aa100000|100%| O|  |TAMS 0x00000000aa100000| PB 0x00000000aa000000| Untracked 
| 161|0x00000000aa100000, 0x00000000aa200000, 0x00000000aa200000|100%| O|  |TAMS 0x00000000aa200000| PB 0x00000000aa100000| Untracked 
| 162|0x00000000aa200000, 0x00000000aa300000, 0x00000000aa300000|100%| O|  |TAMS 0x00000000aa300000| PB 0x00000000aa200000| Untracked 
| 163|0x00000000aa300000, 0x00000000aa400000, 0x00000000aa400000|100%| O|  |TAMS 0x00000000aa400000| PB 0x00000000aa300000| Untracked 
| 164|0x00000000aa400000, 0x00000000aa500000, 0x00000000aa500000|100%| O|  |TAMS 0x00000000aa500000| PB 0x00000000aa400000| Updating 
| 165|0x00000000aa500000, 0x00000000aa600000, 0x00000000aa600000|100%| O|  |TAMS 0x00000000aa600000| PB 0x00000000aa500000| Updating 
| 166|0x00000000aa600000, 0x00000000aa700000, 0x00000000aa700000|100%|HS|  |TAMS 0x00000000aa700000| PB 0x00000000aa600000| Complete 
| 167|0x00000000aa700000, 0x00000000aa800000, 0x00000000aa800000|100%|HC|  |TAMS 0x00000000aa800000| PB 0x00000000aa700000| Complete 
| 168|0x00000000aa800000, 0x00000000aa900000, 0x00000000aa900000|100%|HC|  |TAMS 0x00000000aa900000| PB 0x00000000aa800000| Complete 
| 169|0x00000000aa900000, 0x00000000aaa00000, 0x00000000aaa00000|100%|HC|  |TAMS 0x00000000aaa00000| PB 0x00000000aa900000| Complete 
| 170|0x00000000aaa00000, 0x00000000aab00000, 0x00000000aab00000|100%| O|  |TAMS 0x00000000aab00000| PB 0x00000000aaa00000| Untracked 
| 171|0x00000000aab00000, 0x00000000aac00000, 0x00000000aac00000|100%| O|  |TAMS 0x00000000aac00000| PB 0x00000000aab00000| Untracked 
| 172|0x00000000aac00000, 0x00000000aad00000, 0x00000000aad00000|100%| O|  |TAMS 0x00000000aad00000| PB 0x00000000aac00000| Untracked 
| 173|0x00000000aad00000, 0x00000000aae00000, 0x00000000aae00000|100%| O|  |TAMS 0x00000000aae00000| PB 0x00000000aad00000| Untracked 
| 174|0x00000000aae00000, 0x00000000aaf00000, 0x00000000aaf00000|100%| O|  |TAMS 0x00000000aaf00000| PB 0x00000000aaf00000| Untracked 
| 175|0x00000000aaf00000, 0x00000000ab000000, 0x00000000ab000000|100%| O|  |TAMS 0x00000000ab000000| PB 0x00000000aaf00000| Untracked 
| 176|0x00000000ab000000, 0x00000000ab100000, 0x00000000ab100000|100%| O|  |TAMS 0x00000000ab100000| PB 0x00000000ab100000| Untracked 
| 177|0x00000000ab100000, 0x00000000ab100000, 0x00000000ab200000|  0%| F|  |TAMS 0x00000000ab100000| PB 0x00000000ab100000| Untracked 
| 178|0x00000000ab200000, 0x00000000ab300000, 0x00000000ab300000|100%| O|  |TAMS 0x00000000ab300000| PB 0x00000000ab300000| Updating 
| 179|0x00000000ab300000, 0x00000000ab400000, 0x00000000ab400000|100%| O|  |TAMS 0x00000000ab400000| PB 0x00000000ab400000| Untracked 
| 180|0x00000000ab400000, 0x00000000ab500000, 0x00000000ab500000|100%| O|  |TAMS 0x00000000ab500000| PB 0x00000000ab500000| Untracked 
| 181|0x00000000ab500000, 0x00000000ab600000, 0x00000000ab600000|100%| O|  |TAMS 0x00000000ab600000| PB 0x00000000ab600000| Untracked 
| 182|0x00000000ab600000, 0x00000000ab600000, 0x00000000ab700000|  0%| F|  |TAMS 0x00000000ab600000| PB 0x00000000ab600000| Untracked 
| 183|0x00000000ab700000, 0x00000000ab800000, 0x00000000ab800000|100%| O|  |TAMS 0x00000000ab800000| PB 0x00000000ab800000| Updating 
| 184|0x00000000ab800000, 0x00000000ab900000, 0x00000000ab900000|100%| O|  |TAMS 0x00000000ab900000| PB 0x00000000ab900000| Updating 
| 185|0x00000000ab900000, 0x00000000aba00000, 0x00000000aba00000|100%| O|  |TAMS 0x00000000aba00000| PB 0x00000000aba00000| Updating 
| 186|0x00000000aba00000, 0x00000000abb00000, 0x00000000abb00000|100%| O|  |TAMS 0x00000000abb00000| PB 0x00000000abb00000| Updating 
| 187|0x00000000abb00000, 0x00000000abc00000, 0x00000000abc00000|100%| O|  |TAMS 0x00000000abc00000| PB 0x00000000abc00000| Updating 
| 188|0x00000000abc00000, 0x00000000abd00000, 0x00000000abd00000|100%| O|  |TAMS 0x00000000abd00000| PB 0x00000000abd00000| Untracked 
| 189|0x00000000abd00000, 0x00000000abe00000, 0x00000000abe00000|100%| O|  |TAMS 0x00000000abe00000| PB 0x00000000abe00000| Updating 
| 190|0x00000000abe00000, 0x00000000abf00000, 0x00000000abf00000|100%| O|  |TAMS 0x00000000abf00000| PB 0x00000000abf00000| Untracked 
| 191|0x00000000abf00000, 0x00000000ac000000, 0x00000000ac000000|100%| O|  |TAMS 0x00000000ac000000| PB 0x00000000ac000000| Untracked 
| 192|0x00000000ac000000, 0x00000000ac100000, 0x00000000ac100000|100%| O|  |TAMS 0x00000000ac100000| PB 0x00000000ac100000| Untracked 
| 193|0x00000000ac100000, 0x00000000ac200000, 0x00000000ac200000|100%| O|  |TAMS 0x00000000ac200000| PB 0x00000000ac200000| Untracked 
| 194|0x00000000ac200000, 0x00000000ac200000, 0x00000000ac300000|  0%| F|  |TAMS 0x00000000ac200000| PB 0x00000000ac200000| Untracked 
| 195|0x00000000ac300000, 0x00000000ac300000, 0x00000000ac400000|  0%| F|  |TAMS 0x00000000ac300000| PB 0x00000000ac300000| Untracked 
| 196|0x00000000ac400000, 0x00000000ac500000, 0x00000000ac500000|100%| O|  |TAMS 0x00000000ac500000| PB 0x00000000ac500000| Updating 
| 197|0x00000000ac500000, 0x00000000ac600000, 0x00000000ac600000|100%| O|  |TAMS 0x00000000ac600000| PB 0x00000000ac600000| Updating 
| 198|0x00000000ac600000, 0x00000000ac700000, 0x00000000ac700000|100%| O|  |TAMS 0x00000000ac700000| PB 0x00000000ac700000| Updating 
| 199|0x00000000ac700000, 0x00000000ac700000, 0x00000000ac800000|  0%| F|  |TAMS 0x00000000ac700000| PB 0x00000000ac700000| Untracked 
| 200|0x00000000ac800000, 0x00000000ac800000, 0x00000000ac900000|  0%| F|  |TAMS 0x00000000ac800000| PB 0x00000000ac800000| Untracked 
| 201|0x00000000ac900000, 0x00000000aca00000, 0x00000000aca00000|100%| O|  |TAMS 0x00000000aca00000| PB 0x00000000aca00000| Updating 
| 202|0x00000000aca00000, 0x00000000acb00000, 0x00000000acb00000|100%| O|  |TAMS 0x00000000acb00000| PB 0x00000000acb00000| Updating 
| 203|0x00000000acb00000, 0x00000000acb00000, 0x00000000acc00000|  0%| F|  |TAMS 0x00000000acb00000| PB 0x00000000acb00000| Untracked 
| 204|0x00000000acc00000, 0x00000000acc00000, 0x00000000acd00000|  0%| F|  |TAMS 0x00000000acc00000| PB 0x00000000acc00000| Untracked 
| 205|0x00000000acd00000, 0x00000000acd00000, 0x00000000ace00000|  0%| F|  |TAMS 0x00000000acd00000| PB 0x00000000acd00000| Untracked 
| 206|0x00000000ace00000, 0x00000000ace00000, 0x00000000acf00000|  0%| F|  |TAMS 0x00000000ace00000| PB 0x00000000ace00000| Untracked 
| 207|0x00000000acf00000, 0x00000000acf00000, 0x00000000ad000000|  0%| F|  |TAMS 0x00000000acf00000| PB 0x00000000acf00000| Untracked 
| 208|0x00000000ad000000, 0x00000000ad000000, 0x00000000ad100000|  0%| F|  |TAMS 0x00000000ad000000| PB 0x00000000ad000000| Untracked 
| 209|0x00000000ad100000, 0x00000000ad100000, 0x00000000ad200000|  0%| F|  |TAMS 0x00000000ad100000| PB 0x00000000ad100000| Untracked 
| 210|0x00000000ad200000, 0x00000000ad300000, 0x00000000ad300000|100%| O|  |TAMS 0x00000000ad300000| PB 0x00000000ad300000| Updating 
| 211|0x00000000ad300000, 0x00000000ad300000, 0x00000000ad400000|  0%| F|  |TAMS 0x00000000ad300000| PB 0x00000000ad300000| Untracked 
| 212|0x00000000ad400000, 0x00000000ad500000, 0x00000000ad500000|100%| O|  |TAMS 0x00000000ad500000| PB 0x00000000ad500000| Updating 
| 213|0x00000000ad500000, 0x00000000ad600000, 0x00000000ad600000|100%| O|  |TAMS 0x00000000ad600000| PB 0x00000000ad600000| Updating 
| 214|0x00000000ad600000, 0x00000000ad700000, 0x00000000ad700000|100%| O|  |TAMS 0x00000000ad700000| PB 0x00000000ad700000| Updating 
| 215|0x00000000ad700000, 0x00000000ad700000, 0x00000000ad800000|  0%| F|  |TAMS 0x00000000ad700000| PB 0x00000000ad700000| Untracked 
| 216|0x00000000ad800000, 0x00000000ad800000, 0x00000000ad900000|  0%| F|  |TAMS 0x00000000ad800000| PB 0x00000000ad800000| Untracked 
| 217|0x00000000ad900000, 0x00000000ada00000, 0x00000000ada00000|100%| O|  |TAMS 0x00000000ada00000| PB 0x00000000ada00000| Updating 
| 218|0x00000000ada00000, 0x00000000adb00000, 0x00000000adb00000|100%| O|  |TAMS 0x00000000adb00000| PB 0x00000000adb00000| Updating 
| 219|0x00000000adb00000, 0x00000000adc00000, 0x00000000adc00000|100%| O|  |TAMS 0x00000000adc00000| PB 0x00000000adc00000| Updating 
| 220|0x00000000adc00000, 0x00000000add00000, 0x00000000add00000|100%| O|  |TAMS 0x00000000add00000| PB 0x00000000add00000| Updating 
| 221|0x00000000add00000, 0x00000000add00000, 0x00000000ade00000|  0%| F|  |TAMS 0x00000000add00000| PB 0x00000000add00000| Untracked 
| 222|0x00000000ade00000, 0x00000000ade00000, 0x00000000adf00000|  0%| F|  |TAMS 0x00000000ade00000| PB 0x00000000ade00000| Untracked 
| 223|0x00000000adf00000, 0x00000000adf00000, 0x00000000ae000000|  0%| F|  |TAMS 0x00000000adf00000| PB 0x00000000adf00000| Untracked 
| 224|0x00000000ae000000, 0x00000000ae100000, 0x00000000ae100000|100%| O|  |TAMS 0x00000000ae100000| PB 0x00000000ae100000| Updating 
| 225|0x00000000ae100000, 0x00000000ae200000, 0x00000000ae200000|100%| O|  |TAMS 0x00000000ae200000| PB 0x00000000ae200000| Updating 
| 226|0x00000000ae200000, 0x00000000ae300000, 0x00000000ae300000|100%| O|  |TAMS 0x00000000ae300000| PB 0x00000000ae300000| Updating 
| 227|0x00000000ae300000, 0x00000000ae400000, 0x00000000ae400000|100%| O|  |TAMS 0x00000000ae400000| PB 0x00000000ae400000| Updating 
| 228|0x00000000ae400000, 0x00000000ae500000, 0x00000000ae500000|100%| O|  |TAMS 0x00000000ae500000| PB 0x00000000ae500000| Updating 
| 229|0x00000000ae500000, 0x00000000ae600000, 0x00000000ae600000|100%| O|  |TAMS 0x00000000ae600000| PB 0x00000000ae600000| Updating 
| 230|0x00000000ae600000, 0x00000000ae700000, 0x00000000ae700000|100%| O|  |TAMS 0x00000000ae700000| PB 0x00000000ae700000| Updating 
| 231|0x00000000ae700000, 0x00000000ae800000, 0x00000000ae800000|100%| O|  |TAMS 0x00000000ae800000| PB 0x00000000ae800000| Updating 
| 232|0x00000000ae800000, 0x00000000ae900000, 0x00000000ae900000|100%| O|  |TAMS 0x00000000ae900000| PB 0x00000000ae900000| Updating 
| 233|0x00000000ae900000, 0x00000000aea00000, 0x00000000aea00000|100%| O|  |TAMS 0x00000000aea00000| PB 0x00000000aea00000| Untracked 
| 234|0x00000000aea00000, 0x00000000aea00000, 0x00000000aeb00000|  0%| F|  |TAMS 0x00000000aea00000| PB 0x00000000aea00000| Untracked 
| 235|0x00000000aeb00000, 0x00000000aec00000, 0x00000000aec00000|100%| O|  |TAMS 0x00000000aec00000| PB 0x00000000aec00000| Updating 
| 236|0x00000000aec00000, 0x00000000aec00000, 0x00000000aed00000|  0%| F|  |TAMS 0x00000000aec00000| PB 0x00000000aec00000| Untracked 
| 237|0x00000000aed00000, 0x00000000aee00000, 0x00000000aee00000|100%| O|  |TAMS 0x00000000aee00000| PB 0x00000000aee00000| Updating 
| 238|0x00000000aee00000, 0x00000000aef00000, 0x00000000aef00000|100%| O|  |TAMS 0x00000000aef00000| PB 0x00000000aef00000| Updating 
| 239|0x00000000aef00000, 0x00000000af000000, 0x00000000af000000|100%| O|  |TAMS 0x00000000af000000| PB 0x00000000af000000| Updating 
| 240|0x00000000af000000, 0x00000000af100000, 0x00000000af100000|100%| O|  |TAMS 0x00000000af100000| PB 0x00000000af100000| Updating 
| 241|0x00000000af100000, 0x00000000af200000, 0x00000000af200000|100%| O|  |TAMS 0x00000000af200000| PB 0x00000000af200000| Updating 
| 242|0x00000000af200000, 0x00000000af300000, 0x00000000af300000|100%| O|  |TAMS 0x00000000af300000| PB 0x00000000af300000| Untracked 
| 243|0x00000000af300000, 0x00000000af400000, 0x00000000af400000|100%| O|  |TAMS 0x00000000af400000| PB 0x00000000af400000| Updating 
| 244|0x00000000af400000, 0x00000000af500000, 0x00000000af500000|100%| O|  |TAMS 0x00000000af500000| PB 0x00000000af500000| Untracked 
| 245|0x00000000af500000, 0x00000000af600000, 0x00000000af600000|100%| O|  |TAMS 0x00000000af600000| PB 0x00000000af600000| Updating 
| 246|0x00000000af600000, 0x00000000af700000, 0x00000000af700000|100%| O|  |TAMS 0x00000000af700000| PB 0x00000000af700000| Updating 
| 247|0x00000000af700000, 0x00000000af800000, 0x00000000af800000|100%| O|  |TAMS 0x00000000af800000| PB 0x00000000af800000| Updating 
| 248|0x00000000af800000, 0x00000000af900000, 0x00000000af900000|100%| O|  |TAMS 0x00000000af900000| PB 0x00000000af900000| Updating 
| 249|0x00000000af900000, 0x00000000afa00000, 0x00000000afa00000|100%| O|  |TAMS 0x00000000afa00000| PB 0x00000000afa00000| Updating 
| 250|0x00000000afa00000, 0x00000000afb00000, 0x00000000afb00000|100%| O|  |TAMS 0x00000000afb00000| PB 0x00000000afb00000| Updating 
| 251|0x00000000afb00000, 0x00000000afc00000, 0x00000000afc00000|100%| O|  |TAMS 0x00000000afc00000| PB 0x00000000afc00000| Updating 
| 252|0x00000000afc00000, 0x00000000afc00000, 0x00000000afd00000|  0%| F|  |TAMS 0x00000000afc00000| PB 0x00000000afc00000| Untracked 
| 253|0x00000000afd00000, 0x00000000afe00000, 0x00000000afe00000|100%| O|  |TAMS 0x00000000afe00000| PB 0x00000000afe00000| Updating 
| 254|0x00000000afe00000, 0x00000000aff00000, 0x00000000aff00000|100%| O|  |TAMS 0x00000000aff00000| PB 0x00000000aff00000| Updating 
| 255|0x00000000aff00000, 0x00000000b0000000, 0x00000000b0000000|100%| O|  |TAMS 0x00000000b0000000| PB 0x00000000b0000000| Updating 
| 256|0x00000000b0000000, 0x00000000b0100000, 0x00000000b0100000|100%| O|  |TAMS 0x00000000b0100000| PB 0x00000000b0100000| Updating 
| 257|0x00000000b0100000, 0x00000000b0100000, 0x00000000b0200000|  0%| F|  |TAMS 0x00000000b0100000| PB 0x00000000b0100000| Untracked 
| 258|0x00000000b0200000, 0x00000000b0300000, 0x00000000b0300000|100%| O|  |TAMS 0x00000000b0300000| PB 0x00000000b0300000| Updating 
| 259|0x00000000b0300000, 0x00000000b0400000, 0x00000000b0400000|100%| O|  |TAMS 0x00000000b0400000| PB 0x00000000b0400000| Updating 
| 260|0x00000000b0400000, 0x00000000b0500000, 0x00000000b0500000|100%| O|  |TAMS 0x00000000b0500000| PB 0x00000000b0500000| Updating 
| 261|0x00000000b0500000, 0x00000000b0600000, 0x00000000b0600000|100%| O|  |TAMS 0x00000000b0600000| PB 0x00000000b0600000| Updating 
| 262|0x00000000b0600000, 0x00000000b0600000, 0x00000000b0700000|  0%| F|  |TAMS 0x00000000b0600000| PB 0x00000000b0600000| Untracked 
| 263|0x00000000b0700000, 0x00000000b0800000, 0x00000000b0800000|100%| O|  |TAMS 0x00000000b0800000| PB 0x00000000b0800000| Updating 
| 264|0x00000000b0800000, 0x00000000b0900000, 0x00000000b0900000|100%| O|  |TAMS 0x00000000b0900000| PB 0x00000000b0900000| Updating 
| 265|0x00000000b0900000, 0x00000000b0900000, 0x00000000b0a00000|  0%| F|  |TAMS 0x00000000b0900000| PB 0x00000000b0900000| Untracked 
| 266|0x00000000b0a00000, 0x00000000b0a00000, 0x00000000b0b00000|  0%| F|  |TAMS 0x00000000b0a00000| PB 0x00000000b0a00000| Untracked 
| 267|0x00000000b0b00000, 0x00000000b0c00000, 0x00000000b0c00000|100%| O|  |TAMS 0x00000000b0c00000| PB 0x00000000b0c00000| Updating 
| 268|0x00000000b0c00000, 0x00000000b0d00000, 0x00000000b0d00000|100%| O|  |TAMS 0x00000000b0d00000| PB 0x00000000b0d00000| Updating 
| 269|0x00000000b0d00000, 0x00000000b0d00000, 0x00000000b0e00000|  0%| F|  |TAMS 0x00000000b0d00000| PB 0x00000000b0d00000| Untracked 
| 270|0x00000000b0e00000, 0x00000000b0f00000, 0x00000000b0f00000|100%| O|  |TAMS 0x00000000b0f00000| PB 0x00000000b0f00000| Updating 
| 271|0x00000000b0f00000, 0x00000000b1000000, 0x00000000b1000000|100%| O|  |TAMS 0x00000000b1000000| PB 0x00000000b1000000| Updating 
| 272|0x00000000b1000000, 0x00000000b1100000, 0x00000000b1100000|100%| O|  |TAMS 0x00000000b1100000| PB 0x00000000b1100000| Updating 
| 273|0x00000000b1100000, 0x00000000b1200000, 0x00000000b1200000|100%| O|  |TAMS 0x00000000b1200000| PB 0x00000000b1200000| Updating 
| 274|0x00000000b1200000, 0x00000000b1300000, 0x00000000b1300000|100%| O|  |TAMS 0x00000000b1300000| PB 0x00000000b1300000| Updating 
| 275|0x00000000b1300000, 0x00000000b1400000, 0x00000000b1400000|100%| O|  |TAMS 0x00000000b1400000| PB 0x00000000b1400000| Updating 
| 276|0x00000000b1400000, 0x00000000b1500000, 0x00000000b1500000|100%| O|  |TAMS 0x00000000b1500000| PB 0x00000000b1500000| Updating 
| 277|0x00000000b1500000, 0x00000000b1600000, 0x00000000b1600000|100%| O|  |TAMS 0x00000000b1600000| PB 0x00000000b1600000| Updating 
| 278|0x00000000b1600000, 0x00000000b1700000, 0x00000000b1700000|100%| O|  |TAMS 0x00000000b1700000| PB 0x00000000b1700000| Updating 
| 279|0x00000000b1700000, 0x00000000b1800000, 0x00000000b1800000|100%| O|  |TAMS 0x00000000b1800000| PB 0x00000000b1800000| Updating 
| 280|0x00000000b1800000, 0x00000000b1900000, 0x00000000b1900000|100%| O|  |TAMS 0x00000000b1900000| PB 0x00000000b1900000| Updating 
| 281|0x00000000b1900000, 0x00000000b19550b0, 0x00000000b1a00000| 33%| O|  |TAMS 0x00000000b19550b0| PB 0x00000000b19550b0| Updating 
| 282|0x00000000b1a00000, 0x00000000b1b00000, 0x00000000b1b00000|100%| O|  |TAMS 0x00000000b1b00000| PB 0x00000000b1b00000| Updating 
| 283|0x00000000b1b00000, 0x00000000b1c00000, 0x00000000b1c00000|100%| O|  |TAMS 0x00000000b1c00000| PB 0x00000000b1c00000| Updating 
| 284|0x00000000b1c00000, 0x00000000b1c00000, 0x00000000b1d00000|  0%| F|  |TAMS 0x00000000b1c00000| PB 0x00000000b1c00000| Untracked 
| 285|0x00000000b1d00000, 0x00000000b1d00000, 0x00000000b1e00000|  0%| F|  |TAMS 0x00000000b1d00000| PB 0x00000000b1d00000| Untracked 
| 286|0x00000000b1e00000, 0x00000000b1f00000, 0x00000000b1f00000|100%| O|  |TAMS 0x00000000b1f00000| PB 0x00000000b1f00000| Updating 
| 287|0x00000000b1f00000, 0x00000000b2000000, 0x00000000b2000000|100%| O|  |TAMS 0x00000000b2000000| PB 0x00000000b2000000| Updating 
| 288|0x00000000b2000000, 0x00000000b2000000, 0x00000000b2100000|  0%| F|  |TAMS 0x00000000b2000000| PB 0x00000000b2000000| Untracked 
| 289|0x00000000b2100000, 0x00000000b219cc00, 0x00000000b2200000| 61%| S|CS|TAMS 0x00000000b2100000| PB 0x00000000b2100000| Complete 
| 290|0x00000000b2200000, 0x00000000b2300000, 0x00000000b2300000|100%| S|CS|TAMS 0x00000000b2200000| PB 0x00000000b2200000| Complete 
| 291|0x00000000b2300000, 0x00000000b2400000, 0x00000000b2400000|100%| S|CS|TAMS 0x00000000b2300000| PB 0x00000000b2300000| Complete 
| 292|0x00000000b2400000, 0x00000000b2400000, 0x00000000b2500000|  0%| F|  |TAMS 0x00000000b2400000| PB 0x00000000b2400000| Untracked 
| 293|0x00000000b2500000, 0x00000000b2500000, 0x00000000b2600000|  0%| F|  |TAMS 0x00000000b2500000| PB 0x00000000b2500000| Untracked 
| 294|0x00000000b2600000, 0x00000000b2600000, 0x00000000b2700000|  0%| F|  |TAMS 0x00000000b2600000| PB 0x00000000b2600000| Untracked 
| 295|0x00000000b2700000, 0x00000000b2700000, 0x00000000b2800000|  0%| F|  |TAMS 0x00000000b2700000| PB 0x00000000b2700000| Untracked 
| 296|0x00000000b2800000, 0x00000000b2800000, 0x00000000b2900000|  0%| F|  |TAMS 0x00000000b2800000| PB 0x00000000b2800000| Untracked 
| 297|0x00000000b2900000, 0x00000000b2900000, 0x00000000b2a00000|  0%| F|  |TAMS 0x00000000b2900000| PB 0x00000000b2900000| Untracked 
| 298|0x00000000b2a00000, 0x00000000b2a00000, 0x00000000b2b00000|  0%| F|  |TAMS 0x00000000b2a00000| PB 0x00000000b2a00000| Untracked 
| 299|0x00000000b2b00000, 0x00000000b2b00000, 0x00000000b2c00000|  0%| F|  |TAMS 0x00000000b2b00000| PB 0x00000000b2b00000| Untracked 
| 300|0x00000000b2c00000, 0x00000000b2c00000, 0x00000000b2d00000|  0%| F|  |TAMS 0x00000000b2c00000| PB 0x00000000b2c00000| Untracked 
| 301|0x00000000b2d00000, 0x00000000b2d00000, 0x00000000b2e00000|  0%| F|  |TAMS 0x00000000b2d00000| PB 0x00000000b2d00000| Untracked 
| 302|0x00000000b2e00000, 0x00000000b2e00000, 0x00000000b2f00000|  0%| F|  |TAMS 0x00000000b2e00000| PB 0x00000000b2e00000| Untracked 
| 303|0x00000000b2f00000, 0x00000000b2f00000, 0x00000000b3000000|  0%| F|  |TAMS 0x00000000b2f00000| PB 0x00000000b2f00000| Untracked 
| 304|0x00000000b3000000, 0x00000000b3000000, 0x00000000b3100000|  0%| F|  |TAMS 0x00000000b3000000| PB 0x00000000b3000000| Untracked 
| 305|0x00000000b3100000, 0x00000000b3200000, 0x00000000b3200000|100%| S|CS|TAMS 0x00000000b3100000| PB 0x00000000b3100000| Complete 
| 306|0x00000000b3200000, 0x00000000b3300000, 0x00000000b3300000|100%| S|CS|TAMS 0x00000000b3200000| PB 0x00000000b3200000| Complete 
| 307|0x00000000b3300000, 0x00000000b3400000, 0x00000000b3400000|100%| S|CS|TAMS 0x00000000b3300000| PB 0x00000000b3300000| Complete 
| 308|0x00000000b3400000, 0x00000000b3500000, 0x00000000b3500000|100%| S|CS|TAMS 0x00000000b3400000| PB 0x00000000b3400000| Complete 
| 309|0x00000000b3500000, 0x00000000b3600000, 0x00000000b3600000|100%| S|CS|TAMS 0x00000000b3500000| PB 0x00000000b3500000| Complete 
| 310|0x00000000b3600000, 0x00000000b3700000, 0x00000000b3700000|100%| S|CS|TAMS 0x00000000b3600000| PB 0x00000000b3600000| Complete 
| 311|0x00000000b3700000, 0x00000000b3800000, 0x00000000b3800000|100%| S|CS|TAMS 0x00000000b3700000| PB 0x00000000b3700000| Complete 
| 312|0x00000000b3800000, 0x00000000b3900000, 0x00000000b3900000|100%| O|  |TAMS 0x00000000b3900000| PB 0x00000000b3900000| Updating 
| 313|0x00000000b3900000, 0x00000000b3a00000, 0x00000000b3a00000|100%| O|  |TAMS 0x00000000b3a00000| PB 0x00000000b3a00000| Updating 
| 314|0x00000000b3a00000, 0x00000000b3b00000, 0x00000000b3b00000|100%| O|  |TAMS 0x00000000b3b00000| PB 0x00000000b3b00000| Untracked 
| 315|0x00000000b3b00000, 0x00000000b3c00000, 0x00000000b3c00000|100%| O|  |TAMS 0x00000000b3c00000| PB 0x00000000b3c00000| Untracked 
| 316|0x00000000b3c00000, 0x00000000b3d00000, 0x00000000b3d00000|100%| O|  |TAMS 0x00000000b3d00000| PB 0x00000000b3d00000| Untracked 
| 317|0x00000000b3d00000, 0x00000000b3e00000, 0x00000000b3e00000|100%| O|  |TAMS 0x00000000b3e00000| PB 0x00000000b3e00000| Untracked 
| 318|0x00000000b3e00000, 0x00000000b3f00000, 0x00000000b3f00000|100%| S|CS|TAMS 0x00000000b3e00000| PB 0x00000000b3e00000| Complete 
| 319|0x00000000b3f00000, 0x00000000b4000000, 0x00000000b4000000|100%| O|  |TAMS 0x00000000b4000000| PB 0x00000000b4000000| Untracked 
| 320|0x00000000b4000000, 0x00000000b4100000, 0x00000000b4100000|100%| O|  |TAMS 0x00000000b4100000| PB 0x00000000b4100000| Untracked 
| 321|0x00000000b4100000, 0x00000000b4200000, 0x00000000b4200000|100%| O|  |TAMS 0x00000000b4200000| PB 0x00000000b4200000| Untracked 
| 322|0x00000000b4200000, 0x00000000b4300000, 0x00000000b4300000|100%| O|  |TAMS 0x00000000b4300000| PB 0x00000000b4300000| Untracked 
| 323|0x00000000b4300000, 0x00000000b4400000, 0x00000000b4400000|100%| O|  |TAMS 0x00000000b4400000| PB 0x00000000b4400000| Untracked 
| 324|0x00000000b4400000, 0x00000000b4500000, 0x00000000b4500000|100%| O|  |TAMS 0x00000000b4500000| PB 0x00000000b4500000| Untracked 
| 325|0x00000000b4500000, 0x00000000b4600000, 0x00000000b4600000|100%| O|  |TAMS 0x00000000b4600000| PB 0x00000000b4600000| Untracked 
| 326|0x00000000b4600000, 0x00000000b4700000, 0x00000000b4700000|100%| O|  |TAMS 0x00000000b4700000| PB 0x00000000b4700000| Untracked 
| 327|0x00000000b4700000, 0x00000000b4800000, 0x00000000b4800000|100%| O|  |TAMS 0x00000000b4800000| PB 0x00000000b4800000| Untracked 
| 328|0x00000000b4800000, 0x00000000b4900000, 0x00000000b4900000|100%| O|  |TAMS 0x00000000b4900000| PB 0x00000000b4900000| Untracked 
| 329|0x00000000b4900000, 0x00000000b4a00000, 0x00000000b4a00000|100%| O|  |TAMS 0x00000000b4a00000| PB 0x00000000b4a00000| Untracked 
| 330|0x00000000b4a00000, 0x00000000b4b00000, 0x00000000b4b00000|100%| O|  |TAMS 0x00000000b4b00000| PB 0x00000000b4b00000| Updating 
| 331|0x00000000b4b00000, 0x00000000b4c00000, 0x00000000b4c00000|100%| O|  |TAMS 0x00000000b4c00000| PB 0x00000000b4c00000| Untracked 
| 332|0x00000000b4c00000, 0x00000000b4d00000, 0x00000000b4d00000|100%| O|  |TAMS 0x00000000b4d00000| PB 0x00000000b4d00000| Untracked 
| 333|0x00000000b4d00000, 0x00000000b4e00000, 0x00000000b4e00000|100%| O|  |TAMS 0x00000000b4e00000| PB 0x00000000b4e00000| Untracked 
| 334|0x00000000b4e00000, 0x00000000b4f00000, 0x00000000b4f00000|100%| S|CS|TAMS 0x00000000b4e00000| PB 0x00000000b4e00000| Complete 
| 335|0x00000000b4f00000, 0x00000000b5000000, 0x00000000b5000000|100%| S|CS|TAMS 0x00000000b4f00000| PB 0x00000000b4f00000| Complete 
| 336|0x00000000b5000000, 0x00000000b5100000, 0x00000000b5100000|100%| S|CS|TAMS 0x00000000b5000000| PB 0x00000000b5000000| Complete 
| 337|0x00000000b5100000, 0x00000000b5100000, 0x00000000b5200000|  0%| F|  |TAMS 0x00000000b5100000| PB 0x00000000b5100000| Untracked 
| 338|0x00000000b5200000, 0x00000000b5200000, 0x00000000b5300000|  0%| F|  |TAMS 0x00000000b5200000| PB 0x00000000b5200000| Untracked 
| 339|0x00000000b5300000, 0x00000000b5300000, 0x00000000b5400000|  0%| F|  |TAMS 0x00000000b5300000| PB 0x00000000b5300000| Untracked 
| 340|0x00000000b5400000, 0x00000000b5400000, 0x00000000b5500000|  0%| F|  |TAMS 0x00000000b5400000| PB 0x00000000b5400000| Untracked 
| 341|0x00000000b5500000, 0x00000000b5500000, 0x00000000b5600000|  0%| F|  |TAMS 0x00000000b5500000| PB 0x00000000b5500000| Untracked 
| 342|0x00000000b5600000, 0x00000000b5600000, 0x00000000b5700000|  0%| F|  |TAMS 0x00000000b5600000| PB 0x00000000b5600000| Untracked 
| 343|0x00000000b5700000, 0x00000000b5700000, 0x00000000b5800000|  0%| F|  |TAMS 0x00000000b5700000| PB 0x00000000b5700000| Untracked 
| 344|0x00000000b5800000, 0x00000000b5800000, 0x00000000b5900000|  0%| F|  |TAMS 0x00000000b5800000| PB 0x00000000b5800000| Untracked 
| 345|0x00000000b5900000, 0x00000000b5900000, 0x00000000b5a00000|  0%| F|  |TAMS 0x00000000b5900000| PB 0x00000000b5900000| Untracked 
| 346|0x00000000b5a00000, 0x00000000b5a00000, 0x00000000b5b00000|  0%| F|  |TAMS 0x00000000b5a00000| PB 0x00000000b5a00000| Untracked 
| 347|0x00000000b5b00000, 0x00000000b5b00000, 0x00000000b5c00000|  0%| F|  |TAMS 0x00000000b5b00000| PB 0x00000000b5b00000| Untracked 
| 348|0x00000000b5c00000, 0x00000000b5c00000, 0x00000000b5d00000|  0%| F|  |TAMS 0x00000000b5c00000| PB 0x00000000b5c00000| Untracked 
| 349|0x00000000b5d00000, 0x00000000b5d00000, 0x00000000b5e00000|  0%| F|  |TAMS 0x00000000b5d00000| PB 0x00000000b5d00000| Untracked 
| 350|0x00000000b5e00000, 0x00000000b5e00000, 0x00000000b5f00000|  0%| F|  |TAMS 0x00000000b5e00000| PB 0x00000000b5e00000| Untracked 
| 351|0x00000000b5f00000, 0x00000000b5f00000, 0x00000000b6000000|  0%| F|  |TAMS 0x00000000b5f00000| PB 0x00000000b5f00000| Untracked 
| 352|0x00000000b6000000, 0x00000000b6000000, 0x00000000b6100000|  0%| F|  |TAMS 0x00000000b6000000| PB 0x00000000b6000000| Untracked 
| 353|0x00000000b6100000, 0x00000000b6100000, 0x00000000b6200000|  0%| F|  |TAMS 0x00000000b6100000| PB 0x00000000b6100000| Untracked 
| 354|0x00000000b6200000, 0x00000000b6200000, 0x00000000b6300000|  0%| F|  |TAMS 0x00000000b6200000| PB 0x00000000b6200000| Untracked 
| 355|0x00000000b6300000, 0x00000000b6300000, 0x00000000b6400000|  0%| F|  |TAMS 0x00000000b6300000| PB 0x00000000b6300000| Untracked 
| 356|0x00000000b6400000, 0x00000000b6400000, 0x00000000b6500000|  0%| F|  |TAMS 0x00000000b6400000| PB 0x00000000b6400000| Untracked 
| 357|0x00000000b6500000, 0x00000000b6500000, 0x00000000b6600000|  0%| F|  |TAMS 0x00000000b6500000| PB 0x00000000b6500000| Untracked 
| 358|0x00000000b6600000, 0x00000000b6600000, 0x00000000b6700000|  0%| F|  |TAMS 0x00000000b6600000| PB 0x00000000b6600000| Untracked 
| 359|0x00000000b6700000, 0x00000000b6700000, 0x00000000b6800000|  0%| F|  |TAMS 0x00000000b6700000| PB 0x00000000b6700000| Untracked 
| 360|0x00000000b6800000, 0x00000000b6800000, 0x00000000b6900000|  0%| F|  |TAMS 0x00000000b6800000| PB 0x00000000b6800000| Untracked 
| 361|0x00000000b6900000, 0x00000000b6900000, 0x00000000b6a00000|  0%| F|  |TAMS 0x00000000b6900000| PB 0x00000000b6900000| Untracked 
| 362|0x00000000b6a00000, 0x00000000b6a00000, 0x00000000b6b00000|  0%| F|  |TAMS 0x00000000b6a00000| PB 0x00000000b6a00000| Untracked 
| 363|0x00000000b6b00000, 0x00000000b6b00000, 0x00000000b6c00000|  0%| F|  |TAMS 0x00000000b6b00000| PB 0x00000000b6b00000| Untracked 
| 364|0x00000000b6c00000, 0x00000000b6c00000, 0x00000000b6d00000|  0%| F|  |TAMS 0x00000000b6c00000| PB 0x00000000b6c00000| Untracked 
| 365|0x00000000b6d00000, 0x00000000b6d00000, 0x00000000b6e00000|  0%| F|  |TAMS 0x00000000b6d00000| PB 0x00000000b6d00000| Untracked 
| 366|0x00000000b6e00000, 0x00000000b6e00000, 0x00000000b6f00000|  0%| F|  |TAMS 0x00000000b6e00000| PB 0x00000000b6e00000| Untracked 
| 367|0x00000000b6f00000, 0x00000000b6f00000, 0x00000000b7000000|  0%| F|  |TAMS 0x00000000b6f00000| PB 0x00000000b6f00000| Untracked 
| 368|0x00000000b7000000, 0x00000000b7000000, 0x00000000b7100000|  0%| F|  |TAMS 0x00000000b7000000| PB 0x00000000b7000000| Untracked 
| 369|0x00000000b7100000, 0x00000000b7100000, 0x00000000b7200000|  0%| F|  |TAMS 0x00000000b7100000| PB 0x00000000b7100000| Untracked 
| 370|0x00000000b7200000, 0x00000000b7200000, 0x00000000b7300000|  0%| F|  |TAMS 0x00000000b7200000| PB 0x00000000b7200000| Untracked 
| 371|0x00000000b7300000, 0x00000000b7300000, 0x00000000b7400000|  0%| F|  |TAMS 0x00000000b7300000| PB 0x00000000b7300000| Untracked 
| 372|0x00000000b7400000, 0x00000000b7400000, 0x00000000b7500000|  0%| F|  |TAMS 0x00000000b7400000| PB 0x00000000b7400000| Untracked 
| 373|0x00000000b7500000, 0x00000000b7500000, 0x00000000b7600000|  0%| F|  |TAMS 0x00000000b7500000| PB 0x00000000b7500000| Untracked 
| 374|0x00000000b7600000, 0x00000000b7600000, 0x00000000b7700000|  0%| F|  |TAMS 0x00000000b7600000| PB 0x00000000b7600000| Untracked 
| 375|0x00000000b7700000, 0x00000000b7700000, 0x00000000b7800000|  0%| F|  |TAMS 0x00000000b7700000| PB 0x00000000b7700000| Untracked 
| 376|0x00000000b7800000, 0x00000000b7800000, 0x00000000b7900000|  0%| F|  |TAMS 0x00000000b7800000| PB 0x00000000b7800000| Untracked 
| 377|0x00000000b7900000, 0x00000000b7900000, 0x00000000b7a00000|  0%| F|  |TAMS 0x00000000b7900000| PB 0x00000000b7900000| Untracked 
| 378|0x00000000b7a00000, 0x00000000b7a00000, 0x00000000b7b00000|  0%| F|  |TAMS 0x00000000b7a00000| PB 0x00000000b7a00000| Untracked 
| 379|0x00000000b7b00000, 0x00000000b7b00000, 0x00000000b7c00000|  0%| F|  |TAMS 0x00000000b7b00000| PB 0x00000000b7b00000| Untracked 
| 380|0x00000000b7c00000, 0x00000000b7c00000, 0x00000000b7d00000|  0%| F|  |TAMS 0x00000000b7c00000| PB 0x00000000b7c00000| Untracked 
| 381|0x00000000b7d00000, 0x00000000b7d00000, 0x00000000b7e00000|  0%| F|  |TAMS 0x00000000b7d00000| PB 0x00000000b7d00000| Untracked 
| 382|0x00000000b7e00000, 0x00000000b7e00000, 0x00000000b7f00000|  0%| F|  |TAMS 0x00000000b7e00000| PB 0x00000000b7e00000| Untracked 
| 383|0x00000000b7f00000, 0x00000000b7f00000, 0x00000000b8000000|  0%| F|  |TAMS 0x00000000b7f00000| PB 0x00000000b7f00000| Untracked 
| 384|0x00000000b8000000, 0x00000000b8000000, 0x00000000b8100000|  0%| F|  |TAMS 0x00000000b8000000| PB 0x00000000b8000000| Untracked 
| 385|0x00000000b8100000, 0x00000000b8100000, 0x00000000b8200000|  0%| F|  |TAMS 0x00000000b8100000| PB 0x00000000b8100000| Untracked 
| 386|0x00000000b8200000, 0x00000000b8200000, 0x00000000b8300000|  0%| F|  |TAMS 0x00000000b8200000| PB 0x00000000b8200000| Untracked 
| 387|0x00000000b8300000, 0x00000000b8300000, 0x00000000b8400000|  0%| F|  |TAMS 0x00000000b8300000| PB 0x00000000b8300000| Untracked 
| 388|0x00000000b8400000, 0x00000000b8400000, 0x00000000b8500000|  0%| F|  |TAMS 0x00000000b8400000| PB 0x00000000b8400000| Untracked 
| 389|0x00000000b8500000, 0x00000000b8500000, 0x00000000b8600000|  0%| F|  |TAMS 0x00000000b8500000| PB 0x00000000b8500000| Untracked 
| 390|0x00000000b8600000, 0x00000000b8600000, 0x00000000b8700000|  0%| F|  |TAMS 0x00000000b8600000| PB 0x00000000b8600000| Untracked 
| 391|0x00000000b8700000, 0x00000000b8700000, 0x00000000b8800000|  0%| F|  |TAMS 0x00000000b8700000| PB 0x00000000b8700000| Untracked 
| 392|0x00000000b8800000, 0x00000000b8800000, 0x00000000b8900000|  0%| F|  |TAMS 0x00000000b8800000| PB 0x00000000b8800000| Untracked 
| 393|0x00000000b8900000, 0x00000000b8980000, 0x00000000b8a00000| 50%| E|  |TAMS 0x00000000b8900000| PB 0x00000000b8900000| Complete 
| 394|0x00000000b8a00000, 0x00000000b8b00000, 0x00000000b8b00000|100%| E|CS|TAMS 0x00000000b8a00000| PB 0x00000000b8a00000| Complete 
| 395|0x00000000b8b00000, 0x00000000b8c00000, 0x00000000b8c00000|100%| E|CS|TAMS 0x00000000b8b00000| PB 0x00000000b8b00000| Complete 
| 396|0x00000000b8c00000, 0x00000000b8d00000, 0x00000000b8d00000|100%| E|CS|TAMS 0x00000000b8c00000| PB 0x00000000b8c00000| Complete 
| 397|0x00000000b8d00000, 0x00000000b8e00000, 0x00000000b8e00000|100%| E|CS|TAMS 0x00000000b8d00000| PB 0x00000000b8d00000| Complete 
| 398|0x00000000b8e00000, 0x00000000b8f00000, 0x00000000b8f00000|100%| E|CS|TAMS 0x00000000b8e00000| PB 0x00000000b8e00000| Complete 
| 399|0x00000000b8f00000, 0x00000000b9000000, 0x00000000b9000000|100%| E|CS|TAMS 0x00000000b8f00000| PB 0x00000000b8f00000| Complete 
| 400|0x00000000b9000000, 0x00000000b9100000, 0x00000000b9100000|100%| E|CS|TAMS 0x00000000b9000000| PB 0x00000000b9000000| Complete 
| 401|0x00000000b9100000, 0x00000000b9200000, 0x00000000b9200000|100%| E|CS|TAMS 0x00000000b9100000| PB 0x00000000b9100000| Complete 
| 402|0x00000000b9200000, 0x00000000b9300000, 0x00000000b9300000|100%| E|CS|TAMS 0x00000000b9200000| PB 0x00000000b9200000| Complete 
| 403|0x00000000b9300000, 0x00000000b9400000, 0x00000000b9400000|100%| E|CS|TAMS 0x00000000b9300000| PB 0x00000000b9300000| Complete 
| 404|0x00000000b9400000, 0x00000000b9500000, 0x00000000b9500000|100%| E|CS|TAMS 0x00000000b9400000| PB 0x00000000b9400000| Complete 
| 405|0x00000000b9500000, 0x00000000b9600000, 0x00000000b9600000|100%| E|CS|TAMS 0x00000000b9500000| PB 0x00000000b9500000| Complete 
| 406|0x00000000b9600000, 0x00000000b9700000, 0x00000000b9700000|100%| E|CS|TAMS 0x00000000b9600000| PB 0x00000000b9600000| Complete 
| 407|0x00000000b9700000, 0x00000000b9800000, 0x00000000b9800000|100%| E|CS|TAMS 0x00000000b9700000| PB 0x00000000b9700000| Complete 
| 408|0x00000000b9800000, 0x00000000b9900000, 0x00000000b9900000|100%| E|CS|TAMS 0x00000000b9800000| PB 0x00000000b9800000| Complete 
| 409|0x00000000b9900000, 0x00000000b9a00000, 0x00000000b9a00000|100%| E|CS|TAMS 0x00000000b9900000| PB 0x00000000b9900000| Complete 
| 410|0x00000000b9a00000, 0x00000000b9b00000, 0x00000000b9b00000|100%| E|CS|TAMS 0x00000000b9a00000| PB 0x00000000b9a00000| Complete 
| 411|0x00000000b9b00000, 0x00000000b9c00000, 0x00000000b9c00000|100%| E|CS|TAMS 0x00000000b9b00000| PB 0x00000000b9b00000| Complete 
| 412|0x00000000b9c00000, 0x00000000b9d00000, 0x00000000b9d00000|100%| E|CS|TAMS 0x00000000b9c00000| PB 0x00000000b9c00000| Complete 
| 413|0x00000000b9d00000, 0x00000000b9e00000, 0x00000000b9e00000|100%| E|CS|TAMS 0x00000000b9d00000| PB 0x00000000b9d00000| Complete 
| 414|0x00000000b9e00000, 0x00000000b9f00000, 0x00000000b9f00000|100%| E|CS|TAMS 0x00000000b9e00000| PB 0x00000000b9e00000| Complete 
| 415|0x00000000b9f00000, 0x00000000ba000000, 0x00000000ba000000|100%| E|CS|TAMS 0x00000000b9f00000| PB 0x00000000b9f00000| Complete 
| 416|0x00000000ba000000, 0x00000000ba100000, 0x00000000ba100000|100%| E|CS|TAMS 0x00000000ba000000| PB 0x00000000ba000000| Complete 
| 417|0x00000000ba100000, 0x00000000ba200000, 0x00000000ba200000|100%| E|CS|TAMS 0x00000000ba100000| PB 0x00000000ba100000| Complete 
| 418|0x00000000ba200000, 0x00000000ba300000, 0x00000000ba300000|100%| E|CS|TAMS 0x00000000ba200000| PB 0x00000000ba200000| Complete 
| 419|0x00000000ba300000, 0x00000000ba400000, 0x00000000ba400000|100%| E|CS|TAMS 0x00000000ba300000| PB 0x00000000ba300000| Complete 
| 420|0x00000000ba400000, 0x00000000ba500000, 0x00000000ba500000|100%| E|CS|TAMS 0x00000000ba400000| PB 0x00000000ba400000| Complete 
| 421|0x00000000ba500000, 0x00000000ba600000, 0x00000000ba600000|100%| E|CS|TAMS 0x00000000ba500000| PB 0x00000000ba500000| Complete 
| 422|0x00000000ba600000, 0x00000000ba700000, 0x00000000ba700000|100%| E|CS|TAMS 0x00000000ba600000| PB 0x00000000ba600000| Complete 
| 423|0x00000000ba700000, 0x00000000ba800000, 0x00000000ba800000|100%| E|CS|TAMS 0x00000000ba700000| PB 0x00000000ba700000| Complete 
| 424|0x00000000ba800000, 0x00000000ba900000, 0x00000000ba900000|100%| E|CS|TAMS 0x00000000ba800000| PB 0x00000000ba800000| Complete 
| 425|0x00000000ba900000, 0x00000000baa00000, 0x00000000baa00000|100%| E|CS|TAMS 0x00000000ba900000| PB 0x00000000ba900000| Complete 
| 426|0x00000000baa00000, 0x00000000bab00000, 0x00000000bab00000|100%| E|CS|TAMS 0x00000000baa00000| PB 0x00000000baa00000| Complete 
| 427|0x00000000bab00000, 0x00000000bac00000, 0x00000000bac00000|100%| E|CS|TAMS 0x00000000bab00000| PB 0x00000000bab00000| Complete 
| 428|0x00000000bac00000, 0x00000000bad00000, 0x00000000bad00000|100%| E|CS|TAMS 0x00000000bac00000| PB 0x00000000bac00000| Complete 
| 429|0x00000000bad00000, 0x00000000bae00000, 0x00000000bae00000|100%| E|CS|TAMS 0x00000000bad00000| PB 0x00000000bad00000| Complete 
| 430|0x00000000bae00000, 0x00000000baf00000, 0x00000000baf00000|100%| E|CS|TAMS 0x00000000bae00000| PB 0x00000000bae00000| Complete 
| 431|0x00000000baf00000, 0x00000000bb000000, 0x00000000bb000000|100%| E|CS|TAMS 0x00000000baf00000| PB 0x00000000baf00000| Complete 
| 432|0x00000000bb000000, 0x00000000bb100000, 0x00000000bb100000|100%| E|CS|TAMS 0x00000000bb000000| PB 0x00000000bb000000| Complete 
| 433|0x00000000bb100000, 0x00000000bb200000, 0x00000000bb200000|100%| E|CS|TAMS 0x00000000bb100000| PB 0x00000000bb100000| Complete 
| 434|0x00000000bb200000, 0x00000000bb300000, 0x00000000bb300000|100%| E|CS|TAMS 0x00000000bb200000| PB 0x00000000bb200000| Complete 
| 435|0x00000000bb300000, 0x00000000bb400000, 0x00000000bb400000|100%| E|CS|TAMS 0x00000000bb300000| PB 0x00000000bb300000| Complete 
| 436|0x00000000bb400000, 0x00000000bb500000, 0x00000000bb500000|100%| E|CS|TAMS 0x00000000bb400000| PB 0x00000000bb400000| Complete 
| 437|0x00000000bb500000, 0x00000000bb600000, 0x00000000bb600000|100%| E|CS|TAMS 0x00000000bb500000| PB 0x00000000bb500000| Complete 
| 438|0x00000000bb600000, 0x00000000bb700000, 0x00000000bb700000|100%| E|CS|TAMS 0x00000000bb600000| PB 0x00000000bb600000| Complete 
| 439|0x00000000bb700000, 0x00000000bb800000, 0x00000000bb800000|100%| E|CS|TAMS 0x00000000bb700000| PB 0x00000000bb700000| Complete 
| 440|0x00000000bb800000, 0x00000000bb900000, 0x00000000bb900000|100%| E|CS|TAMS 0x00000000bb800000| PB 0x00000000bb800000| Complete 
| 441|0x00000000bb900000, 0x00000000bba00000, 0x00000000bba00000|100%| E|CS|TAMS 0x00000000bb900000| PB 0x00000000bb900000| Complete 
| 442|0x00000000bba00000, 0x00000000bbb00000, 0x00000000bbb00000|100%| E|CS|TAMS 0x00000000bba00000| PB 0x00000000bba00000| Complete 
| 443|0x00000000bbb00000, 0x00000000bbc00000, 0x00000000bbc00000|100%| E|CS|TAMS 0x00000000bbb00000| PB 0x00000000bbb00000| Complete 
| 444|0x00000000bbc00000, 0x00000000bbd00000, 0x00000000bbd00000|100%| E|CS|TAMS 0x00000000bbc00000| PB 0x00000000bbc00000| Complete 
| 445|0x00000000bbd00000, 0x00000000bbe00000, 0x00000000bbe00000|100%| E|CS|TAMS 0x00000000bbd00000| PB 0x00000000bbd00000| Complete 
| 446|0x00000000bbe00000, 0x00000000bbf00000, 0x00000000bbf00000|100%| E|CS|TAMS 0x00000000bbe00000| PB 0x00000000bbe00000| Complete 
| 447|0x00000000bbf00000, 0x00000000bc000000, 0x00000000bc000000|100%| E|CS|TAMS 0x00000000bbf00000| PB 0x00000000bbf00000| Complete 
| 448|0x00000000bc000000, 0x00000000bc100000, 0x00000000bc100000|100%| E|CS|TAMS 0x00000000bc000000| PB 0x00000000bc000000| Complete 
| 449|0x00000000bc100000, 0x00000000bc200000, 0x00000000bc200000|100%| E|CS|TAMS 0x00000000bc100000| PB 0x00000000bc100000| Complete 
| 450|0x00000000bc200000, 0x00000000bc300000, 0x00000000bc300000|100%| E|CS|TAMS 0x00000000bc200000| PB 0x00000000bc200000| Complete 
| 451|0x00000000bc300000, 0x00000000bc400000, 0x00000000bc400000|100%| E|CS|TAMS 0x00000000bc300000| PB 0x00000000bc300000| Complete 
| 452|0x00000000bc400000, 0x00000000bc500000, 0x00000000bc500000|100%| E|CS|TAMS 0x00000000bc400000| PB 0x00000000bc400000| Complete 
| 453|0x00000000bc500000, 0x00000000bc600000, 0x00000000bc600000|100%| E|CS|TAMS 0x00000000bc500000| PB 0x00000000bc500000| Complete 
| 454|0x00000000bc600000, 0x00000000bc700000, 0x00000000bc700000|100%| E|CS|TAMS 0x00000000bc600000| PB 0x00000000bc600000| Complete 
| 455|0x00000000bc700000, 0x00000000bc800000, 0x00000000bc800000|100%| E|CS|TAMS 0x00000000bc700000| PB 0x00000000bc700000| Complete 
| 456|0x00000000bc800000, 0x00000000bc900000, 0x00000000bc900000|100%| E|CS|TAMS 0x00000000bc800000| PB 0x00000000bc800000| Complete 
| 457|0x00000000bc900000, 0x00000000bca00000, 0x00000000bca00000|100%| E|CS|TAMS 0x00000000bc900000| PB 0x00000000bc900000| Complete 
| 458|0x00000000bca00000, 0x00000000bcb00000, 0x00000000bcb00000|100%| E|CS|TAMS 0x00000000bca00000| PB 0x00000000bca00000| Complete 
| 459|0x00000000bcb00000, 0x00000000bcc00000, 0x00000000bcc00000|100%| E|CS|TAMS 0x00000000bcb00000| PB 0x00000000bcb00000| Complete 
| 460|0x00000000bcc00000, 0x00000000bcd00000, 0x00000000bcd00000|100%| E|CS|TAMS 0x00000000bcc00000| PB 0x00000000bcc00000| Complete 
| 461|0x00000000bcd00000, 0x00000000bce00000, 0x00000000bce00000|100%| E|CS|TAMS 0x00000000bcd00000| PB 0x00000000bcd00000| Complete 
| 462|0x00000000bce00000, 0x00000000bcf00000, 0x00000000bcf00000|100%| E|CS|TAMS 0x00000000bce00000| PB 0x00000000bce00000| Complete 
| 463|0x00000000bcf00000, 0x00000000bd000000, 0x00000000bd000000|100%| E|CS|TAMS 0x00000000bcf00000| PB 0x00000000bcf00000| Complete 
| 464|0x00000000bd000000, 0x00000000bd100000, 0x00000000bd100000|100%| E|CS|TAMS 0x00000000bd000000| PB 0x00000000bd000000| Complete 
| 465|0x00000000bd100000, 0x00000000bd200000, 0x00000000bd200000|100%| E|CS|TAMS 0x00000000bd100000| PB 0x00000000bd100000| Complete 
| 466|0x00000000bd200000, 0x00000000bd300000, 0x00000000bd300000|100%| E|CS|TAMS 0x00000000bd200000| PB 0x00000000bd200000| Complete 
| 467|0x00000000bd300000, 0x00000000bd400000, 0x00000000bd400000|100%| E|CS|TAMS 0x00000000bd300000| PB 0x00000000bd300000| Complete 
| 468|0x00000000bd400000, 0x00000000bd500000, 0x00000000bd500000|100%| E|CS|TAMS 0x00000000bd400000| PB 0x00000000bd400000| Complete 
| 469|0x00000000bd500000, 0x00000000bd600000, 0x00000000bd600000|100%| E|CS|TAMS 0x00000000bd500000| PB 0x00000000bd500000| Complete 
| 470|0x00000000bd600000, 0x00000000bd700000, 0x00000000bd700000|100%| E|CS|TAMS 0x00000000bd600000| PB 0x00000000bd600000| Complete 
| 471|0x00000000bd700000, 0x00000000bd800000, 0x00000000bd800000|100%| E|CS|TAMS 0x00000000bd700000| PB 0x00000000bd700000| Complete 
| 472|0x00000000bd800000, 0x00000000bd900000, 0x00000000bd900000|100%| E|CS|TAMS 0x00000000bd800000| PB 0x00000000bd800000| Complete 
| 473|0x00000000bd900000, 0x00000000bda00000, 0x00000000bda00000|100%| E|CS|TAMS 0x00000000bd900000| PB 0x00000000bd900000| Complete 
| 474|0x00000000bda00000, 0x00000000bdb00000, 0x00000000bdb00000|100%| E|CS|TAMS 0x00000000bda00000| PB 0x00000000bda00000| Complete 
| 475|0x00000000bdb00000, 0x00000000bdc00000, 0x00000000bdc00000|100%| E|CS|TAMS 0x00000000bdb00000| PB 0x00000000bdb00000| Complete 
| 476|0x00000000bdc00000, 0x00000000bdd00000, 0x00000000bdd00000|100%| E|CS|TAMS 0x00000000bdc00000| PB 0x00000000bdc00000| Complete 
| 477|0x00000000bdd00000, 0x00000000bde00000, 0x00000000bde00000|100%| E|CS|TAMS 0x00000000bdd00000| PB 0x00000000bdd00000| Complete 
| 478|0x00000000bde00000, 0x00000000bdf00000, 0x00000000bdf00000|100%| E|CS|TAMS 0x00000000bde00000| PB 0x00000000bde00000| Complete 
| 479|0x00000000bdf00000, 0x00000000be000000, 0x00000000be000000|100%| E|CS|TAMS 0x00000000bdf00000| PB 0x00000000bdf00000| Complete 
| 480|0x00000000be000000, 0x00000000be100000, 0x00000000be100000|100%| E|CS|TAMS 0x00000000be000000| PB 0x00000000be000000| Complete 
| 481|0x00000000be100000, 0x00000000be200000, 0x00000000be200000|100%| E|CS|TAMS 0x00000000be100000| PB 0x00000000be100000| Complete 
| 482|0x00000000be200000, 0x00000000be300000, 0x00000000be300000|100%| E|CS|TAMS 0x00000000be200000| PB 0x00000000be200000| Complete 
| 483|0x00000000be300000, 0x00000000be400000, 0x00000000be400000|100%| E|CS|TAMS 0x00000000be300000| PB 0x00000000be300000| Complete 
| 484|0x00000000be400000, 0x00000000be500000, 0x00000000be500000|100%| E|CS|TAMS 0x00000000be400000| PB 0x00000000be400000| Complete 
| 485|0x00000000be500000, 0x00000000be600000, 0x00000000be600000|100%| E|CS|TAMS 0x00000000be500000| PB 0x00000000be500000| Complete 
| 486|0x00000000be600000, 0x00000000be700000, 0x00000000be700000|100%| E|CS|TAMS 0x00000000be600000| PB 0x00000000be600000| Complete 
| 487|0x00000000be700000, 0x00000000be800000, 0x00000000be800000|100%| E|CS|TAMS 0x00000000be700000| PB 0x00000000be700000| Complete 
| 488|0x00000000be800000, 0x00000000be900000, 0x00000000be900000|100%| E|CS|TAMS 0x00000000be800000| PB 0x00000000be800000| Complete 
| 489|0x00000000be900000, 0x00000000bea00000, 0x00000000bea00000|100%| E|CS|TAMS 0x00000000be900000| PB 0x00000000be900000| Complete 
| 490|0x00000000bea00000, 0x00000000beb00000, 0x00000000beb00000|100%| E|CS|TAMS 0x00000000bea00000| PB 0x00000000bea00000| Complete 
| 491|0x00000000beb00000, 0x00000000bec00000, 0x00000000bec00000|100%| E|CS|TAMS 0x00000000beb00000| PB 0x00000000beb00000| Complete 
| 492|0x00000000bec00000, 0x00000000bed00000, 0x00000000bed00000|100%| E|CS|TAMS 0x00000000bec00000| PB 0x00000000bec00000| Complete 
| 493|0x00000000bed00000, 0x00000000bee00000, 0x00000000bee00000|100%| E|CS|TAMS 0x00000000bed00000| PB 0x00000000bed00000| Complete 
| 494|0x00000000bee00000, 0x00000000bef00000, 0x00000000bef00000|100%| E|CS|TAMS 0x00000000bee00000| PB 0x00000000bee00000| Complete 
| 495|0x00000000bef00000, 0x00000000bf000000, 0x00000000bf000000|100%| E|CS|TAMS 0x00000000bef00000| PB 0x00000000bef00000| Complete 
| 496|0x00000000bf000000, 0x00000000bf100000, 0x00000000bf100000|100%| E|CS|TAMS 0x00000000bf000000| PB 0x00000000bf000000| Complete 
| 497|0x00000000bf100000, 0x00000000bf200000, 0x00000000bf200000|100%| E|CS|TAMS 0x00000000bf100000| PB 0x00000000bf100000| Complete 
| 498|0x00000000bf200000, 0x00000000bf300000, 0x00000000bf300000|100%| E|CS|TAMS 0x00000000bf200000| PB 0x00000000bf200000| Complete 
| 499|0x00000000bf300000, 0x00000000bf400000, 0x00000000bf400000|100%| E|CS|TAMS 0x00000000bf300000| PB 0x00000000bf300000| Complete 
| 500|0x00000000bf400000, 0x00000000bf500000, 0x00000000bf500000|100%| E|CS|TAMS 0x00000000bf400000| PB 0x00000000bf400000| Complete 
| 501|0x00000000bf500000, 0x00000000bf600000, 0x00000000bf600000|100%| E|CS|TAMS 0x00000000bf500000| PB 0x00000000bf500000| Complete 
| 502|0x00000000bf600000, 0x00000000bf700000, 0x00000000bf700000|100%| E|CS|TAMS 0x00000000bf600000| PB 0x00000000bf600000| Complete 
| 503|0x00000000bf700000, 0x00000000bf800000, 0x00000000bf800000|100%| E|CS|TAMS 0x00000000bf700000| PB 0x00000000bf700000| Complete 
| 504|0x00000000bf800000, 0x00000000bf900000, 0x00000000bf900000|100%| E|CS|TAMS 0x00000000bf800000| PB 0x00000000bf800000| Complete 
| 505|0x00000000bf900000, 0x00000000bfa00000, 0x00000000bfa00000|100%| E|CS|TAMS 0x00000000bf900000| PB 0x00000000bf900000| Complete 
| 506|0x00000000bfa00000, 0x00000000bfb00000, 0x00000000bfb00000|100%| E|CS|TAMS 0x00000000bfa00000| PB 0x00000000bfa00000| Complete 
| 507|0x00000000bfb00000, 0x00000000bfc00000, 0x00000000bfc00000|100%| E|CS|TAMS 0x00000000bfb00000| PB 0x00000000bfb00000| Complete 
| 508|0x00000000bfc00000, 0x00000000bfd00000, 0x00000000bfd00000|100%| E|CS|TAMS 0x00000000bfc00000| PB 0x00000000bfc00000| Complete 
| 509|0x00000000bfd00000, 0x00000000bfe00000, 0x00000000bfe00000|100%| E|CS|TAMS 0x00000000bfd00000| PB 0x00000000bfd00000| Complete 
| 510|0x00000000bfe00000, 0x00000000bff00000, 0x00000000bff00000|100%| E|CS|TAMS 0x00000000bfe00000| PB 0x00000000bfe00000| Complete 
| 511|0x00000000bff00000, 0x00000000c0000000, 0x00000000c0000000|100%| E|CS|TAMS 0x00000000bff00000| PB 0x00000000bff00000| Complete 
| 512|0x00000000c0000000, 0x00000000c0100000, 0x00000000c0100000|100%| E|CS|TAMS 0x00000000c0000000| PB 0x00000000c0000000| Complete 
| 513|0x00000000c0100000, 0x00000000c0200000, 0x00000000c0200000|100%| E|CS|TAMS 0x00000000c0100000| PB 0x00000000c0100000| Complete 
| 514|0x00000000c0200000, 0x00000000c0300000, 0x00000000c0300000|100%| E|CS|TAMS 0x00000000c0200000| PB 0x00000000c0200000| Complete 
| 515|0x00000000c0300000, 0x00000000c0400000, 0x00000000c0400000|100%| E|CS|TAMS 0x00000000c0300000| PB 0x00000000c0300000| Complete 
| 516|0x00000000c0400000, 0x00000000c0500000, 0x00000000c0500000|100%| E|CS|TAMS 0x00000000c0400000| PB 0x00000000c0400000| Complete 
| 517|0x00000000c0500000, 0x00000000c0600000, 0x00000000c0600000|100%| E|CS|TAMS 0x00000000c0500000| PB 0x00000000c0500000| Complete 
| 518|0x00000000c0600000, 0x00000000c0700000, 0x00000000c0700000|100%| E|CS|TAMS 0x00000000c0600000| PB 0x00000000c0600000| Complete 
| 519|0x00000000c0700000, 0x00000000c0800000, 0x00000000c0800000|100%| E|CS|TAMS 0x00000000c0700000| PB 0x00000000c0700000| Complete 
| 520|0x00000000c0800000, 0x00000000c0900000, 0x00000000c0900000|100%| E|CS|TAMS 0x00000000c0800000| PB 0x00000000c0800000| Complete 
| 521|0x00000000c0900000, 0x00000000c0a00000, 0x00000000c0a00000|100%| E|CS|TAMS 0x00000000c0900000| PB 0x00000000c0900000| Complete 
| 522|0x00000000c0a00000, 0x00000000c0b00000, 0x00000000c0b00000|100%| E|CS|TAMS 0x00000000c0a00000| PB 0x00000000c0a00000| Complete 
| 523|0x00000000c0b00000, 0x00000000c0c00000, 0x00000000c0c00000|100%| E|CS|TAMS 0x00000000c0b00000| PB 0x00000000c0b00000| Complete 
| 524|0x00000000c0c00000, 0x00000000c0d00000, 0x00000000c0d00000|100%| E|CS|TAMS 0x00000000c0c00000| PB 0x00000000c0c00000| Complete 
| 525|0x00000000c0d00000, 0x00000000c0e00000, 0x00000000c0e00000|100%| E|CS|TAMS 0x00000000c0d00000| PB 0x00000000c0d00000| Complete 
| 526|0x00000000c0e00000, 0x00000000c0f00000, 0x00000000c0f00000|100%| E|CS|TAMS 0x00000000c0e00000| PB 0x00000000c0e00000| Complete 
| 527|0x00000000c0f00000, 0x00000000c1000000, 0x00000000c1000000|100%| E|CS|TAMS 0x00000000c0f00000| PB 0x00000000c0f00000| Complete 
| 528|0x00000000c1000000, 0x00000000c1100000, 0x00000000c1100000|100%| E|CS|TAMS 0x00000000c1000000| PB 0x00000000c1000000| Complete 
| 529|0x00000000c1100000, 0x00000000c1200000, 0x00000000c1200000|100%| E|CS|TAMS 0x00000000c1100000| PB 0x00000000c1100000| Complete 
| 530|0x00000000c1200000, 0x00000000c1300000, 0x00000000c1300000|100%| E|CS|TAMS 0x00000000c1200000| PB 0x00000000c1200000| Complete 
| 531|0x00000000c1300000, 0x00000000c1400000, 0x00000000c1400000|100%| E|CS|TAMS 0x00000000c1300000| PB 0x00000000c1300000| Complete 
| 532|0x00000000c1400000, 0x00000000c1500000, 0x00000000c1500000|100%| E|CS|TAMS 0x00000000c1400000| PB 0x00000000c1400000| Complete 
| 533|0x00000000c1500000, 0x00000000c1600000, 0x00000000c1600000|100%| E|CS|TAMS 0x00000000c1500000| PB 0x00000000c1500000| Complete 
| 534|0x00000000c1600000, 0x00000000c1700000, 0x00000000c1700000|100%| E|CS|TAMS 0x00000000c1600000| PB 0x00000000c1600000| Complete 
| 535|0x00000000c1700000, 0x00000000c1800000, 0x00000000c1800000|100%| E|CS|TAMS 0x00000000c1700000| PB 0x00000000c1700000| Complete 
| 536|0x00000000c1800000, 0x00000000c1900000, 0x00000000c1900000|100%| E|CS|TAMS 0x00000000c1800000| PB 0x00000000c1800000| Complete 
| 537|0x00000000c1900000, 0x00000000c1a00000, 0x00000000c1a00000|100%| E|CS|TAMS 0x00000000c1900000| PB 0x00000000c1900000| Complete 
| 538|0x00000000c1a00000, 0x00000000c1b00000, 0x00000000c1b00000|100%| E|CS|TAMS 0x00000000c1a00000| PB 0x00000000c1a00000| Complete 
| 539|0x00000000c1b00000, 0x00000000c1c00000, 0x00000000c1c00000|100%| E|CS|TAMS 0x00000000c1b00000| PB 0x00000000c1b00000| Complete 
| 540|0x00000000c1c00000, 0x00000000c1d00000, 0x00000000c1d00000|100%| E|CS|TAMS 0x00000000c1c00000| PB 0x00000000c1c00000| Complete 
| 541|0x00000000c1d00000, 0x00000000c1e00000, 0x00000000c1e00000|100%| E|CS|TAMS 0x00000000c1d00000| PB 0x00000000c1d00000| Complete 
| 542|0x00000000c1e00000, 0x00000000c1f00000, 0x00000000c1f00000|100%| E|CS|TAMS 0x00000000c1e00000| PB 0x00000000c1e00000| Complete 
| 543|0x00000000c1f00000, 0x00000000c2000000, 0x00000000c2000000|100%| E|CS|TAMS 0x00000000c1f00000| PB 0x00000000c1f00000| Complete 
| 544|0x00000000c2000000, 0x00000000c2100000, 0x00000000c2100000|100%| E|CS|TAMS 0x00000000c2000000| PB 0x00000000c2000000| Complete 
| 545|0x00000000c2100000, 0x00000000c2200000, 0x00000000c2200000|100%| E|CS|TAMS 0x00000000c2100000| PB 0x00000000c2100000| Complete 
| 546|0x00000000c2200000, 0x00000000c2300000, 0x00000000c2300000|100%| E|CS|TAMS 0x00000000c2200000| PB 0x00000000c2200000| Complete 
| 547|0x00000000c2300000, 0x00000000c2400000, 0x00000000c2400000|100%| E|CS|TAMS 0x00000000c2300000| PB 0x00000000c2300000| Complete 
| 548|0x00000000c2400000, 0x00000000c2500000, 0x00000000c2500000|100%| E|CS|TAMS 0x00000000c2400000| PB 0x00000000c2400000| Complete 
| 549|0x00000000c2500000, 0x00000000c2600000, 0x00000000c2600000|100%| E|CS|TAMS 0x00000000c2500000| PB 0x00000000c2500000| Complete 
| 550|0x00000000c2600000, 0x00000000c2700000, 0x00000000c2700000|100%| E|CS|TAMS 0x00000000c2600000| PB 0x00000000c2600000| Complete 
| 551|0x00000000c2700000, 0x00000000c2800000, 0x00000000c2800000|100%| E|CS|TAMS 0x00000000c2700000| PB 0x00000000c2700000| Complete 
| 552|0x00000000c2800000, 0x00000000c2900000, 0x00000000c2900000|100%| E|CS|TAMS 0x00000000c2800000| PB 0x00000000c2800000| Complete 
| 553|0x00000000c2900000, 0x00000000c2a00000, 0x00000000c2a00000|100%| E|CS|TAMS 0x00000000c2900000| PB 0x00000000c2900000| Complete 
| 554|0x00000000c2a00000, 0x00000000c2b00000, 0x00000000c2b00000|100%| E|CS|TAMS 0x00000000c2a00000| PB 0x00000000c2a00000| Complete 
| 555|0x00000000c2b00000, 0x00000000c2c00000, 0x00000000c2c00000|100%| E|CS|TAMS 0x00000000c2b00000| PB 0x00000000c2b00000| Complete 
| 556|0x00000000c2c00000, 0x00000000c2d00000, 0x00000000c2d00000|100%| E|CS|TAMS 0x00000000c2c00000| PB 0x00000000c2c00000| Complete 
| 557|0x00000000c2d00000, 0x00000000c2e00000, 0x00000000c2e00000|100%| E|CS|TAMS 0x00000000c2d00000| PB 0x00000000c2d00000| Complete 
| 558|0x00000000c2e00000, 0x00000000c2f00000, 0x00000000c2f00000|100%| E|CS|TAMS 0x00000000c2e00000| PB 0x00000000c2e00000| Complete 
| 559|0x00000000c2f00000, 0x00000000c3000000, 0x00000000c3000000|100%| E|CS|TAMS 0x00000000c2f00000| PB 0x00000000c2f00000| Complete 
| 560|0x00000000c3000000, 0x00000000c3100000, 0x00000000c3100000|100%| E|CS|TAMS 0x00000000c3000000| PB 0x00000000c3000000| Complete 
| 561|0x00000000c3100000, 0x00000000c3200000, 0x00000000c3200000|100%| E|CS|TAMS 0x00000000c3100000| PB 0x00000000c3100000| Complete 
| 562|0x00000000c3200000, 0x00000000c3300000, 0x00000000c3300000|100%| E|CS|TAMS 0x00000000c3200000| PB 0x00000000c3200000| Complete 
| 563|0x00000000c3300000, 0x00000000c3400000, 0x00000000c3400000|100%| E|CS|TAMS 0x00000000c3300000| PB 0x00000000c3300000| Complete 
| 564|0x00000000c3400000, 0x00000000c3500000, 0x00000000c3500000|100%| E|CS|TAMS 0x00000000c3400000| PB 0x00000000c3400000| Complete 
| 565|0x00000000c3500000, 0x00000000c3600000, 0x00000000c3600000|100%| E|CS|TAMS 0x00000000c3500000| PB 0x00000000c3500000| Complete 
| 566|0x00000000c3600000, 0x00000000c3700000, 0x00000000c3700000|100%| E|CS|TAMS 0x00000000c3600000| PB 0x00000000c3600000| Complete 
| 567|0x00000000c3700000, 0x00000000c3800000, 0x00000000c3800000|100%| E|CS|TAMS 0x00000000c3700000| PB 0x00000000c3700000| Complete 
| 568|0x00000000c3800000, 0x00000000c3900000, 0x00000000c3900000|100%| E|CS|TAMS 0x00000000c3800000| PB 0x00000000c3800000| Complete 
| 569|0x00000000c3900000, 0x00000000c3a00000, 0x00000000c3a00000|100%| E|CS|TAMS 0x00000000c3900000| PB 0x00000000c3900000| Complete 
| 570|0x00000000c3a00000, 0x00000000c3b00000, 0x00000000c3b00000|100%| E|CS|TAMS 0x00000000c3a00000| PB 0x00000000c3a00000| Complete 
| 571|0x00000000c3b00000, 0x00000000c3c00000, 0x00000000c3c00000|100%| E|CS|TAMS 0x00000000c3b00000| PB 0x00000000c3b00000| Complete 
| 572|0x00000000c3c00000, 0x00000000c3d00000, 0x00000000c3d00000|100%| E|CS|TAMS 0x00000000c3c00000| PB 0x00000000c3c00000| Complete 
| 573|0x00000000c3d00000, 0x00000000c3e00000, 0x00000000c3e00000|100%| E|CS|TAMS 0x00000000c3d00000| PB 0x00000000c3d00000| Complete 
| 574|0x00000000c3e00000, 0x00000000c3f00000, 0x00000000c3f00000|100%| E|CS|TAMS 0x00000000c3e00000| PB 0x00000000c3e00000| Complete 
| 575|0x00000000c3f00000, 0x00000000c4000000, 0x00000000c4000000|100%| E|CS|TAMS 0x00000000c3f00000| PB 0x00000000c3f00000| Complete 
| 576|0x00000000c4000000, 0x00000000c4100000, 0x00000000c4100000|100%| E|CS|TAMS 0x00000000c4000000| PB 0x00000000c4000000| Complete 
| 577|0x00000000c4100000, 0x00000000c4200000, 0x00000000c4200000|100%| E|CS|TAMS 0x00000000c4100000| PB 0x00000000c4100000| Complete 
|1520|0x00000000ff000000, 0x00000000ff100000, 0x00000000ff100000|100%| O|  |TAMS 0x00000000ff100000| PB 0x00000000ff000000| Updating 
|1521|0x00000000ff100000, 0x00000000ff200000, 0x00000000ff200000|100%| E|CS|TAMS 0x00000000ff100000| PB 0x00000000ff100000| Complete 
|1522|0x00000000ff200000, 0x00000000ff300000, 0x00000000ff300000|100%| O|  |TAMS 0x00000000ff300000| PB 0x00000000ff200000| Untracked 
|1523|0x00000000ff300000, 0x00000000ff400000, 0x00000000ff400000|100%| O|  |TAMS 0x00000000ff400000| PB 0x00000000ff300000| Updating 
|1524|0x00000000ff400000, 0x00000000ff500000, 0x00000000ff500000|100%| E|CS|TAMS 0x00000000ff400000| PB 0x00000000ff400000| Complete 
|1525|0x00000000ff500000, 0x00000000ff600000, 0x00000000ff600000|100%| E|CS|TAMS 0x00000000ff500000| PB 0x00000000ff500000| Complete 
|1526|0x00000000ff600000, 0x00000000ff700000, 0x00000000ff700000|100%| O|  |TAMS 0x00000000ff700000| PB 0x00000000ff600000| Untracked 
|1527|0x00000000ff700000, 0x00000000ff800000, 0x00000000ff800000|100%| O|  |TAMS 0x00000000ff800000| PB 0x00000000ff700000| Untracked 
|1528|0x00000000ff800000, 0x00000000ff900000, 0x00000000ff900000|100%| O|  |TAMS 0x00000000ff900000| PB 0x00000000ff800000| Untracked 
|1529|0x00000000ff900000, 0x00000000ffa00000, 0x00000000ffa00000|100%| O|  |TAMS 0x00000000ffa00000| PB 0x00000000ff900000| Updating 
|1530|0x00000000ffa00000, 0x00000000ffb00000, 0x00000000ffb00000|100%| E|CS|TAMS 0x00000000ffa00000| PB 0x00000000ffa00000| Complete 
|1531|0x00000000ffb00000, 0x00000000ffc00000, 0x00000000ffc00000|100%| E|CS|TAMS 0x00000000ffb00000| PB 0x00000000ffb00000| Complete 
|1532|0x00000000ffc00000, 0x00000000ffd00000, 0x00000000ffd00000|100%| E|CS|TAMS 0x00000000ffc00000| PB 0x00000000ffc00000| Complete 
|1533|0x00000000ffd00000, 0x00000000ffe00000, 0x00000000ffe00000|100%| O|  |TAMS 0x00000000ffe00000| PB 0x00000000ffd00000| Untracked 
|1534|0x00000000ffe00000, 0x00000000fff00000, 0x00000000fff00000|100%| O|  |TAMS 0x00000000fff00000| PB 0x00000000ffe00000| Untracked 
|1535|0x00000000fff00000, 0x0000000100000000, 0x0000000100000000|100%| O|  |TAMS 0x0000000100000000| PB 0x00000000fff00000| Untracked 

Card table byte_map: [0x000001faa8c60000,0x000001faa8f60000] _byte_map_base: 0x000001faa8760000

Marking Bits: (CMBitMap*) 0x000001fa96526d30
 Bits: [0x000001faa8f60000, 0x000001faaa760000)

Polling page: 0x000001fa94300000

Metaspace:

Usage:
  Non-class:    241.85 MB used.
      Class:     35.75 MB used.
       Both:    277.60 MB used.

Virtual space:
  Non-class space:      256.00 MB reserved,     244.38 MB ( 95%) committed,  4 nodes.
      Class space:      320.00 MB reserved,      37.38 MB ( 12%) committed,  1 nodes.
             Both:      576.00 MB reserved,     281.75 MB ( 49%) committed. 

Chunk freelists:
   Non-Class:  11.85 MB
       Class:  10.89 MB
        Both:  22.74 MB

MaxMetaspaceSize: 384.00 MB
CompressedClassSpaceSize: 320.00 MB
Initial GC threshold: 21.00 MB
Current GC threshold: 384.00 MB
CDS: off
 - commit_granule_bytes: 65536.
 - commit_granule_words: 8192.
 - virtual_space_node_default_size: 8388608.
 - enlarge_chunks_in_place: 1.
 - use_allocation_guard: 0.


Internal statistics:

num_allocs_failed_limit: 12.
num_arena_births: 5442.
num_arena_deaths: 2.
num_vsnodes_births: 5.
num_vsnodes_deaths: 0.
num_space_committed: 4517.
num_space_uncommitted: 9.
num_chunks_returned_to_freelist: 129.
num_chunks_taken_from_freelist: 17366.
num_chunk_merges: 25.
num_chunk_splits: 12135.
num_chunks_enlarged: 8390.
num_inconsistent_stats: 0.

CodeHeap 'non-profiled nmethods': size=120000Kb used=12458Kb max_used=14537Kb free=107541Kb
 bounds [0x000001faa1100000, 0x000001faa2010000, 0x000001faa8630000]
CodeHeap 'profiled nmethods': size=120000Kb used=49191Kb max_used=66057Kb free=70809Kb
 bounds [0x000001fa99630000, 0x000001fa9d6c0000, 0x000001faa0b60000]
CodeHeap 'non-nmethods': size=5760Kb used=2652Kb max_used=2768Kb free=3107Kb
 bounds [0x000001faa0b60000, 0x000001faa0e40000, 0x000001faa1100000]
CodeCache: size=245760Kb, used=64301Kb, max_used=83362Kb, free=181457Kb
 total_blobs=22156, nmethods=20895, adapters=1160, full_count=0
Compilation: enabled, stopped_count=0, restarted_count=0

Compilation events (20 events):
Event: 99.849 Thread 0x000001faad3b2c30 37904       2       com.android.tools.r8.internal.r2::d (11 bytes)
Event: 99.849 Thread 0x000001faad3b2c30 nmethod 37904 0x000001fa9cbb0090 code [0x000001fa9cbb0240, 0x000001fa9cbb03c8]
Event: 99.849 Thread 0x000001faad3b2c30 37905       2       com.android.tools.r8.internal.wm::<init> (8 bytes)
Event: 99.849 Thread 0x000001faad3b2c30 nmethod 37905 0x000001fa9cbafd10 code [0x000001fa9cbafec0, 0x000001fa9cbaffe0]
Event: 99.906 Thread 0x000001faad3b2c30 37907       2       com.android.tools.r8.internal.DS::<init> (39 bytes)
Event: 99.906 Thread 0x000001faad3b2c30 nmethod 37907 0x000001fa9cbaf710 code [0x000001fa9cbaf8a0, 0x000001fa9cbaf9b0]
Event: 99.964 Thread 0x000001faad3b2c30 37909       3       com.android.tools.r8.internal.Kt0::a (102 bytes)
Event: 99.964 Thread 0x000001faad3b2c30 nmethod 37909 0x000001fa9cd7c490 code [0x000001fa9cd7c6a0, 0x000001fa9cd7cb50]
Event: 99.965 Thread 0x000001faad3b2c30 37910       3       com.android.tools.r8.internal.Q3::value (12 bytes)
Event: 99.965 Thread 0x000001faad3b2c30 nmethod 37910 0x000001fa9cd7bf10 code [0x000001fa9cd7c0c0, 0x000001fa9cd7c378]
Event: 100.037 Thread 0x000001faad3b2c30 37913       2       com.android.tools.r8.internal.lo0::c (10 bytes)
Event: 100.037 Thread 0x000001faad3b2c30 nmethod 37913 0x000001fa9cd8fe10 code [0x000001fa9cd8ffc0, 0x000001fa9cd90140]
Event: 100.037 Thread 0x000001faad3b2c30 37914       2       com.android.tools.r8.internal.Gr::<init> (7 bytes)
Event: 100.037 Thread 0x000001faad3b2c30 nmethod 37914 0x000001fa9cd8fa90 code [0x000001fa9cd8fc40, 0x000001fa9cd8fd60]
Event: 100.147 Thread 0x000001faad3b2c30 37915       2       com.android.tools.r8.internal.rj0::d (11 bytes)
Event: 100.147 Thread 0x000001faad3b2c30 nmethod 37915 0x000001fa9cd8f490 code [0x000001fa9cd8f640, 0x000001fa9cd8f7c8]
Event: 100.147 Thread 0x000001faad3b2c30 37916       2       com.android.tools.r8.internal.tr::<init> (8 bytes)
Event: 100.148 Thread 0x000001faad3b2c30 nmethod 37916 0x000001fa9d3f3290 code [0x000001fa9d3f3440, 0x000001fa9d3f3560]
Event: 100.183 Thread 0x000001faad3b2c30 37917       2       java.util.HashMap$TreeNode::treeify (221 bytes)
Event: 100.184 Thread 0x000001faad3b2c30 nmethod 37917 0x000001fa9d3fa910 code [0x000001fa9d3fab20, 0x000001fa9d3fb168]

GC Heap History (20 events):
Event: 87.569 GC heap before
{Heap before GC invocations=127 (full 0):
 garbage-first heap   total 608256K, used 563538K [0x00000000a0000000, 0x0000000100000000)
  region size 1024K, 241 young (246784K), 12 survivors (12288K)
 Metaspace       used 284140K, committed 288512K, reserved 589824K
  class space    used 36599K, committed 38272K, reserved 327680K
}
Event: 87.587 GC heap after
{Heap after GC invocations=128 (full 0):
 garbage-first heap   total 608256K, used 329042K [0x00000000a0000000, 0x0000000100000000)
  region size 1024K, 12 young (12288K), 12 survivors (12288K)
 Metaspace       used 284140K, committed 288512K, reserved 589824K
  class space    used 36599K, committed 38272K, reserved 327680K
}
Event: 88.443 GC heap before
{Heap before GC invocations=128 (full 0):
 garbage-first heap   total 608256K, used 563538K [0x00000000a0000000, 0x0000000100000000)
  region size 1024K, 241 young (246784K), 12 survivors (12288K)
 Metaspace       used 284140K, committed 288512K, reserved 589824K
  class space    used 36599K, committed 38272K, reserved 327680K
}
Event: 88.472 GC heap after
{Heap after GC invocations=129 (full 0):
 garbage-first heap   total 608256K, used 323249K [0x00000000a0000000, 0x0000000100000000)
  region size 1024K, 14 young (14336K), 14 survivors (14336K)
 Metaspace       used 284140K, committed 288512K, reserved 589824K
  class space    used 36599K, committed 38272K, reserved 327680K
}
Event: 89.305 GC heap before
{Heap before GC invocations=129 (full 0):
 garbage-first heap   total 608256K, used 561841K [0x00000000a0000000, 0x0000000100000000)
  region size 1024K, 247 young (252928K), 14 survivors (14336K)
 Metaspace       used 284146K, committed 288512K, reserved 589824K
  class space    used 36599K, committed 38272K, reserved 327680K
}
Event: 89.321 GC heap after
{Heap after GC invocations=130 (full 0):
 garbage-first heap   total 608256K, used 323727K [0x00000000a0000000, 0x0000000100000000)
  region size 1024K, 15 young (15360K), 15 survivors (15360K)
 Metaspace       used 284146K, committed 288512K, reserved 589824K
  class space    used 36599K, committed 38272K, reserved 327680K
}
Event: 90.276 GC heap before
{Heap before GC invocations=130 (full 0):
 garbage-first heap   total 608256K, used 560271K [0x00000000a0000000, 0x0000000100000000)
  region size 1024K, 246 young (251904K), 15 survivors (15360K)
 Metaspace       used 284146K, committed 288512K, reserved 589824K
  class space    used 36599K, committed 38272K, reserved 327680K
}
Event: 90.299 GC heap after
{Heap after GC invocations=131 (full 0):
 garbage-first heap   total 608256K, used 325282K [0x00000000a0000000, 0x0000000100000000)
  region size 1024K, 16 young (16384K), 16 survivors (16384K)
 Metaspace       used 284146K, committed 288512K, reserved 589824K
  class space    used 36599K, committed 38272K, reserved 327680K
}
Event: 91.353 GC heap before
{Heap before GC invocations=132 (full 0):
 garbage-first heap   total 608256K, used 559778K [0x00000000a0000000, 0x0000000100000000)
  region size 1024K, 245 young (250880K), 16 survivors (16384K)
 Metaspace       used 284173K, committed 288512K, reserved 589824K
  class space    used 36600K, committed 38272K, reserved 327680K
}
Event: 91.385 GC heap after
{Heap after GC invocations=133 (full 0):
 garbage-first heap   total 608256K, used 330205K [0x00000000a0000000, 0x0000000100000000)
  region size 1024K, 21 young (21504K), 21 survivors (21504K)
 Metaspace       used 284173K, committed 288512K, reserved 589824K
  class space    used 36600K, committed 38272K, reserved 327680K
}
Event: 92.839 GC heap before
{Heap before GC invocations=133 (full 0):
 garbage-first heap   total 608256K, used 564701K [0x00000000a0000000, 0x0000000100000000)
  region size 1024K, 240 young (245760K), 21 survivors (21504K)
 Metaspace       used 284206K, committed 288512K, reserved 589824K
  class space    used 36600K, committed 38272K, reserved 327680K
}
Event: 92.872 GC heap after
{Heap after GC invocations=134 (full 0):
 garbage-first heap   total 608256K, used 316721K [0x00000000a0000000, 0x0000000100000000)
  region size 1024K, 11 young (11264K), 11 survivors (11264K)
 Metaspace       used 284206K, committed 288512K, reserved 589824K
  class space    used 36600K, committed 38272K, reserved 327680K
}
Event: 93.918 GC heap before
{Heap before GC invocations=134 (full 0):
 garbage-first heap   total 608256K, used 564529K [0x00000000a0000000, 0x0000000100000000)
  region size 1024K, 253 young (259072K), 11 survivors (11264K)
 Metaspace       used 284225K, committed 288512K, reserved 589824K
  class space    used 36603K, committed 38272K, reserved 327680K
}
Event: 93.948 GC heap after
{Heap after GC invocations=135 (full 0):
 garbage-first heap   total 608256K, used 329669K [0x00000000a0000000, 0x0000000100000000)
  region size 1024K, 24 young (24576K), 24 survivors (24576K)
 Metaspace       used 284225K, committed 288512K, reserved 589824K
  class space    used 36603K, committed 38272K, reserved 327680K
}
Event: 95.450 GC heap before
{Heap before GC invocations=136 (full 0):
 garbage-first heap   total 608256K, used 550853K [0x00000000a0000000, 0x0000000100000000)
  region size 1024K, 240 young (245760K), 24 survivors (24576K)
 Metaspace       used 284233K, committed 288512K, reserved 589824K
  class space    used 36605K, committed 38272K, reserved 327680K
}
Event: 95.480 GC heap after
{Heap after GC invocations=137 (full 0):
 garbage-first heap   total 608256K, used 329195K [0x00000000a0000000, 0x0000000100000000)
  region size 1024K, 14 young (14336K), 14 survivors (14336K)
 Metaspace       used 284233K, committed 288512K, reserved 589824K
  class space    used 36605K, committed 38272K, reserved 327680K
}
Event: 99.148 GC heap before
{Heap before GC invocations=137 (full 0):
 garbage-first heap   total 608256K, used 561643K [0x00000000a0000000, 0x0000000100000000)
  region size 1024K, 241 young (246784K), 14 survivors (14336K)
 Metaspace       used 284248K, committed 288512K, reserved 589824K
  class space    used 36605K, committed 38272K, reserved 327680K
}
Event: 99.176 GC heap after
{Heap after GC invocations=138 (full 0):
 garbage-first heap   total 608256K, used 311329K [0x00000000a0000000, 0x0000000100000000)
  region size 1024K, 15 young (15360K), 15 survivors (15360K)
 Metaspace       used 284248K, committed 288512K, reserved 589824K
  class space    used 36605K, committed 38272K, reserved 327680K
}
Event: 100.003 GC heap before
{Heap before GC invocations=138 (full 0):
 garbage-first heap   total 608256K, used 560161K [0x00000000a0000000, 0x0000000100000000)
  region size 1024K, 258 young (264192K), 15 survivors (15360K)
 Metaspace       used 284250K, committed 288512K, reserved 589824K
  class space    used 36605K, committed 38272K, reserved 327680K
}
Event: 100.013 GC heap after
{Heap after GC invocations=139 (full 0):
 garbage-first heap   total 608256K, used 309588K [0x00000000a0000000, 0x0000000100000000)
  region size 1024K, 13 young (13312K), 13 survivors (13312K)
 Metaspace       used 284250K, committed 288512K, reserved 589824K
  class space    used 36605K, committed 38272K, reserved 327680K
}

Dll operation events (3 events):
Event: 0.007 Loaded shared library C:\Program Files\Android\Android Studio\jbr\bin\java.dll
Event: 0.012 Loaded shared library C:\Program Files\Android\Android Studio\jbr\bin\zip.dll
Event: 0.536 Loaded shared library C:\Program Files\Android\Android Studio\jbr\bin\verify.dll

Deoptimization events (20 events):
Event: 100.040 Thread 0x000001fab8361990 DEOPT PACKING pc=0x000001fa9c730fa4 sp=0x00000017af4f66b0
Event: 100.040 Thread 0x000001fab8361990 DEOPT UNPACKING pc=0x000001faa0bb4e42 sp=0x00000017af4f5f28 mode 0
Event: 100.073 Thread 0x000001fac3e2dfc0 DEOPT PACKING pc=0x000001fa9b1bcda9 sp=0x00000017abbf9180
Event: 100.073 Thread 0x000001fac3e2dfc0 DEOPT UNPACKING pc=0x000001faa0bb4e42 sp=0x00000017abbf89d8 mode 0
Event: 100.096 Thread 0x000001fab8361990 DEOPT PACKING pc=0x000001fa9b1bcda9 sp=0x00000017af4f6010
Event: 100.096 Thread 0x000001fab8361990 DEOPT UNPACKING pc=0x000001faa0bb4e42 sp=0x00000017af4f5868 mode 0
Event: 100.204 Thread 0x000001fab8361990 DEOPT PACKING pc=0x000001fa9b1bcda9 sp=0x00000017af4f6470
Event: 100.204 Thread 0x000001fab8361990 DEOPT UNPACKING pc=0x000001faa0bb4e42 sp=0x00000017af4f5cc8 mode 0
Event: 100.239 Thread 0x000001fac3e2dfc0 DEOPT PACKING pc=0x000001fa9b1bcda9 sp=0x00000017abbf9180
Event: 100.239 Thread 0x000001fac3e2dfc0 DEOPT UNPACKING pc=0x000001faa0bb4e42 sp=0x00000017abbf89d8 mode 0
Event: 100.240 Thread 0x000001fac3e2dfc0 DEOPT PACKING pc=0x000001fa9afa5ac7 sp=0x00000017abbf9110
Event: 100.240 Thread 0x000001fac3e2dfc0 DEOPT UNPACKING pc=0x000001faa0bb4e42 sp=0x00000017abbf89d8 mode 0
Event: 100.244 Thread 0x000001fac3e2dfc0 DEOPT PACKING pc=0x000001fa9aca052b sp=0x00000017abbf9100
Event: 100.244 Thread 0x000001fac3e2dfc0 DEOPT UNPACKING pc=0x000001faa0bb4e42 sp=0x00000017abbf89d8 mode 0
Event: 100.246 Thread 0x000001fac3e2dfc0 DEOPT PACKING pc=0x000001fa9a94c35c sp=0x00000017abbf9100
Event: 100.246 Thread 0x000001fac3e2dfc0 DEOPT UNPACKING pc=0x000001faa0bb4e42 sp=0x00000017abbf89d8 mode 0
Event: 100.298 Thread 0x000001fab8361990 DEOPT PACKING pc=0x000001fa9b1bcda9 sp=0x00000017af4f6010
Event: 100.298 Thread 0x000001fab8361990 DEOPT UNPACKING pc=0x000001faa0bb4e42 sp=0x00000017af4f5868 mode 0
Event: 100.301 Thread 0x000001fac3e2dfc0 DEOPT PACKING pc=0x000001fa9b1bcf12 sp=0x00000017abbf9180
Event: 100.301 Thread 0x000001fac3e2dfc0 DEOPT UNPACKING pc=0x000001faa0bb4e42 sp=0x00000017abbf89d8 mode 0

Classes loaded (20 events):
Event: 48.659 Loading class java/util/PriorityQueue
Event: 48.660 Loading class java/util/PriorityQueue done
Event: 48.677 Loading class java/util/IdentityHashMap$ValueIterator
Event: 48.677 Loading class java/util/IdentityHashMap$ValueIterator done
Event: 51.127 Loading class java/nio/ShortBuffer
Event: 51.129 Loading class java/nio/ShortBuffer done
Event: 51.188 Loading class java/nio/ByteBufferAsShortBufferL
Event: 51.188 Loading class java/nio/ByteBufferAsShortBufferL done
Event: 51.232 Loading class java/util/zip/Adler32
Event: 51.233 Loading class java/util/zip/Adler32 done
Event: 51.239 Loading class java/nio/file/Files$2
Event: 51.240 Loading class java/nio/file/Files$2 done
Event: 54.811 Loading class java/util/concurrent/ConcurrentHashMap$TreeNode
Event: 54.811 Loading class java/util/concurrent/ConcurrentHashMap$TreeNode done
Event: 54.811 Loading class java/util/concurrent/ConcurrentHashMap$TreeBin
Event: 54.812 Loading class java/util/concurrent/ConcurrentHashMap$TreeBin done
Event: 62.404 Loading class java/util/Comparators$NullComparator
Event: 62.404 Loading class java/util/Comparators$NullComparator done
Event: 62.408 Loading class java/io/FileReader
Event: 62.408 Loading class java/io/FileReader done

Classes unloaded (20 events):
Event: 77.177 Thread 0x000001faad1b7af0 Unloading class 0x0000000101cc0688 'kotlin/script/experimental/util/PropertiesCollection$PropertyKeyDelegate'
Event: 77.177 Thread 0x000001faad1b7af0 Unloading class 0x0000000101cc0450 'kotlin/script/experimental/jvm/JvmScriptingHostConfigurationKt'
Event: 77.177 Thread 0x000001faad1b7af0 Unloading class 0x0000000101b72d58 'kotlin/script/experimental/host/ScriptingHostConfiguration$Companion'
Event: 77.177 Thread 0x000001faad1b7af0 Unloading class 0x0000000101b72b28 'kotlin/script/experimental/host/ScriptingHostConfigurationKeys'
Event: 77.177 Thread 0x000001faad1b7af0 Unloading class 0x0000000101b728f0 'kotlin/script/experimental/util/PropertiesCollection$Companion'
Event: 77.177 Thread 0x000001faad1b7af0 Unloading class 0x0000000101b726b0 'kotlin/script/experimental/host/ScriptingHostConfiguration'
Event: 77.177 Thread 0x000001faad1b7af0 Unloading class 0x0000000101b72470 'kotlin/script/experimental/util/PropertiesCollection'
Event: 77.177 Thread 0x000001faad1b7af0 Unloading class 0x0000000101b72238 'androidx/compose/compiler/plugins/kotlin/ComposeConfiguration'
Event: 77.177 Thread 0x000001faad1b7af0 Unloading class 0x0000000101b72000 'androidx/compose/compiler/plugins/kotlin/ComposePluginKt'
Event: 77.177 Thread 0x000001faad1b7af0 Unloading class 0x0000000101b71bc0 'androidx/compose/compiler/plugins/kotlin/FeatureFlag$Companion'
Event: 77.177 Thread 0x000001faad1b7af0 Unloading class 0x0000000101b71718 'androidx/compose/compiler/plugins/kotlin/FeatureFlag'
Event: 77.177 Thread 0x000001faad1b7af0 Unloading class 0x0000000101b714e0 'androidx/compose/compiler/plugins/kotlin/ComposeCommandLineProcessor$Companion'
Event: 77.177 Thread 0x000001faad1b7af0 Unloading class 0x0000000101b71238 'androidx/compose/compiler/plugins/kotlin/ComposeCommandLineProcessor'
Event: 77.177 Thread 0x000001faad1b7af0 Unloading class 0x0000000101b71000 'org/jetbrains/kotlin/scripting/compiler/plugin/ScriptingCommandLineProcessor$Companion'
Event: 77.177 Thread 0x000001faad1b7af0 Unloading class 0x0000000101b70b58 'org/jetbrains/kotlin/scripting/compiler/plugin/ScriptingCommandLineProcessor'
Event: 77.177 Thread 0x000001faad1b7af0 Unloading class 0x0000000101b70920 'androidx/compose/compiler/plugins/kotlin/ComposePluginRegistrar$Companion'
Event: 77.177 Thread 0x000001faad1b7af0 Unloading class 0x0000000101b706d8 'androidx/compose/compiler/plugins/kotlin/ComposePluginRegistrar'
Event: 77.177 Thread 0x000001faad1b7af0 Unloading class 0x0000000101b704a0 'org/jetbrains/kotlin/scripting/compiler/plugin/ScriptingK2CompilerPluginRegistrar$Companion'
Event: 77.177 Thread 0x000001faad1b7af0 Unloading class 0x0000000101b70258 'org/jetbrains/kotlin/scripting/compiler/plugin/ScriptingK2CompilerPluginRegistrar'
Event: 77.177 Thread 0x000001faad1b7af0 Unloading class 0x0000000101b70000 'org/jetbrains/kotlin/scripting/compiler/plugin/ScriptingCompilerConfigurationComponentRegistrar'

Classes redefined (0 events):
No events

Internal exceptions (20 events):
Event: 53.430 Thread 0x000001fac3e0d2a0 Exception <a 'java/lang/NoSuchMethodError'{0x00000000b378ab48}: 'java.lang.Object java.lang.invoke.DirectMethodHandle$Holder.newInvokeSpecial(java.lang.Object, java.lang.Object, java.lang.Object, java.lang.Object, java.lang.Object, int)'> (0x00000000b378ab48) 
thrown [s\src\hotspot\share\interpreter\linkResolver.cpp, line 784]
Event: 53.430 Thread 0x000001fac3e0d2a0 Exception <a 'java/lang/NoSuchMethodError'{0x00000000b378f8d0}: 'java.lang.Object java.lang.invoke.DirectMethodHandle$Holder.invokeSpecial(java.lang.Object, java.lang.Object, java.lang.Object, java.lang.Object, java.lang.Object, java.lang.Object, int)'> (0x00000000b378f8d0) 
thrown [s\src\hotspot\share\interpreter\linkResolver.cpp, line 784]
Event: 53.430 Thread 0x000001fac3e0d2a0 Exception <a 'java/lang/NoSuchMethodError'{0x00000000b3793ef0}: 'java.lang.Object java.lang.invoke.Invokers$Holder.linkToTargetMethod(java.lang.Object, java.lang.Object, java.lang.Object, java.lang.Object, int, java.lang.Object)'> (0x00000000b3793ef0) 
thrown [s\src\hotspot\share\interpreter\linkResolver.cpp, line 784]
Event: 53.871 Thread 0x000001fac3e0d2a0 Exception <a 'java/lang/NoSuchMethodError'{0x00000000b3b51548}: 'java.lang.Object java.lang.invoke.DirectMethodHandle$Holder.invokeStatic(java.lang.Object, int, int, java.lang.Object)'> (0x00000000b3b51548) 
thrown [s\src\hotspot\share\interpreter\linkResolver.cpp, line 784]
Event: 53.875 Thread 0x000001fac3e0d2a0 Implicit null exception at 0x000001faa1757de3 to 0x000001faa1757e79
Event: 54.129 Thread 0x000001fac3e0d2a0 Exception <a 'java/lang/NoSuchMethodError'{0x00000000b5d0d010}: 'java.lang.Object java.lang.invoke.DirectMethodHandle$Holder.invokeStatic(java.lang.Object, java.lang.Object, int, java.lang.Object, java.lang.Object, java.lang.Object, java.lang.Object, java.lang.Object)'> (0x00000000b5d0d010) 
thrown [s\src\hotspot\share\interpreter\linkResolver.cpp, line 784]
Event: 54.873 Thread 0x000001fab8361990 Exception <a 'java/lang/NoSuchMethodError'{0x00000000bc6f8720}: 'int java.lang.invoke.DirectMethodHandle$Holder.invokeInterface(java.lang.Object, java.lang.Object, int)'> (0x00000000bc6f8720) 
thrown [s\src\hotspot\share\interpreter\linkResolver.cpp, line 784]
Event: 56.036 Thread 0x000001fac3e0d2a0 Exception <a 'java/lang/NoSuchMethodError'{0x00000000bc00de78}: 'java.lang.Object java.lang.invoke.DirectMethodHandle$Holder.newInvokeSpecial(java.lang.Object, java.lang.Object, java.lang.Object, java.lang.Object, java.lang.Object, java.lang.Object, java.lang.Object, java.lang.Object, int)'> (0x00000000bc00de78) 
thrown [s\src\hotspot\share\interpreter\linkResolver.cpp, line 784]
Event: 56.036 Thread 0x000001fac3e0d2a0 Exception <a 'java/lang/NoSuchMethodError'{0x00000000bc012870}: 'java.lang.Object java.lang.invoke.DirectMethodHandle$Holder.invokeSpecial(java.lang.Object, java.lang.Object, java.lang.Object, java.lang.Object, java.lang.Object, java.lang.Object, java.lang.Object, java.lang.Object, java.lang.Object, int)'> (0x00000000bc012870) 
thrown [s\src\hotspot\share\interpreter\linkResolver.cpp, line 784]
Event: 58.395 Thread 0x000001fac3e0d2a0 Exception <a 'java/lang/NoSuchMethodError'{0x00000000b7346678}: 'java.lang.Object java.lang.invoke.DirectMethodHandle$Holder.invokeStatic(java.lang.Object, java.lang.Object, java.lang.Object, java.lang.Object, java.lang.Object, java.lang.Object, int, java.lang.Object)'> (0x00000000b7346678) 
thrown [s\src\hotspot\share\interpreter\linkResolver.cpp, line 784]
Event: 61.154 Thread 0x000001fab8361990 Exception <a 'java/lang/NoSuchMethodError'{0x00000000b9ba5a38}: 'void java.lang.invoke.DirectMethodHandle$Holder.invokeSpecialIFC(java.lang.Object, java.lang.Object, java.lang.Object, java.lang.Object)'> (0x00000000b9ba5a38) 
thrown [s\src\hotspot\share\interpreter\linkResolver.cpp, line 784]
Event: 62.015 Thread 0x000001fac3e0d2a0 Exception <a 'java/lang/NoSuchMethodError'{0x00000000bad37290}: 'java.lang.Object java.lang.invoke.DirectMethodHandle$Holder.newInvokeSpecial(java.lang.Object, int, int, java.lang.Object)'> (0x00000000bad37290) 
thrown [s\src\hotspot\share\interpreter\linkResolver.cpp, line 784]
Event: 62.016 Thread 0x000001fac3e0d2a0 Exception <a 'java/lang/NoSuchMethodError'{0x00000000bad3aff0}: 'java.lang.Object java.lang.invoke.DirectMethodHandle$Holder.invokeSpecial(java.lang.Object, java.lang.Object, int, int, java.lang.Object)'> (0x00000000bad3aff0) 
thrown [s\src\hotspot\share\interpreter\linkResolver.cpp, line 784]
Event: 62.017 Thread 0x000001fac3e0d2a0 Exception <a 'java/lang/NoSuchMethodError'{0x00000000bad3e628}: 'java.lang.Object java.lang.invoke.Invokers$Holder.linkToTargetMethod(int, int, java.lang.Object, java.lang.Object)'> (0x00000000bad3e628) 
thrown [s\src\hotspot\share\interpreter\linkResolver.cpp, line 784]
Event: 62.231 Thread 0x000001fac3e0d2a0 Exception <a 'java/lang/NoSuchMethodError'{0x00000000b82831d8}: 'java.lang.Object java.lang.invoke.DirectMethodHandle$Holder.invokeStatic(java.lang.Object, java.lang.Object, java.lang.Object, java.lang.Object, java.lang.Object, int)'> (0x00000000b82831d8) 
thrown [s\src\hotspot\share\interpreter\linkResolver.cpp, line 784]
Event: 66.333 Thread 0x000001fac3e2dfc0 Exception <a 'sun/nio/fs/WindowsException'{0x00000000bb081130}> (0x00000000bb081130) 
thrown [s\src\hotspot\share\prims\jni.cpp, line 537]
Event: 69.440 Thread 0x000001fac3e2dfc0 Implicit null exception at 0x000001faa1214120 to 0x000001faa121441b
Event: 69.541 Thread 0x000001fac3e2dfc0 Exception <a 'sun/nio/fs/WindowsException'{0x00000000c13d0fa8}> (0x00000000c13d0fa8) 
thrown [s\src\hotspot\share\prims\jni.cpp, line 537]
Event: 76.817 Thread 0x000001fac3e2dfc0 Exception <a 'sun/nio/fs/WindowsException'{0x00000000c1589f90}> (0x00000000c1589f90) 
thrown [s\src\hotspot\share\prims\jni.cpp, line 537]
Event: 92.183 Thread 0x000001fab8361990 Exception <a 'sun/nio/fs/WindowsException'{0x00000000bb11bbb8}> (0x00000000bb11bbb8) 
thrown [s\src\hotspot\share\prims\jni.cpp, line 537]

ZGC Phase Switch (0 events):
No events

VM Operations (20 events):
Event: 92.872 Executing VM operation: G1CollectForAllocation (G1 Evacuation Pause) done
Event: 93.874 Executing VM operation: Cleanup
Event: 93.874 Executing VM operation: Cleanup done
Event: 93.918 Executing VM operation: G1CollectForAllocation (G1 Evacuation Pause)
Event: 93.949 Executing VM operation: G1CollectForAllocation (G1 Evacuation Pause) done
Event: 94.586 Executing VM operation: G1PauseRemark
Event: 94.614 Executing VM operation: G1PauseRemark done
Event: 95.141 Executing VM operation: G1PauseCleanup
Event: 95.142 Executing VM operation: G1PauseCleanup done
Event: 95.449 Executing VM operation: G1CollectForAllocation (G1 Evacuation Pause)
Event: 95.480 Executing VM operation: G1CollectForAllocation (G1 Evacuation Pause) done
Event: 96.491 Executing VM operation: Cleanup
Event: 96.491 Executing VM operation: Cleanup done
Event: 97.504 Executing VM operation: Cleanup
Event: 98.132 Executing VM operation: Cleanup done
Event: 98.151 Executing VM operation: G1CollectForAllocation (G1 Evacuation Pause)
Event: 99.176 Executing VM operation: G1CollectForAllocation (G1 Evacuation Pause) done
Event: 100.003 Executing VM operation: G1CollectForAllocation (G1 Evacuation Pause)
Event: 100.013 Executing VM operation: G1CollectForAllocation (G1 Evacuation Pause) done
Event: 100.319 Executing VM operation: G1PauseRemark

Memory protections (0 events):
No events

Nmethod flushes (20 events):
Event: 103.438 Thread 0x000001faad1b7af0 flushing  nmethod 0x000001fa99f24210
Event: 103.438 Thread 0x000001faad1b7af0 flushing  nmethod 0x000001fa9a1def90
Event: 103.438 Thread 0x000001faad1b7af0 flushing  nmethod 0x000001fa9a3dbc10
Event: 103.438 Thread 0x000001faad1b7af0 flushing  nmethod 0x000001fa9a5e5e10
Event: 103.438 Thread 0x000001faad1b7af0 flushing  nmethod 0x000001fa9aa3d790
Event: 103.438 Thread 0x000001faad1b7af0 flushing  nmethod 0x000001fa9aa3db10
Event: 103.438 Thread 0x000001faad1b7af0 flushing  nmethod 0x000001fa9b495710
Event: 103.438 Thread 0x000001faad1b7af0 flushing  nmethod 0x000001fa9b5f3010
Event: 103.438 Thread 0x000001faad1b7af0 flushing  nmethod 0x000001fa9b6ac990
Event: 103.438 Thread 0x000001faad1b7af0 flushing  nmethod 0x000001fa9b6b1110
Event: 103.438 Thread 0x000001faad1b7af0 flushing  nmethod 0x000001fa9b80e190
Event: 103.438 Thread 0x000001faad1b7af0 flushing  nmethod 0x000001fa9c1f7d10
Event: 103.438 Thread 0x000001faad1b7af0 flushing  nmethod 0x000001fa9c20da90
Event: 103.438 Thread 0x000001faad1b7af0 flushing  nmethod 0x000001fa9c28ce10
Event: 103.438 Thread 0x000001faad1b7af0 flushing  nmethod 0x000001fa9c485f10
Event: 103.438 Thread 0x000001faad1b7af0 flushing  nmethod 0x000001fa9c75b510
Event: 103.438 Thread 0x000001faad1b7af0 flushing  nmethod 0x000001fa9c790410
Event: 103.438 Thread 0x000001faad1b7af0 flushing  nmethod 0x000001fa9c7bcb90
Event: 103.438 Thread 0x000001faad1b7af0 flushing  nmethod 0x000001fa9ca9e910
Event: 103.438 Thread 0x000001faad1b7af0 flushing  nmethod 0x000001fa9d5fe810

Events (20 events):
Event: 41.863 Thread 0x000001fab8361990 Thread added: 0x000001fac3e0ab40
Event: 42.084 Thread 0x000001fab8361990 Thread added: 0x000001fac3e08a70
Event: 42.164 Thread 0x000001fab8361300 Thread added: 0x000001fac3e0b1d0
Event: 42.240 Thread 0x000001fab8361300 Thread added: 0x000001fac3e0a4b0
Event: 42.860 Thread 0x000001fab8361300 Thread added: 0x000001fac3e0d930
Event: 42.949 Thread 0x000001fac3e0d930 Thread added: 0x000001fac3e0d2a0
Event: 42.967 Thread 0x000001fab8361990 Thread added: 0x000001fac3e0ece0
Event: 43.225 Thread 0x000001fac3d21f90 Thread exited: 0x000001fac3d21f90
Event: 43.225 Thread 0x000001fab8340150 Thread exited: 0x000001fab8340150
Event: 43.533 Thread 0x000001faad3b2c30 Thread added: 0x000001fac3d21f90
Event: 43.694 Thread 0x000001fac3d21f90 Thread exited: 0x000001fac3d21f90
Event: 43.851 Thread 0x000001faad3b2c30 Thread added: 0x000001fac3d21f90
Event: 44.044 Thread 0x000001fab8361990 Thread added: 0x000001fac3e2e650
Event: 44.218 Thread 0x000001fac3d21f90 Thread exited: 0x000001fac3d21f90
Event: 45.514 Thread 0x000001fab8361990 Thread added: 0x000001fac3e2dfc0
Event: 46.434 Thread 0x000001faad3b2c30 Thread added: 0x000001fac3d24870
Event: 47.235 Thread 0x000001fac3d24870 Thread exited: 0x000001fac3d24870
Event: 62.445 Thread 0x000001fac3e0d2a0 Thread exited: 0x000001fac3e0d2a0
Event: 96.079 Thread 0x000001faad3b2c30 Thread added: 0x000001fab833bd30
Event: 97.098 Thread 0x000001faad3b2c30 Thread added: 0x000001fab833df40


Dynamic libraries:
0x00007ff7b5ad0000 - 0x00007ff7b5ada000 	C:\Program Files\Android\Android Studio\jbr\bin\java.exe
0x00007ffa2db40000 - 0x00007ffa2dda6000 	C:\WINDOWS\SYSTEM32\ntdll.dll
0x00007ffa2cbc0000 - 0x00007ffa2cc89000 	C:\WINDOWS\System32\KERNEL32.DLL
0x00007ffa2aee0000 - 0x00007ffa2b2df000 	C:\WINDOWS\System32\KERNELBASE.dll
0x00007ffa2b2f0000 - 0x00007ffa2b43c000 	C:\WINDOWS\System32\ucrtbase.dll
0x00007ffa17af0000 - 0x00007ffa17b0b000 	C:\Program Files\Android\Android Studio\jbr\bin\VCRUNTIME140.dll
0x00007ffa17fb0000 - 0x00007ffa17fc8000 	C:\Program Files\Android\Android Studio\jbr\bin\jli.dll
0x00007ffa2d7f0000 - 0x00007ffa2d9b6000 	C:\WINDOWS\System32\USER32.dll
0x00007ffa0ae30000 - 0x00007ffa0b0c1000 	C:\WINDOWS\WinSxS\amd64_microsoft.windows.common-controls_6595b64144ccf1df_6.0.26100.8972_none_3e0da176e32f9d4b\COMCTL32.dll
0x00007ffa2b650000 - 0x00007ffa2b677000 	C:\WINDOWS\System32\win32u.dll
0x00007ffa2cd20000 - 0x00007ffa2cdc9000 	C:\WINDOWS\System32\msvcrt.dll
0x00007ffa2c270000 - 0x00007ffa2c29b000 	C:\WINDOWS\System32\GDI32.dll
0x00007ffa2b740000 - 0x00007ffa2b869000 	C:\WINDOWS\System32\gdi32full.dll
0x00007ffa2b4e0000 - 0x00007ffa2b583000 	C:\WINDOWS\System32\msvcp_win.dll
0x00007ffa2c8e0000 - 0x00007ffa2c912000 	C:\WINDOWS\System32\IMM32.DLL
0x00007ffa17ae0000 - 0x00007ffa17aec000 	C:\Program Files\Android\Android Studio\jbr\bin\vcruntime140_1.dll
0x00007ff9ff160000 - 0x00007ff9ff1ed000 	C:\Program Files\Android\Android Studio\jbr\bin\msvcp140.dll
0x00007ff9a4a80000 - 0x00007ff9a5716000 	C:\Program Files\Android\Android Studio\jbr\bin\server\jvm.dll
0x00007ffa2c630000 - 0x00007ffa2c6ec000 	C:\WINDOWS\System32\ADVAPI32.dll
0x00007ffa2ce40000 - 0x00007ffa2ceea000 	C:\WINDOWS\System32\sechost.dll
0x00007ffa2d9e0000 - 0x00007ffa2daf8000 	C:\WINDOWS\System32\RPCRT4.dll
0x00007ffa2cc90000 - 0x00007ffa2cd12000 	C:\WINDOWS\System32\WS2_32.dll
0x00007ffa2abb0000 - 0x00007ffa2ac0e000 	C:\WINDOWS\SYSTEM32\POWRPROF.dll
0x00007ffa19a70000 - 0x00007ffa19a7b000 	C:\WINDOWS\SYSTEM32\VERSION.dll
0x00007ffa10420000 - 0x00007ffa10456000 	C:\WINDOWS\SYSTEM32\WINMM.dll
0x00007ffa2ab90000 - 0x00007ffa2aba5000 	C:\WINDOWS\SYSTEM32\UMPDC.dll
0x00007ffa29a40000 - 0x00007ffa29a5b000 	C:\WINDOWS\SYSTEM32\kernel.appcore.dll
0x00007ffa17ab0000 - 0x00007ffa17aba000 	C:\Program Files\Android\Android Studio\jbr\bin\jimage.dll
0x00007ffa252e0000 - 0x00007ffa25522000 	C:\WINDOWS\SYSTEM32\DBGHELP.DLL
0x00007ffa2c2a0000 - 0x00007ffa2c625000 	C:\WINDOWS\System32\combase.dll
0x00007ffa2c920000 - 0x00007ffa2c9f9000 	C:\WINDOWS\System32\OLEAUT32.dll
0x00007ffa08ef0000 - 0x00007ffa08f2b000 	C:\WINDOWS\SYSTEM32\dbgcore.DLL
0x00007ffa2b680000 - 0x00007ffa2b72c000 	C:\WINDOWS\System32\bcryptPrimitives.dll
0x00007ffa11f40000 - 0x00007ffa11f4e000 	C:\Program Files\Android\Android Studio\jbr\bin\instrument.dll
0x00007ffa17a90000 - 0x00007ffa17ab0000 	C:\Program Files\Android\Android Studio\jbr\bin\java.dll
0x00007ffa179d0000 - 0x00007ffa179e8000 	C:\Program Files\Android\Android Studio\jbr\bin\zip.dll
0x00007ffa2d050000 - 0x00007ffa2d7d8000 	C:\WINDOWS\System32\SHELL32.dll
0x00007ffa28820000 - 0x00007ffa290bb000 	C:\WINDOWS\SYSTEM32\windows.storage.dll
0x00007ffa2cef0000 - 0x00007ffa2cfe9000 	C:\WINDOWS\System32\SHCORE.dll
0x00007ffa2cdd0000 - 0x00007ffa2ce36000 	C:\WINDOWS\System32\shlwapi.dll
0x00007ffa2ac70000 - 0x00007ffa2ac99000 	C:\WINDOWS\SYSTEM32\profapi.dll
0x00007ffa17a50000 - 0x00007ffa17a60000 	C:\Program Files\Android\Android Studio\jbr\bin\net.dll
0x00007ffa1c3c0000 - 0x00007ffa1c4e8000 	C:\WINDOWS\SYSTEM32\WINHTTP.dll
0x00007ffa29ff0000 - 0x00007ffa2a05c000 	C:\WINDOWS\system32\mswsock.dll
0x00007ffa13030000 - 0x00007ffa13046000 	C:\Program Files\Android\Android Studio\jbr\bin\nio.dll
0x00007ffa17860000 - 0x00007ffa17870000 	C:\Program Files\Android\Android Studio\jbr\bin\verify.dll
0x00007ffa168c0000 - 0x00007ffa168e7000 	C:\Users\DELL\.gradle\native\c067742578af261105cb4f569cf0c3c89f3d7b1fecec35dd04571415982c5e48\windows-amd64\native-platform.dll
0x00007ffa16b40000 - 0x00007ffa16c84000 	C:\Users\DELL\.gradle\native\100fb08df4bc3b14c8652ba06237920a3bd2aa13389f12d3474272988ae205f9\windows-amd64\native-platform-file-events.dll
0x00007ffa17160000 - 0x00007ffa17169000 	C:\Program Files\Android\Android Studio\jbr\bin\management.dll
0x00007ffa16a90000 - 0x00007ffa16a9b000 	C:\Program Files\Android\Android Studio\jbr\bin\management_ext.dll
0x00007ffa2bd50000 - 0x00007ffa2bd58000 	C:\WINDOWS\System32\PSAPI.DLL
0x00007ffa2a2e0000 - 0x00007ffa2a2fb000 	C:\WINDOWS\SYSTEM32\CRYPTSP.dll
0x00007ffa299a0000 - 0x00007ffa299d9000 	C:\WINDOWS\system32\rsaenh.dll
0x00007ffa2a0a0000 - 0x00007ffa2a0d2000 	C:\WINDOWS\SYSTEM32\USERENV.dll
0x00007ffa2ac40000 - 0x00007ffa2ac6a000 	C:\WINDOWS\SYSTEM32\bcrypt.dll
0x00007ffa2a300000 - 0x00007ffa2a30c000 	C:\WINDOWS\SYSTEM32\CRYPTBASE.dll
0x00007ffa294c0000 - 0x00007ffa294f3000 	C:\WINDOWS\SYSTEM32\IPHLPAPI.DLL
0x00007ffa2d7e0000 - 0x00007ffa2d7ea000 	C:\WINDOWS\System32\NSI.dll
0x00007ffa128b0000 - 0x00007ffa128b9000 	C:\Program Files\Android\Android Studio\jbr\bin\extnet.dll
0x00007ff9bd540000 - 0x00007ff9bd548000 	C:\WINDOWS\system32\wshunix.dll

JVMTI agents:
C:\Users\DELL\.gradle\wrapper\dists\gradle-8.11.1-bin\bpt9gzteqjrbo1mjrsomdt32c\gradle-8.11.1\lib\agents\gradle-instrumentation-agent-8.11.1.jar path:C:\Program Files\Android\Android Studio\jbr\bin\instrument.dll, loaded, initialized, instrumentlib options:none

dbghelp: loaded successfully - version: 4.0.5 - missing functions: none
symbol engine: initialized successfully - sym options: 0x614 - pdb path: .;C:\Program Files\Android\Android Studio\jbr\bin;C:\WINDOWS\SYSTEM32;C:\WINDOWS\WinSxS\amd64_microsoft.windows.common-controls_6595b64144ccf1df_6.0.26100.8972_none_3e0da176e32f9d4b;C:\Program Files\Android\Android Studio\jbr\bin\server;C:\Users\DELL\.gradle\native\c067742578af261105cb4f569cf0c3c89f3d7b1fecec35dd04571415982c5e48\windows-amd64;C:\Users\DELL\.gradle\native\100fb08df4bc3b14c8652ba06237920a3bd2aa13389f12d3474272988ae205f9\windows-amd64

VM Arguments:
jvm_args: --add-opens=java.base/java.lang=ALL-UNNAMED --add-opens=java.base/java.lang.invoke=ALL-UNNAMED --add-opens=java.base/java.util=ALL-UNNAMED --add-opens=java.prefs/java.util.prefs=ALL-UNNAMED --add-exports=jdk.compiler/com.sun.tools.javac.api=ALL-UNNAMED --add-exports=jdk.compiler/com.sun.tools.javac.util=ALL-UNNAMED --add-opens=java.base/java.util=ALL-UNNAMED --add-opens=java.prefs/java.util.prefs=ALL-UNNAMED --add-opens=java.base/java.nio.charset=ALL-UNNAMED --add-opens=java.base/java.net=ALL-UNNAMED --add-opens=java.base/java.util.concurrent.atomic=ALL-UNNAMED --add-opens=java.xml/javax.xml.namespace=ALL-UNNAMED -XX:MaxMetaspaceSize=384m -XX:+UseG1GC -Xmx1536m -Dfile.encoding=UTF-8 -Duser.country=ID -Duser.language=en -Duser.variant -javaagent:C:\Users\DELL\.gradle\wrapper\dists\gradle-8.11.1-bin\bpt9gzteqjrbo1mjrsomdt32c\gradle-8.11.1\lib\agents\gradle-instrumentation-agent-8.11.1.jar 
java_command: org.gradle.launcher.daemon.bootstrap.GradleDaemon 8.11.1
java_class_path (initial): C:\Users\DELL\.gradle\wrapper\dists\gradle-8.11.1-bin\bpt9gzteqjrbo1mjrsomdt32c\gradle-8.11.1\lib\gradle-daemon-main-8.11.1.jar
Launcher Type: SUN_STANDARD

[Global flags]
     intx CICompilerCount                          = 4                                         {product} {ergonomic}
   size_t CompressedClassSpaceSize                 = 335544320                                 {product} {ergonomic}
     uint ConcGCThreads                            = 2                                         {product} {ergonomic}
     uint G1ConcRefinementThreads                  = 8                                         {product} {ergonomic}
   size_t G1HeapRegionSize                         = 1048576                                   {product} {ergonomic}
    uintx GCDrainStackTargetSize                   = 64                                        {product} {ergonomic}
   size_t InitialHeapSize                          = 132120576                                 {product} {ergonomic}
   size_t MarkStackSize                            = 4194304                                   {product} {ergonomic}
   size_t MaxHeapSize                              = 1610612736                                {product} {command line}
   size_t MaxMetaspaceSize                         = 402653184                                 {product} {command line}
   size_t MaxNewSize                               = 965738496                                 {product} {ergonomic}
   size_t MinHeapDeltaBytes                        = 1048576                                   {product} {ergonomic}
   size_t MinHeapSize                              = 8388608                                   {product} {ergonomic}
    uintx NonNMethodCodeHeapSize                   = 5839372                                {pd product} {ergonomic}
    uintx NonProfiledCodeHeapSize                  = 122909434                              {pd product} {ergonomic}
    uintx ProfiledCodeHeapSize                     = 122909434                              {pd product} {ergonomic}
    uintx ReservedCodeCacheSize                    = 251658240                              {pd product} {ergonomic}
     bool SegmentedCodeCache                       = true                                      {product} {ergonomic}
   size_t SoftMaxHeapSize                          = 1610612736                             {manageable} {ergonomic}
     bool UseCompressedOops                        = true                           {product lp64_product} {ergonomic}
     bool UseG1GC                                  = true                                      {product} {command line}
     bool UseLargePagesIndividualAllocation        = false                                  {pd product} {ergonomic}

Logging:
Log output configuration:
 #0: stdout all=warning uptime,level,tags foldmultilines=false
 #1: stderr all=off uptime,level,tags foldmultilines=false

Environment Variables:
JAVA_HOME=C:\Program Files\Android\Android Studio\jbr
CLASSPATH=D:\bizgrow-project\upstyle\multi_platform\bizgrow-kmp\\gradle\wrapper\gradle-wrapper.jar
PATH=C:\Program Files\Android\Android Studio\jbr\bin;C:\Program Files\WindowsApps\Microsoft.PowerShell_7.6.6.0_x64__8wekyb3d8bbwe;C:/Users/DELL/.gemini/antigravity-ide/bin;C:\oraclexe\app\oracle\product\11.2.0\server\bin;;C:\Program Files\Python313\Scripts\;C:\Program Files\Python313\;C:\WINDOWS\system32;C:\WINDOWS;C:\WINDOWS\System32\Wbem;C:\WINDOWS\System32\WindowsPowerShell\v1.0\;C:\WINDOWS\System32\OpenSSH\;C:\Program Files\Git\cmd;C:\xampp\php;C:\composer;C:\Program Files\nodejs\;C:\Program Files\PuTTY\;C:\Users\DELL\AppData\Local\agy\bin;C:\Users\DELL\AppData\Local\Microsoft\WindowsApps;C:\Users\DELL\AppData\Local\Programs\Microsoft VS Code\bin;C:\Users\DELL\AppData\Roaming\Composer\vendor\bin;C:\Users\DELL\AppData\Roaming\npm;C:\Users\DELL\AppData\Local\Programs\Kiro\bin;C:\Users\DELL\AppData\Local\Programs\Antigravity IDE\bin
USERNAME=DELL
OS=Windows_NT
PROCESSOR_IDENTIFIER=Intel64 Family 6 Model 142 Stepping 12, GenuineIntel
TMP=C:\Users\DELL\AppData\Local\Temp
TEMP=C:\Users\DELL\AppData\Local\Temp




Periodic native trim disabled

JNI global refs:
JNI global refs: 31, weak refs: 597

JNI global refs memory usage: 835, weak refs: 6585

Process memory usage:
Resident Set Size: 1244812K (15% of 8198356K total physical memory with 607540K free physical memory)

OOME stack traces (most recent first):
Classloader memory used:
Loader org.gradle.internal.classloader.VisitableURLClassLoader                         : 104M
Loader java.net.URLClassLoader                                                         : 70885K
Loader org.gradle.internal.classloader.VisitableURLClassLoader$InstrumentingVisitableURLClassLoader: 60301K
Loader bootstrap                                                                       : 31625K
Loader org.gradle.initialization.MixInLegacyTypesClassLoader                           : 12467K
Loader jdk.internal.jrtfs.JrtFileSystemProvider$JrtFsLoader                            : 663K
Loader jdk.internal.loader.ClassLoaders$PlatformClassLoader                            : 512K
Loader org.gradle.internal.classloader.VisitableURLClassLoader                         : 368K
Loader jdk.internal.reflect.DelegatingClassLoader                                      : 306K
Loader jdk.internal.loader.ClassLoaders$AppClassLoader                                 : 232K

Classes loaded by more than one classloader:
Class Program                                                                         : loaded 7 times (x 72B)
Class Build_gradle$1                                                                  : loaded 5 times (x 75B)
Class Build_gradle                                                                    : loaded 5 times (x 130B)
Class org.jetbrains.kotlin.com.intellij.util.containers.Stack                         : loaded 3 times (x 213B)
Class org.jetbrains.kotlin.cli.common.messages.CompilerMessageSeverity$Companion      : loaded 3 times (x 71B)
Class org.jetbrains.kotlin.cli.common.CompilerSystemProperties$Companion              : loaded 3 times (x 71B)
Class jdk.internal.jrtfs.JrtDirectoryStream                                           : loaded 3 times (x 89B)
Class jdk.internal.jrtfs.JrtFileSystem                                                : loaded 3 times (x 102B)
Class jdk.internal.jimage.ImageStrings                                                : loaded 3 times (x 70B)
Class jdk.internal.jimage.decompressor.ZipDecompressor                                : loaded 3 times (x 75B)
Class jdk.internal.jimage.decompressor.ZipDecompressorFactory                         : loaded 3 times (x 74B)
Class jdk.internal.jimage.ImageReader$Directory                                       : loaded 3 times (x 84B)
Class jdk.internal.jimage.decompressor.CompressedResourceHeader                       : loaded 3 times (x 71B)
Class jdk.internal.jimage.decompressor.ResourceDecompressorRepository                 : loaded 3 times (x 71B)
Class jdk.internal.jimage.ImageReader$SharedImageReader$LocationVisitor               : loaded 3 times (x 70B)
Class jdk.internal.jrtfs.JrtPath                                                      : loaded 3 times (x 118B)
Class jdk.internal.jimage.ImageBufferCache                                            : loaded 3 times (x 71B)
Class [Lorg.jetbrains.kotlin.cli.common.CompilerSystemProperties;                     : loaded 3 times (x 69B)
Class jdk.internal.jrtfs.JrtFileAttributes                                            : loaded 3 times (x 83B)
Class jdk.internal.jimage.ImageReader$Resource                                        : loaded 3 times (x 84B)
Class jdk.internal.jimage.decompressor.Decompressor                                   : loaded 3 times (x 72B)
Class org.jetbrains.kotlin.util.capitalizeDecapitalize.CapitalizeDecapitalizeKt       : loaded 3 times (x 71B)
Class jdk.internal.jimage.BasicImageReader$1                                          : loaded 3 times (x 77B)
Class jdk.internal.jimage.ImageReader$Node                                            : loaded 3 times (x 84B)
Class jdk.internal.jimage.decompressor.ResourceDecompressorFactory                    : loaded 3 times (x 74B)
Class jdk.internal.jimage.ImageReader$SharedImageReader                               : loaded 3 times (x 95B)
Class [Lorg.jetbrains.kotlin.cli.common.messages.CompilerMessageSeverity;             : loaded 3 times (x 69B)
Class jdk.internal.jimage.ImageReader                                                 : loaded 3 times (x 75B)
Class jdk.internal.jimage.ImageStringsReader                                          : loaded 3 times (x 80B)
Class jdk.internal.jimage.decompressor.ResourceDecompressor$StringsProvider           : loaded 3 times (x 70B)
Class jdk.internal.jimage.decompressor.ResourceDecompressor                           : loaded 3 times (x 70B)
Class org.jetbrains.kotlin.cli.common.messages.MessageCollector                       : loaded 3 times (x 70B)
Class org.jetbrains.kotlin.config.ApiVersion                                          : loaded 3 times (x 86B)
Class jdk.internal.jimage.ImageHeader                                                 : loaded 3 times (x 71B)
Class jdk.internal.jimage.ImageBufferCache$2                                          : loaded 3 times (x 91B)
Class jdk.internal.jimage.ImageBufferCache$1                                          : loaded 3 times (x 83B)
Class org.gradle.kotlin.dsl.VersionCatalogAccessorsKt                                 : loaded 3 times (x 71B)
Class jdk.internal.jrtfs.JrtDirectoryStream$1                                         : loaded 3 times (x 83B)
Class jdk.internal.jimage.ImageLocation                                               : loaded 3 times (x 90B)
Class jdk.internal.jrtfs.JrtFileSystemProvider                                        : loaded 3 times (x 101B)
Class jdk.internal.jrtfs.SystemImage$2                                                : loaded 3 times (x 76B)
Class jdk.internal.jrtfs.SystemImage$1                                                : loaded 3 times (x 78B)
Class org.jetbrains.kotlin.cli.common.messages.CompilerMessageSeverity                : loaded 3 times (x 79B)
Class org.jetbrains.kotlin.cli.common.CompilerSystemProperties                        : loaded 3 times (x 80B)
Class jdk.internal.jrtfs.SystemImage                                                  : loaded 3 times (x 74B)
Class jdk.internal.jimage.decompressor.StringSharingDecompressorFactory               : loaded 3 times (x 74B)
Class jdk.internal.jimage.BasicImageReader                                            : loaded 3 times (x 95B)
Class kotlin.coroutines.jvm.internal.CompletedContinuation                            : loaded 2 times (x 75B)
Class org.jetbrains.kotlin.com.fasterxml.aalto.in.ByteBasedPNameFactory               : loaded 2 times (x 71B)
Class kotlinx.coroutines.internal.ResizableAtomicArray                                : loaded 2 times (x 72B)
Class org.jetbrains.kotlin.com.intellij.ide.plugins.PathResolver                      : loaded 2 times (x 70B)
Class org.jetbrains.kotlin.com.intellij.util.containers.FastUtilHashingStrategies     : loaded 2 times (x 71B)
Class org.jetbrains.kotlin.com.intellij.openapi.util.registry.Registry$1              : loaded 2 times (x 77B)
Class kotlin.io.TextStreamsKt                                                         : loaded 2 times (x 71B)
Class org.jetbrains.kotlin.backend.jvm.JvmLoweringPhasesKt$jvmLoweringPhases$14       : loaded 2 times (x 125B)
Class org.jetbrains.kotlin.backend.common.lower.KotlinNothingValueExceptionLowering   : loaded 2 times (x 86B)
Class org.jetbrains.kotlin.backend.common.lower.SharedVariablesLowering               : loaded 2 times (x 85B)
Class org.jetbrains.kotlin.backend.jvm.lower.JvmInventNamesForLocalClasses            : loaded 2 times (x 85B)
Class org.jetbrains.kotlin.com.intellij.openapi.util.ObjectNode                       : loaded 2 times (x 72B)
Class kotlin.text.StringsKt__StringsKt                                                : loaded 2 times (x 71B)
Class kotlin.NotImplementedError                                                      : loaded 2 times (x 82B)
Class com.google.common.base.PairwiseEquivalence                                      : loaded 2 times (x 83B)
Class com.google.common.base.Equivalence$Identity                                     : loaded 2 times (x 82B)
Class com.google.common.collect.RegularImmutableMap$KeySet                            : loaded 2 times (x 150B)
Class org.gradle.internal.classloader.FilteringClassLoader                            : loaded 2 times (x 105B)
Class org.jetbrains.kotlin.com.intellij.psi.impl.file.PsiDirectoryFactory             : loaded 2 times (x 76B)
Class org.jetbrains.kotlin.codegen.inline.TypeRemapper                                : loaded 2 times (x 72B)
Class org.jetbrains.kotlin.backend.jvm.codegen.IrCallGenerator$DefaultCallGenerator   : loaded 2 times (x 81B)
Class [Lorg.jetbrains.org.objectweb.asm.tree.analysis.Frame;                          : loaded 2 times (x 69B)
Class org.jetbrains.kotlin.descriptors.TypeParameterDescriptor                        : loaded 2 times (x 70B)
Class org.jetbrains.kotlin.codegen.inline.InlineCodegenUtilsKt$getMethodNode$$inlined$getMethodNode$1: loaded 2 times (x 87B)
Class org.jetbrains.kotlin.backend.common.lower.loops.handlers.RangeToHandler         : loaded 2 times (x 80B)
Class org.jetbrains.kotlin.backend.jvm.intrinsics.ArrayIterator                       : loaded 2 times (x 73B)
Class org.jetbrains.kotlin.backend.jvm.intrinsics.Equals                              : loaded 2 times (x 74B)
Class org.jetbrains.kotlin.backend.jvm.MemoizedMultiFieldValueClassReplacements       : loaded 2 times (x 76B)
Class org.jetbrains.kotlin.backend.jvm.JvmSymbolsKt                                   : loaded 2 times (x 71B)
Class org.jetbrains.kotlin.codegen.intrinsics.Java8ULongToString                      : loaded 2 times (x 79B)
Class org.jetbrains.kotlin.codegen.state.GenerationState$Builder                      : loaded 2 times (x 72B)
Class org.jetbrains.kotlin.ir.declarations.lazy.IrLazyFunctionBase                    : loaded 2 times (x 70B)
Class org.jetbrains.kotlin.resolve.constants.ShortValue                               : loaded 2 times (x 76B)
Class org.jetbrains.kotlin.descriptors.impl.PackageViewDescriptorFactory$Companion    : loaded 2 times (x 71B)
Class org.jetbrains.kotlin.diagnostics.rendering.RenderingContext$Key                 : loaded 2 times (x 73B)
Class org.jetbrains.kotlin.resolve.calls.inference.model.Constraint                   : loaded 2 times (x 72B)
Class org.jetbrains.kotlin.resolve.calls.inference.components.ResultTypeResolver$Context: loaded 2 times (x 70B)
Class org.jetbrains.kotlin.load.java.structure.impl.classFiles.PlainJavaWildcardType  : loaded 2 times (x 98B)
Class org.jetbrains.kotlin.load.java.structure.JavaMethod                             : loaded 2 times (x 70B)
Class org.jetbrains.kotlin.load.kotlin.KotlinClassFinder$Result$ClassFileContent      : loaded 2 times (x 72B)
Class org.jetbrains.kotlin.load.kotlin.FileBasedKotlinClass$OuterAndInnerName         : loaded 2 times (x 72B)
Class [Lorg.jetbrains.kotlin.com.intellij.psi.PsiFile;                                : loaded 2 times (x 69B)
Class org.jetbrains.kotlin.parsing.KotlinParsing$3                                    : loaded 2 times (x 112B)
Class org.jetbrains.kotlin.resolve.calls.checkers.EnumEntriesUnsupportedChecker       : loaded 2 times (x 74B)
Class org.jetbrains.kotlin.psi.KtDynamicType                                          : loaded 2 times (x 506B)
Class org.jetbrains.kotlin.psi.KtEnumEntry                                            : loaded 2 times (x 1101B)
Class org.jetbrains.kotlin.com.intellij.psi.tree.IReparseableElementTypeBase          : loaded 2 times (x 70B)
Class org.jetbrains.kotlin.protobuf.Utf8                                              : loaded 2 times (x 71B)
Class org.jetbrains.kotlin.metadata.ProtoBuf$ContractOrBuilder                        : loaded 2 times (x 70B)
Class org.jetbrains.kotlin.load.kotlin.VirtualFileFinder                              : loaded 2 times (x 89B)
Class org.jetbrains.kotlin.resolve.jvm.modules.JavaModule$Explicit                    : loaded 2 times (x 80B)
Class org.jetbrains.kotlin.com.intellij.util.text.CharArrayExternalizable             : loaded 2 times (x 70B)
Class [Lorg.jetbrains.kotlin.metadata.ProtoBuf$Visibility;                            : loaded 2 times (x 69B)
Class org.jetbrains.kotlin.types.extensions.TypeAttributeTranslators                  : loaded 2 times (x 72B)
Class org.jetbrains.kotlin.resolve.jvm.extensions.AnalysisHandlerExtension$Companion  : loaded 2 times (x 72B)
Class org.jetbrains.kotlin.codegen.extensions.ClassBuilderInterceptorExtension        : loaded 2 times (x 70B)
Class org.jetbrains.kotlin.com.intellij.lang.jvm.facade.JvmFacade                     : loaded 2 times (x 70B)
Class org.jetbrains.kotlin.com.intellij.util.Processor                                : loaded 2 times (x 70B)
Class org.jetbrains.kotlin.com.intellij.psi.scope.processor.MethodsProcessor          : loaded 2 times (x 106B)
Class org.jetbrains.kotlin.com.intellij.openapi.extensions.ExtensionPointUtil$1       : loaded 2 times (x 78B)
Class org.jetbrains.kotlin.org.codehaus.stax2.typed.TypedXMLStreamReader              : loaded 2 times (x 70B)
Class kotlinx.coroutines.internal.ThreadContextKt                                     : loaded 2 times (x 71B)
Class kotlinx.coroutines.CoroutineContextKt$hasCopyableElements$1                     : loaded 2 times (x 78B)
Class kotlinx.coroutines.BuildersKt                                                   : loaded 2 times (x 71B)
Class org.jetbrains.kotlin.com.intellij.openapi.application.QueryExecutorBase         : loaded 2 times (x 75B)
Class org.jetbrains.kotlin.com.intellij.psi.search.searches.SuperMethodsSearch$1      : loaded 2 times (x 79B)
Class kotlin.sequences.FilteringSequence$iterator$1                                   : loaded 2 times (x 79B)
Class org.jetbrains.kotlin.com.intellij.psi.impl.source.tree.CompositePsiElement      : loaded 2 times (x 394B)
Class org.jetbrains.kotlin.com.intellij.openapi.progress.Task                         : loaded 2 times (x 84B)
Class kotlin.sequences.SequencesKt__SequenceBuilderKt                                 : loaded 2 times (x 71B)
Class kotlin.io.FilesKt__FileTreeWalkKt                                               : loaded 2 times (x 71B)
Class org.jetbrains.kotlin.backend.jvm.JvmLoweringPhasesKt$jvmLoweringPhases$15       : loaded 2 times (x 125B)
Class kotlin.reflect.jvm.internal.impl.builtins.CompanionObjectMapping                : loaded 2 times (x 71B)
Class [Lorg.jetbrains.kotlin.load.java.ReportLevel;                                   : loaded 2 times (x 69B)
Class org.jetbrains.kotlin.config.CompilerConfigurationKey                            : loaded 2 times (x 72B)
Class kotlin.jvm.internal.CollectionToArray                                           : loaded 2 times (x 71B)
Class kotlin.jvm.internal.MutablePropertyReference0                                   : loaded 2 times (x 137B)
Class kotlin.collections.CollectionsKt__ReversedViewsKt                               : loaded 2 times (x 71B)
Class org.jetbrains.kotlin.analyzer.CompilationErrorException                         : loaded 2 times (x 82B)
Class [Lcom.google.common.base.AbstractIterator$State;                                : loaded 2 times (x 69B)
Class com.google.common.base.CharMatcher$IsEither                                     : loaded 2 times (x 111B)
Class org.gradle.internal.classloader.ClassLoaderHierarchy                            : loaded 2 times (x 70B)
Class org.jetbrains.kotlin.codegen.optimization.temporaryVals.TemporaryValsAnalyzer$StoreData: loaded 2 times (x 72B)
Class org.jetbrains.kotlin.types.TypeMappingUtil                                      : loaded 2 times (x 71B)
Class org.jetbrains.kotlin.codegen.coroutines.UninitializedStoresProcessor            : loaded 2 times (x 72B)
Class org.jetbrains.kotlin.types.CustomTypeParameter                                  : loaded 2 times (x 70B)
Class org.jetbrains.org.objectweb.asm.tree.Util                                       : loaded 2 times (x 71B)
Class org.jetbrains.kotlin.backend.common.lower.loops.RangeLoopTransformer$Companion  : loaded 2 times (x 71B)
Class org.jetbrains.kotlin.ir.overrides.IrUnimplementedOverridesStrategy$ProcessAsFakeOverrides: loaded 2 times (x 75B)
Class org.jetbrains.kotlin.codegen.JvmCodegenUtil                                     : loaded 2 times (x 71B)
Class org.jetbrains.kotlin.backend.jvm.MemoizedValueClassAbstractReplacements         : loaded 2 times (x 76B)
Class org.jetbrains.kotlin.backend.jvm.mapping.MethodSignatureMapper                  : loaded 2 times (x 72B)
Class org.jetbrains.kotlin.descriptors.ClassConstructorDescriptor                     : loaded 2 times (x 70B)
Class org.jetbrains.kotlin.codegen.intrinsics.UnsignedIntrinsic                       : loaded 2 times (x 79B)
Class org.jetbrains.kotlin.com.intellij.util.containers.hash.EqualityPolicy$1         : loaded 2 times (x 77B)
Class org.jetbrains.kotlin.resolve.BindingTraceContext                                : loaded 2 times (x 105B)
Class org.jetbrains.kotlin.ir.builders.ExpressionHelpersKt                            : loaded 2 times (x 71B)
Class org.jetbrains.kotlin.ir.types.IrErrorType                                       : loaded 2 times (x 90B)
Class org.jetbrains.kotlin.ir.expressions.IrFunctionAccessExpression                  : loaded 2 times (x 112B)
Class org.jetbrains.kotlin.serialization.deserialization.LocalClassifierTypeSettings$Default: loaded 2 times (x 74B)
Class org.jetbrains.kotlin.ir.declarations.IrFactory                                  : loaded 2 times (x 73B)
Class org.jetbrains.kotlin.load.java.typeEnhancement.PredefinedEnhancementInfoKt      : loaded 2 times (x 71B)
Class org.jetbrains.kotlin.load.java.PropertiesConventionUtilKt                       : loaded 2 times (x 71B)
Class org.jetbrains.kotlin.resolve.deprecation.DeprecationLevelValue                  : loaded 2 times (x 79B)
Class org.jetbrains.kotlin.descriptors.java.JavaVisibilities$ProtectedAndPackage      : loaded 2 times (x 79B)
Class org.jetbrains.kotlin.load.java.structure.JavaMember                             : loaded 2 times (x 70B)
Class org.jetbrains.kotlin.load.kotlin.VirtualFileKotlinClass$Factory                 : loaded 2 times (x 71B)
Class org.jetbrains.kotlin.com.intellij.lexer.TokenList$WrappingLexer                 : loaded 2 times (x 85B)
Class org.jetbrains.kotlin.container.PlatformSpecificExtension                        : loaded 2 times (x 70B)
Class org.jetbrains.kotlin.resolve.checkers.ApiVersionClassifierUsageChecker          : loaded 2 times (x 74B)
Class org.jetbrains.kotlin.psi.KtExpressionWithLabel                                  : loaded 2 times (x 437B)
Class [Lorg.jetbrains.kotlin.psi.KtDeclarationStub;                                   : loaded 2 times (x 69B)
Class [Lorg.jetbrains.kotlin.psi.KtElement;                                           : loaded 2 times (x 69B)
Class org.jetbrains.kotlin.types.model.TypeArgumentMarker                             : loaded 2 times (x 70B)
Class kotlin.script.templates.standard.ScriptTemplateWithArgs                         : loaded 2 times (x 72B)
Class [Lorg.jetbrains.kotlin.com.intellij.navigation.NavigationItem;                  : loaded 2 times (x 69B)
Class org.jetbrains.kotlin.load.java.structure.JavaTypeParameterListOwner             : loaded 2 times (x 70B)
Class [Lorg.jetbrains.kotlin.metadata.ProtoBuf$Modality;                              : loaded 2 times (x 69B)
Class org.jetbrains.kotlin.resolve.checkers.DeclarationChecker                        : loaded 2 times (x 70B)
Class org.jetbrains.kotlin.extensions.internal.CallResolutionInterceptorExtension     : loaded 2 times (x 70B)
Class org.jetbrains.kotlin.resolve.jvm.extensions.SyntheticJavaResolveExtension       : loaded 2 times (x 70B)
Class org.jetbrains.kotlin.com.intellij.util.containers.WeakInterner                  : loaded 2 times (x 75B)
Class org.jetbrains.kotlin.com.intellij.util.containers.Interner                      : loaded 2 times (x 74B)
Class org.jetbrains.kotlin.com.intellij.openapi.util.RecursionGuard                   : loaded 2 times (x 75B)
Class org.jetbrains.kotlin.com.intellij.psi.impl.PsiElementFactoryImpl$1              : loaded 2 times (x 78B)
Class org.jetbrains.kotlin.com.intellij.psi.PsiDirectory                              : loaded 2 times (x 70B)
Class org.jetbrains.kotlin.com.intellij.codeInsight.JavaContainerProvider             : loaded 2 times (x 71B)
Class org.jetbrains.kotlin.com.intellij.psi.PsiKeyword                                : loaded 2 times (x 70B)
Class org.jetbrains.kotlin.com.intellij.psi.impl.source.resolve.reference.ReferenceProvidersRegistry$1: loaded 2 times (x 74B)
Class org.jetbrains.kotlin.com.intellij.openapi.vfs.newvfs.CachingVirtualFileSystem   : loaded 2 times (x 70B)
Class org.jetbrains.kotlin.com.intellij.openapi.extensions.ExtensionPointListener$Companion: loaded 2 times (x 71B)
Class org.jetbrains.kotlin.com.intellij.core.CoreApplicationEnvironment               : loaded 2 times (x 93B)
Class org.jetbrains.kotlin.backend.jvm.JvmLoweringPhasesKt$jvmLoweringPhases$16       : loaded 2 times (x 125B)
Class org.jetbrains.kotlin.backend.jvm.JvmLoweringPhasesKt$jvmFilePhases$80           : loaded 2 times (x 125B)
Class org.jetbrains.kotlin.backend.jvm.JvmBackendContext                              : loaded 2 times (x 126B)
Class org.jetbrains.kotlin.utils.DFS$Neighbors                                        : loaded 2 times (x 70B)
Class kotlin.jvm.internal.PropertyReference1Impl                                      : loaded 2 times (x 127B)
Class kotlin.SafePublicationLazyImpl$Companion                                        : loaded 2 times (x 71B)
Class org.jetbrains.kotlin.com.google.common.collect.AbstractMapEntry                 : loaded 2 times (x 81B)
Class kotlin.jvm.internal.MutablePropertyReference1                                   : loaded 2 times (x 137B)
Class com.google.common.collect.ImmutableEnumSet                                      : loaded 2 times (x 146B)
Class com.google.common.util.concurrent.ExecutionError                                : loaded 2 times (x 82B)
Class com.google.common.collect.ImmutableList$1                                       : loaded 2 times (x 97B)
Class org.gradle.api.internal.classpath.ManifestUtil                                  : loaded 2 times (x 71B)
Class org.jetbrains.kotlin.resolve.scopes.AbstractScopeAdapter                        : loaded 2 times (x 100B)
Class org.jetbrains.kotlin.utils.SmartIdentityTable                                   : loaded 2 times (x 72B)
Class org.jetbrains.kotlin.backend.jvm.lower.SyntheticAccessorLoweringKt              : loaded 2 times (x 71B)
Class org.jetbrains.kotlin.backend.jvm.intrinsics.Clone                               : loaded 2 times (x 73B)
Class org.jetbrains.kotlin.backend.jvm.intrinsics.IrIntrinsicMethods$Key              : loaded 2 times (x 72B)
Class org.jetbrains.kotlin.backend.common.lower.SpecialBridgeMethods$specialMethodsWithDefaults$1: loaded 2 times (x 125B)
Class org.jetbrains.kotlin.util.slicedMap.Slices$1                                    : loaded 2 times (x 75B)
Class org.jetbrains.kotlin.codegen.AccessorForCallableDescriptor                      : loaded 2 times (x 70B)
Class org.jetbrains.kotlin.codegen.intrinsics.IteratorNext$Companion                  : loaded 2 times (x 71B)
Class org.jetbrains.kotlin.resolve.deprecation.DeprecationResolver$Companion          : loaded 2 times (x 71B)
Class org.jetbrains.kotlin.com.intellij.util.containers.hash.EqualityPolicy$2         : loaded 2 times (x 77B)
Class org.jetbrains.kotlin.util.slicedMap.ReadOnlySlice                               : loaded 2 times (x 70B)
Class org.jetbrains.kotlin.ir.interpreter.state.StateWithClosure                      : loaded 2 times (x 70B)
Class [Lorg.jetbrains.kotlin.ir.symbols.IrClassifierSymbol;                           : loaded 2 times (x 69B)
Class org.jetbrains.kotlin.ir.overrides.IrOverrideChecker                             : loaded 2 times (x 72B)
Class org.jetbrains.kotlin.load.java.FieldOverridabilityCondition                     : loaded 2 times (x 75B)
Class org.jetbrains.kotlin.diagnostics.PositioningStrategies$QUESTION_MARK_BY_TYPE$1  : loaded 2 times (x 74B)
Class org.jetbrains.kotlin.types.AbstractTypeApproximator$WhenMappings                : loaded 2 times (x 71B)
Class org.jetbrains.kotlin.resolve.calls.components.PostponedArgumentsAnalyzerContext : loaded 2 times (x 70B)
Class org.jetbrains.kotlin.metadata.ProtoBuf$Effect$InvocationKind$1                  : loaded 2 times (x 74B)
Class [Lorg.jetbrains.kotlin.descriptors.annotations.KotlinTarget;                    : loaded 2 times (x 69B)
Class org.jetbrains.kotlin.load.kotlin.KotlinClassFinder$Result$KotlinClass           : loaded 2 times (x 72B)
Class org.jetbrains.kotlin.com.intellij.openapi.util.UnprotectedUserDataHolder        : loaded 2 times (x 84B)
Class org.jetbrains.kotlin.psi.KtTryExpression                                        : loaded 2 times (x 441B)
Class [Lorg.jetbrains.kotlin.psi.KtTypeProjection;                                    : loaded 2 times (x 69B)
Class org.jetbrains.kotlin.psi.KtObjectDeclaration                                    : loaded 2 times (x 1099B)
Class org.jetbrains.kotlin.com.intellij.extapi.psi.StubBasedPsiElementBase$1          : loaded 2 times (x 77B)
Class org.jetbrains.kotlin.resolve.checkers.SealedInterfaceAllowedChecker             : loaded 2 times (x 74B)
Class org.jetbrains.kotlin.resolve.checkers.ReservedMembersAndConstructsForValueClass : loaded 2 times (x 74B)
Class org.jetbrains.kotlin.protobuf.GeneratedMessageLite$1                            : loaded 2 times (x 71B)
Class org.jetbrains.kotlin.metadata.ProtoBuf$FunctionOrBuilder                        : loaded 2 times (x 70B)
Class org.jetbrains.kotlin.protobuf.GeneratedMessageLite$ExtendableMessageOrBuilder   : loaded 2 times (x 70B)
Class org.jetbrains.kotlin.resolve.jvm.KotlinJavaPsiFacade                            : loaded 2 times (x 85B)
Class org.jetbrains.kotlin.resolve.extensions.SyntheticResolveExtension               : loaded 2 times (x 70B)
Class org.jetbrains.kotlin.com.intellij.util.containers.LinkedCustomHashMap$Entry     : loaded 2 times (x 79B)
Class org.jetbrains.kotlin.psi.stubs.KotlinFileStub                                   : loaded 2 times (x 70B)
Class [Lorg.jetbrains.kotlin.com.intellij.ide.plugins.MyXmlInterner;                  : loaded 2 times (x 69B)
Class kotlin.ranges.IntProgression$Companion                                          : loaded 2 times (x 71B)
Class org.jetbrains.kotlin.com.intellij.util.cls.ClsFormatException                   : loaded 2 times (x 82B)
Class org.jetbrains.kotlin.com.intellij.psi.ClassFileViewProviderFactory              : loaded 2 times (x 75B)
Class org.jetbrains.kotlin.kotlinx.collections.immutable.implementations.immutableSet.PersistentHashSet$Companion: loaded 2 times (x 71B)
Class org.jetbrains.kotlin.cli.jvm.compiler.KotlinCoreApplicationEnvironmentMode$UnitTest: loaded 2 times (x 71B)
Class org.jetbrains.kotlin.cli.common.config.ContentRootsKt                           : loaded 2 times (x 71B)
Class org.jetbrains.kotlin.backend.jvm.JvmLoweringPhasesKt$jvmLoweringPhases$17       : loaded 2 times (x 125B)
Class org.jetbrains.kotlin.backend.jvm.JvmLoweringPhasesKt$jvmFilePhases$81           : loaded 2 times (x 125B)
Class org.jetbrains.kotlin.backend.jvm.lower.TailCallOptimizationLowering             : loaded 2 times (x 80B)
Class org.jetbrains.kotlin.it.unimi.dsi.fastutil.Hash$Strategy                        : loaded 2 times (x 70B)
Class [Lorg.jetbrains.kotlin.config.JvmTarget;                                        : loaded 2 times (x 69B)
Class org.jetbrains.kotlin.config.LanguageVersionSettingsKt                           : loaded 2 times (x 71B)
Class org.jetbrains.kotlin.storage.MemoizedFunctionToNotNull                          : loaded 2 times (x 70B)
Class org.jetbrains.kotlin.com.google.common.collect.CollectPreconditions             : loaded 2 times (x 71B)
Class org.jetbrains.kotlin.com.google.common.collect.Multiset                         : loaded 2 times (x 70B)
Class org.jetbrains.kotlin.com.google.common.collect.AbstractMultimap                 : loaded 2 times (x 123B)
Class org.jetbrains.kotlin.it.unimi.dsi.fastutil.objects.ObjectSet                    : loaded 2 times (x 70B)
Class kotlin.reflect.jvm.internal.ReflectProperties$Val                               : loaded 2 times (x 74B)
Class kotlin.jvm.internal.MutablePropertyReference2                                   : loaded 2 times (x 137B)
Class org.jetbrains.kotlin.cli.common.arguments.ArgumentField                         : loaded 2 times (x 72B)
Class kotlin.collections.builders.MapBuilder                                          : loaded 2 times (x 112B)
Class com.google.common.io.ByteArrayDataOutput                                        : loaded 2 times (x 70B)
Class com.google.common.collect.RegularImmutableMap                                   : loaded 2 times (x 121B)
Class com.google.common.collect.ImmutableMap$MapViewOfValuesAsSingletonSets           : loaded 2 times (x 125B)
Class [Lorg.jetbrains.kotlin.com.intellij.lang.jvm.JvmAnnotation;                     : loaded 2 times (x 69B)
Class org.jetbrains.kotlin.com.intellij.openapi.vfs.impl.ZipHandler$1                 : loaded 2 times (x 86B)
Class org.jetbrains.kotlin.codegen.ClassFileUtilsKt                                   : loaded 2 times (x 71B)
Class org.jetbrains.kotlin.backend.jvm.codegen.ExpressionCodegen$getOrCreateCallGenerator$mappings$1: loaded 2 times (x 125B)
Class org.jetbrains.kotlin.codegen.optimization.common.StrictBasicValue$Companion     : loaded 2 times (x 71B)
Class org.jetbrains.kotlin.codegen.optimization.boxing.BoxingInterpreterKt            : loaded 2 times (x 71B)
Class org.jetbrains.kotlin.codegen.optimization.RedundantCheckcastsBeforeAastoreMethodTransformer: loaded 2 times (x 72B)
Class org.jetbrains.kotlin.codegen.ClassNameCollectionClassBuilderFactory$ClassNameCollectionClassBuilder: loaded 2 times (x 101B)
Class org.jetbrains.kotlin.backend.jvm.lower.BridgeLowering$Bridge                    : loaded 2 times (x 72B)
Class org.jetbrains.kotlin.storage.LockBasedStorageManager$LockBasedLazyValueWithPostCompute: loaded 2 times (x 87B)
Class org.jetbrains.org.objectweb.asm.tree.FieldInsnNode                              : loaded 2 times (x 79B)
Class org.jetbrains.kotlin.backend.jvm.lower.PolymorphicSignatureLowering$Data        : loaded 2 times (x 72B)
Class org.jetbrains.kotlin.ir.declarations.DescriptorMetadataSource$File              : loaded 2 times (x 83B)
Class org.jetbrains.kotlin.storage.LockBasedStorageManager$CacheWithNotNullValuesBasedOnMemoizedFunction: loaded 2 times (x 89B)
Class org.jetbrains.kotlin.backend.common.lower.SpecialBridgeMethods$specialMethodsWithDefaults$2: loaded 2 times (x 125B)
Class org.jetbrains.kotlin.util.slicedMap.Slices$2                                    : loaded 2 times (x 75B)
Class org.jetbrains.kotlin.codegen.context.LocalLookup                                : loaded 2 times (x 70B)
Class org.jetbrains.kotlin.codegen.context.ClassContext                               : loaded 2 times (x 112B)
Class org.jetbrains.kotlin.codegen.AccessorForPropertyDescriptor                      : loaded 2 times (x 401B)
Class [Lorg.jetbrains.kotlin.ir.types.IrType;                                         : loaded 2 times (x 69B)
Class org.jetbrains.kotlin.ir.types.impl.IrCapturedType                               : loaded 2 times (x 96B)
Class org.jetbrains.kotlin.ir.expressions.IrMemberAccessExpression                    : loaded 2 times (x 112B)
Class org.jetbrains.kotlin.ir.expressions.IrExpressionBody                            : loaded 2 times (x 90B)
Class org.jetbrains.kotlin.types.model.MarkerExtensionsKt                             : loaded 2 times (x 71B)
Class org.jetbrains.kotlin.load.java.structure.impl.classFiles.BinaryJavaModifierListOwner: loaded 2 times (x 70B)
Class org.jetbrains.kotlin.com.google.common.collect.RegularImmutableMap              : loaded 2 times (x 121B)
Class kotlin.collections.builders.ListBuilder$Itr                                     : loaded 2 times (x 94B)
Class org.jetbrains.kotlin.com.intellij.psi.LiteralTextEscaper                        : loaded 2 times (x 76B)
Class [Lorg.jetbrains.kotlin.psi.KtCallElement;                                       : loaded 2 times (x 69B)
Class [Lorg.jetbrains.kotlin.psi.KtValVarKeywordOwner;                                : loaded 2 times (x 69B)
Class [Lorg.jetbrains.kotlin.psi.KtDeclarationWithBody;                               : loaded 2 times (x 69B)
Class org.jetbrains.kotlin.container.InvalidCardinalityException                      : loaded 2 times (x 82B)
Class [Lorg.jetbrains.kotlin.types.model.TypeArgumentListMarker;                      : loaded 2 times (x 69B)
Class org.jetbrains.kotlin.protobuf.UnmodifiableLazyStringList                        : loaded 2 times (x 277B)
Class org.jetbrains.kotlin.protobuf.ByteString$Output                                 : loaded 2 times (x 86B)
Class org.jetbrains.kotlin.metadata.ProtoBuf$StringTable                              : loaded 2 times (x 108B)
Class kotlin.script.experimental.dependencies.DependenciesResolver                    : loaded 2 times (x 70B)
Class org.jetbrains.kotlin.extensions.internal.CandidateInterceptor                   : loaded 2 times (x 72B)
Class org.jetbrains.kotlin.com.intellij.psi.PsiReferenceExpression                    : loaded 2 times (x 70B)
Class org.jetbrains.kotlin.com.intellij.openapi.vfs.VirtualFileSetFactoryKt           : loaded 2 times (x 71B)
Class kotlinx.coroutines.ChildHandle                                                  : loaded 2 times (x 70B)
Class org.jetbrains.kotlin.com.intellij.codeInsight.folding.impl.JavaFoldingBuilderBase: loaded 2 times (x 75B)
Class kotlin.sequences.TransformingSequence                                           : loaded 2 times (x 75B)
Class org.jetbrains.kotlin.com.intellij.ide.highlighter.JavaClassFileType             : loaded 2 times (x 80B)
Class org.jetbrains.kotlin.com.intellij.openapi.vfs.impl.ZipHandlerBase               : loaded 2 times (x 83B)
Class kotlinx.coroutines.CoroutineScope                                               : loaded 2 times (x 70B)
Class org.jetbrains.kotlin.com.intellij.openapi.util.registry.EarlyAccessRegistryManagerKt$configFile$2: loaded 2 times (x 78B)
Class org.jetbrains.kotlin.backend.common.phaser.PhaseConfig                          : loaded 2 times (x 86B)
Class org.jetbrains.kotlin.backend.jvm.JvmLoweringPhasesKt$jvmLoweringPhases$18       : loaded 2 times (x 125B)
Class org.jetbrains.kotlin.backend.jvm.JvmLoweringPhasesKt$jvmFilePhases$82           : loaded 2 times (x 125B)
Class org.jetbrains.kotlin.backend.jvm.lower.ToArrayLowering                          : loaded 2 times (x 85B)
Class org.jetbrains.kotlin.ir.declarations.IrFile                                     : loaded 2 times (x 120B)
Class org.jetbrains.kotlin.backend.common.phaser.BackendContextHolder                 : loaded 2 times (x 70B)
Class org.jetbrains.kotlin.it.unimi.dsi.fastutil.objects.AbstractReference2ObjectFunction: loaded 2 times (x 98B)
Class org.jetbrains.kotlin.it.unimi.dsi.fastutil.Hash                                 : loaded 2 times (x 70B)
Class org.jetbrains.kotlin.config.ExplicitApiMode$Companion                           : loaded 2 times (x 71B)
Class [Lorg.objectweb.asm.Symbol;                                                     : loaded 2 times (x 69B)
Class org.objectweb.asm.ClassVisitor                                                  : loaded 2 times (x 88B)
Class com.google.common.collect.UnmodifiableListIterator                              : loaded 2 times (x 95B)
Class org.jetbrains.kotlin.kotlinx.collections.immutable.implementations.immutableMap.PersistentHashMapValues: loaded 2 times (x 133B)
Class org.jetbrains.kotlin.codegen.inline.MethodInliner$Companion                     : loaded 2 times (x 71B)
Class org.jetbrains.kotlin.codegen.inline.MethodInliner                               : loaded 2 times (x 72B)
Class org.jetbrains.kotlin.codegen.Or                                                 : loaded 2 times (x 91B)
Class org.jetbrains.kotlin.backend.jvm.codegen.JvmFieldSignatureClashDetector         : loaded 2 times (x 74B)
Class org.jetbrains.kotlin.ir.descriptors.IrBasedFunctionDescriptor$getValueParameters$1: loaded 2 times (x 125B)
Class org.jetbrains.kotlin.backend.jvm.lower.TypeOperatorLowering$ClassContext        : loaded 2 times (x 72B)
Class org.jetbrains.kotlin.backend.jvm.ir.IrInlineReferenceLocatorKt                  : loaded 2 times (x 71B)
Class org.jetbrains.kotlin.backend.common.lower.loops.DefaultHeaderInfoBuilder        : loaded 2 times (x 332B)
Class org.jetbrains.kotlin.backend.common.lower.ArrayConstructorTransformer           : loaded 2 times (x 510B)
Class org.jetbrains.kotlin.backend.jvm.intrinsics.IrCheckNotNull                      : loaded 2 times (x 73B)
Class org.jetbrains.kotlin.backend.common.lower.SpecialBridgeMethods$specialMethodsWithDefaults$3: loaded 2 times (x 125B)
Class org.jetbrains.kotlin.codegen.intrinsics.HashCode$Companion                      : loaded 2 times (x 71B)
Class org.jetbrains.kotlin.codegen.intrinsics.Increment                               : loaded 2 times (x 78B)
Class org.jetbrains.kotlin.resolve.diagnostics.KotlinSuppressCache                    : loaded 2 times (x 80B)
Class org.jetbrains.kotlin.backend.jvm.ir.JvmIrTypeUtilsKt                            : loaded 2 times (x 71B)
Class org.jetbrains.kotlin.ir.interpreter.state.Complex                               : loaded 2 times (x 70B)
Class org.jetbrains.kotlin.ir.types.impl.IrTypeProjectionImpl                         : loaded 2 times (x 80B)
Class org.jetbrains.kotlin.serialization.deserialization.LocalClassifierTypeSettings  : loaded 2 times (x 70B)
Class org.jetbrains.kotlin.ir.declarations.IrAttributeContainer                       : loaded 2 times (x 70B)
Class org.jetbrains.kotlin.diagnostics.rendering.DiagnosticParameterRendererKt$ContextDependentRenderer$1: loaded 2 times (x 75B)
Class org.jetbrains.kotlin.load.java.BuiltinSpecialPropertiesKt                       : loaded 2 times (x 71B)
Class org.jetbrains.kotlin.load.kotlin.FileBasedKotlinClass$4$1                       : loaded 2 times (x 76B)
Class org.jetbrains.kotlin.metadata.ProtoBuf$Effect$EffectType                        : loaded 2 times (x 82B)
Class org.jetbrains.kotlin.load.java.typeEnhancement.TypeComponentPosition            : loaded 2 times (x 79B)
Class org.jetbrains.kotlin.load.java.typeEnhancement.AbstractSignatureParts           : loaded 2 times (x 90B)
Class org.jetbrains.kotlin.load.java.structure.JavaPrimitiveType                      : loaded 2 times (x 70B)
Class org.jetbrains.kotlin.com.intellij.lang.WhitespacesBinders$1                     : loaded 2 times (x 75B)
Class org.jetbrains.kotlin.com.intellij.lang.impl.PsiBuilderImpl$ErrorItem            : loaded 2 times (x 99B)
Class org.jetbrains.kotlin.resolve.calls.model.ResolvedCall                           : loaded 2 times (x 70B)
Class org.jetbrains.kotlin.psi.KtWhenEntryGuard                                       : loaded 2 times (x 376B)
Class [Lorg.jetbrains.kotlin.psi.KtScript;                                            : loaded 2 times (x 69B)
Class [Lorg.jetbrains.kotlin.psi.KtBackingField;                                      : loaded 2 times (x 69B)
Class org.jetbrains.kotlin.psi.stubs.elements.KtPropertyElementType                   : loaded 2 times (x 104B)
Class org.jetbrains.kotlin.resolve.checkers.InfixModifierChecker                      : loaded 2 times (x 74B)
Class org.jetbrains.kotlin.types.model.TypeConstructorMarker                          : loaded 2 times (x 70B)
Class org.jetbrains.kotlin.load.kotlin.VirtualFileFinderFactory                       : loaded 2 times (x 70B)
Class [Lorg.jetbrains.kotlin.com.intellij.pom.Navigatable;                            : loaded 2 times (x 69B)
Class org.jetbrains.kotlin.com.intellij.util.containers.ConcurrentSoftValueHashMap    : loaded 2 times (x 149B)
Class org.jetbrains.kotlin.com.intellij.openapi.wm.ex.ProgressIndicatorEx             : loaded 2 times (x 70B)
Class org.jetbrains.kotlin.com.intellij.mock.MockFileIndexFacade                      : loaded 2 times (x 85B)
Class kotlinx.coroutines.scheduling.CoroutineScheduler                                : loaded 2 times (x 81B)
Class kotlinx.coroutines.scheduling.SchedulerTimeSource                               : loaded 2 times (x 72B)
Class kotlinx.coroutines.EventLoopImplPlatform                                        : loaded 2 times (x 107B)
Class org.jetbrains.kotlin.com.intellij.util.containers.WeakList                      : loaded 2 times (x 122B)
Class org.jetbrains.kotlin.com.intellij.psi.PsiDocCommentOwner                        : loaded 2 times (x 70B)
Class org.jetbrains.kotlin.com.intellij.psi.impl.source.tree.CompositeElement         : loaded 2 times (x 223B)
Class org.jetbrains.kotlin.kotlinx.collections.immutable.implementations.immutableMap.TrieNode$ModificationResult: loaded 2 times (x 72B)
Class org.jetbrains.kotlin.com.intellij.openapi.fileTypes.FileTypeRegistry            : loaded 2 times (x 80B)
Class org.jetbrains.kotlin.com.intellij.diagnostic.LoadingState                       : loaded 2 times (x 79B)
Class org.jetbrains.kotlin.backend.jvm.JvmLoweringPhasesKt$jvmLoweringPhases$19       : loaded 2 times (x 125B)
Class org.jetbrains.kotlin.backend.jvm.JvmLoweringPhasesKt$jvmFilePhases$83           : loaded 2 times (x 125B)
Class org.jetbrains.kotlin.backend.common.phaser.PhaseConfigurationService            : loaded 2 times (x 70B)
Class org.jetbrains.kotlin.it.unimi.dsi.fastutil.objects.ReferenceCollection          : loaded 2 times (x 70B)
Class kotlin.reflect.jvm.internal.impl.name.FqName                                    : loaded 2 times (x 72B)
Class org.jetbrains.kotlin.config.JvmTarget$Companion                                 : loaded 2 times (x 71B)
Class org.jetbrains.kotlin.com.google.common.collect.LinkedHashMultimapGwtSerializationDependencies: loaded 2 times (x 174B)
Class [Lkotlin.reflect.KClass;                                                        : loaded 2 times (x 69B)
Class org.objectweb.asm.MethodTooLargeException                                       : loaded 2 times (x 83B)
Class [Lcom.google.common.cache.CacheBuilder$OneWeigher;                              : loaded 2 times (x 69B)
Class com.google.common.base.Suppliers                                                : loaded 2 times (x 71B)
Class com.google.common.base.Platform$JdkPatternCompiler                              : loaded 2 times (x 75B)
Class org.gradle.internal.classloader.DefaultClassLoaderFactory                       : loaded 2 times (x 82B)
Class org.jetbrains.kotlin.com.intellij.psi.impl.DebugUtil                            : loaded 2 times (x 71B)
Class org.jetbrains.kotlin.diagnostics.DiagnosticFactoryWithPsiElement                : loaded 2 times (x 80B)
Class org.jetbrains.kotlin.codegen.inline.AsmTypeRemapper                             : loaded 2 times (x 88B)
Class org.jetbrains.kotlin.util.slicedMap.OpenAddressLinearProbingHashTableKt         : loaded 2 times (x 71B)
Class org.jetbrains.kotlin.codegen.optimization.nullCheck.RedundantNullCheckMethodTransformer$TransformerPass: loaded 2 times (x 72B)
Class [Lorg.jetbrains.kotlin.types.error.ErrorScopeKind;                              : loaded 2 times (x 69B)
Class org.jetbrains.kotlin.resolve.inline.InlineOnlyKt                                : loaded 2 times (x 71B)
Class org.jetbrains.kotlin.backend.common.lower.loops.handlers.DefaultIterableHandler : loaded 2 times (x 80B)
Class org.jetbrains.kotlin.backend.jvm.lower.SingletonOrConstantDelegationTransformer : loaded 2 times (x 501B)
Class org.jetbrains.kotlin.backend.common.phaser.DumperVerifierKt$WhenMappings        : loaded 2 times (x 71B)
Class org.jetbrains.kotlin.backend.common.lower.SpecialBridgeMethods$specialMethodsWithDefaults$4: loaded 2 times (x 125B)
Class org.jetbrains.kotlin.backend.jvm.mapping.MethodSignatureMapper$Companion        : loaded 2 times (x 71B)
Class org.jetbrains.kotlin.backend.common.output.OutputFileCollection                 : loaded 2 times (x 70B)
Class org.jetbrains.kotlin.descriptors.impl.SimpleFunctionDescriptorImpl              : loaded 2 times (x 351B)
Class org.jetbrains.kotlin.codegen.intrinsics.CompareTo                               : loaded 2 times (x 78B)
Class [Lorg.jetbrains.kotlin.resolve.diagnostics.DiagnosticSuppressor;                : loaded 2 times (x 69B)
Class org.jetbrains.kotlin.ir.interpreter.checker.EvaluationMode                      : loaded 2 times (x 80B)
Class [Lorg.jetbrains.kotlin.ir.symbols.IrClassSymbol;                                : loaded 2 times (x 69B)
Class org.jetbrains.kotlin.ir.declarations.lazy.IrLazySymbolTable                     : loaded 2 times (x 87B)
Class org.jetbrains.kotlin.name.NameUtils                                             : loaded 2 times (x 71B)
Class org.jetbrains.kotlin.types.checker.KotlinTypeRefiner$Default                    : loaded 2 times (x 79B)
Class org.jetbrains.kotlin.renderer.PropertyAccessorRenderingPolicy                   : loaded 2 times (x 79B)
Class org.jetbrains.kotlin.renderer.DescriptorRenderer$Companion                      : loaded 2 times (x 71B)
Class org.jetbrains.kotlin.ir.declarations.IrPossiblyExternalDeclaration              : loaded 2 times (x 70B)
Class org.jetbrains.kotlin.ir.declarations.IrDeclarationWithVisibility                : loaded 2 times (x 70B)
Class org.jetbrains.kotlin.diagnostics.PositioningStrategies$IMPORT_LAST_NAME$1       : loaded 2 times (x 74B)
Class org.jetbrains.kotlin.diagnostics.PositioningStrategies$SELECTOR_BY_QUALIFIED$1  : loaded 2 times (x 74B)
Class org.jetbrains.kotlin.diagnostics.PositioningStrategies$WHEN_CONDITION_IN_RANGE$1: loaded 2 times (x 74B)
Class kotlin.sequences.SequencesKt___SequencesKt$flatMap$1                            : loaded 2 times (x 125B)
Class org.jetbrains.kotlin.kotlinx.collections.immutable.implementations.immutableMap.PersistentHashMapBaseIterator: loaded 2 times (x 82B)
Class org.jetbrains.kotlin.types.AbstractTypeRefiner$Default                          : loaded 2 times (x 72B)
Class org.jetbrains.kotlin.load.kotlin.FileBasedKotlinClass$4$2                       : loaded 2 times (x 105B)
Class org.jetbrains.kotlin.metadata.jvm.deserialization.JvmNameResolver               : loaded 2 times (x 80B)
Class org.jetbrains.kotlin.builtins.CompanionObjectMapping                            : loaded 2 times (x 71B)
Class org.jetbrains.kotlin.load.java.structure.MutableJavaAnnotationOwner             : loaded 2 times (x 70B)
Class org.jetbrains.kotlin.psi.KtVisitorVoid                                          : loaded 2 times (x 303B)
Class org.jetbrains.kotlin.com.intellij.lang.WhitespacesBinders$2                     : loaded 2 times (x 75B)
Class org.jetbrains.kotlin.it.unimi.dsi.fastutil.ints.IntBidirectionalIterator        : loaded 2 times (x 70B)
Class org.jetbrains.kotlin.it.unimi.dsi.fastutil.objects.ObjectBidirectionalIterator  : loaded 2 times (x 70B)
Class org.jetbrains.kotlin.it.unimi.dsi.fastutil.Stack                                : loaded 2 times (x 70B)
Class [Lorg.jetbrains.kotlin.resolve.jvm.JvmPrimitiveType;                            : loaded 2 times (x 69B)
Class org.jetbrains.kotlin.resolve.jvm.modules.JavaModuleResolver$SERVICE             : loaded 2 times (x 71B)
Class org.jetbrains.kotlin.resolve.checkers.MissingDependencySupertypeChecker$ForCalls: loaded 2 times (x 74B)
Class org.jetbrains.kotlin.types.UnwrappedType                                        : loaded 2 times (x 86B)
Class org.jetbrains.kotlin.util.OperatorNameConventions                               : loaded 2 times (x 71B)
Class org.jetbrains.kotlin.container.ComponentStorage                                 : loaded 2 times (x 75B)
Class org.jetbrains.kotlin.mpp.CallableSymbolMarker                                   : loaded 2 times (x 70B)
Class org.jetbrains.kotlin.protobuf.LazyStringArrayList                               : loaded 2 times (x 280B)
Class [Lorg.jetbrains.kotlin.it.unimi.dsi.fastutil.objects.Object2ObjectMap;          : loaded 2 times (x 69B)
Class org.jetbrains.org.objectweb.asm.ClassVisitor                                    : loaded 2 times (x 87B)
Class [Lorg.jetbrains.kotlin.com.intellij.psi.PsiQualifiedNamedElement;               : loaded 2 times (x 69B)
Class org.jetbrains.kotlin.resolve.jvm.KotlinCliJavaFileManager                       : loaded 2 times (x 70B)
Class org.jetbrains.kotlin.com.intellij.psi.PsiTypes                                  : loaded 2 times (x 71B)
Class org.jetbrains.kotlin.com.fasterxml.aalto.in.ByteBasedPNameTable$Bucket          : loaded 2 times (x 72B)
Class org.jetbrains.kotlin.com.fasterxml.aalto.in.ElementScope                        : loaded 2 times (x 72B)
Class org.jetbrains.kotlin.com.fasterxml.aalto.WFCException                           : loaded 2 times (x 85B)
Class kotlinx.coroutines.CopyableThreadContextElement                                 : loaded 2 times (x 70B)
Class org.jetbrains.kotlin.com.intellij.psi.meta.MetaDataContributor                  : loaded 2 times (x 70B)
Class org.jetbrains.kotlin.com.intellij.psi.StubBuilder                               : loaded 2 times (x 70B)
Class [Lorg.jetbrains.kotlin.com.intellij.psi.tree.IElementType;                      : loaded 2 times (x 69B)
Class [Lorg.jetbrains.kotlin.com.intellij.openapi.progress.impl.CoreProgressManager$CheckCanceledBehavior;: loaded 2 times (x 69B)
Class org.jetbrains.kotlin.com.intellij.openapi.progress.Task$Modal                   : loaded 2 times (x 84B)
Class org.jetbrains.kotlin.com.intellij.openapi.vfs.VirtualFileCopyEvent              : loaded 2 times (x 78B)
Class [Lorg.jetbrains.kotlin.com.intellij.util.messages.Topic$BroadcastDirection;     : loaded 2 times (x 69B)
Class org.jetbrains.kotlin.com.intellij.util.containers.DisposableWrapperList         : loaded 2 times (x 199B)
Class org.jetbrains.kotlin.com.intellij.ide.plugins.PluginEnabler$Headless            : loaded 2 times (x 70B)
Class org.jetbrains.kotlin.cli.jvm.compiler.KotlinCoreEnvironment$Companion           : loaded 2 times (x 71B)
Class kotlin.sequences.SequencesKt___SequencesKt                                      : loaded 2 times (x 71B)
Class org.jetbrains.kotlin.backend.common.lower.InitializersLoweringBase              : loaded 2 times (x 73B)
Class org.jetbrains.kotlin.backend.common.phaser.AbstractNamedCompilerPhase           : loaded 2 times (x 85B)
Class org.jetbrains.kotlin.config.JVMConfigurationKeys                                : loaded 2 times (x 71B)
Class kotlin.KotlinVersion$Companion                                                  : loaded 2 times (x 71B)
Class org.jetbrains.kotlin.config.LanguageVersionSettings                             : loaded 2 times (x 70B)
Class kotlin.collections.AbstractList$Companion                                       : loaded 2 times (x 71B)
Class com.google.common.base.CharMatcher$None                                         : loaded 2 times (x 112B)
Class org.gradle.internal.classloader.ClassLoaderVisitor                              : loaded 2 times (x 76B)
Class jdk.internal.jrtfs.ExplodedImage                                                : loaded 2 times (x 77B)
Class org.jetbrains.kotlin.codegen.coroutines.CoroutineCodegenUtilKt                  : loaded 2 times (x 71B)
Class org.jetbrains.kotlin.backend.jvm.codegen.AnnotationCodegen                      : loaded 2 times (x 74B)
Class org.jetbrains.org.objectweb.asm.tree.FrameNode                                  : loaded 2 times (x 79B)
Class org.jetbrains.org.objectweb.asm.commons.Method                                  : loaded 2 times (x 76B)
Class org.jetbrains.kotlin.backend.common.lower.loops.handlers.CharSequenceIterationHandler: loaded 2 times (x 85B)
Class org.jetbrains.kotlin.backend.common.lower.loops.RangeLoopTransformer$headerInfoBuilder$1: loaded 2 times (x 125B)
Class org.jetbrains.kotlin.backend.common.lower.loops.handlers.UntilHandler           : loaded 2 times (x 80B)
Class org.jetbrains.kotlin.backend.jvm.intrinsics.NewArray                            : loaded 2 times (x 73B)
Class org.jetbrains.kotlin.backend.common.lower.SpecialBridgeMethods$specialMethodsWithDefaults$5: loaded 2 times (x 125B)
Class org.jetbrains.kotlin.backend.common.Mapping$AttributeBasedMapping               : loaded 2 times (x 74B)
Class org.jetbrains.kotlin.codegen.intrinsics.Inv                                     : loaded 2 times (x 78B)
Class org.jetbrains.kotlin.codegen.intrinsics.IntrinsicPropertyGetter                 : loaded 2 times (x 79B)
Class org.jetbrains.kotlin.idea.MainFunctionDetector                                  : loaded 2 times (x 72B)
Class org.jetbrains.kotlin.resolve.BindingTraceContext$1                              : loaded 2 times (x 92B)
Class org.jetbrains.kotlin.serialization.deserialization.AnnotationAndConstantLoader  : loaded 2 times (x 70B)
Class org.jetbrains.kotlin.resolve.checkers.OptInNames                                : loaded 2 times (x 71B)
Class org.jetbrains.kotlin.serialization.deserialization.IncompatibleVersionErrorData : loaded 2 times (x 72B)
Class org.jetbrains.kotlin.diagnostics.rendering.LanguageFeatureMessageRenderer$Type  : loaded 2 times (x 79B)
Class org.jetbrains.kotlin.diagnostics.PositioningStrategies$DECLARATION_START_TO_NAME$1: loaded 2 times (x 74B)
Class org.jetbrains.kotlin.metadata.jvm.JvmProtoBuf$StringTableTypesOrBuilder         : loaded 2 times (x 70B)
Class org.jetbrains.kotlin.load.java.structure.ListBasedJavaAnnotationOwner           : loaded 2 times (x 70B)
Class org.jetbrains.kotlin.com.google.common.collect.ImmutableSet$RegularSetBuilderImpl: loaded 2 times (x 77B)
Class org.jetbrains.kotlin.parsing.TrailingCommentsBinder                             : loaded 2 times (x 74B)
Class org.jetbrains.kotlin.parsing.SemanticWhitespaceAwarePsiBuilder                  : loaded 2 times (x 70B)
Class [Lorg.jetbrains.kotlin.resolve.calls.tower.CandidateApplicability;              : loaded 2 times (x 69B)
Class org.jetbrains.kotlin.metadata.ProtoBuf$Type$Argument$1                          : loaded 2 times (x 144B)
Class org.jetbrains.kotlin.resolve.checkers.DeprecatedClassifierUsageChecker          : loaded 2 times (x 74B)
Class org.jetbrains.kotlin.descriptors.DeclarationDescriptorNonRoot                   : loaded 2 times (x 70B)
Class org.jetbrains.kotlin.psi.KtScriptInitializer                                    : loaded 2 times (x 716B)
Class [Lorg.jetbrains.kotlin.psi.ValueArgument;                                       : loaded 2 times (x 69B)
Class [Lorg.jetbrains.kotlin.psi.KtUserType;                                          : loaded 2 times (x 69B)
Class [Lorg.jetbrains.kotlin.psi.KtAnonymousInitializer;                              : loaded 2 times (x 69B)
Class org.jetbrains.kotlin.com.intellij.psi.impl.source.SubstrateRef$StubRef          : loaded 2 times (x 77B)
Class org.jetbrains.kotlin.resolve.checkers.SealedInheritorInSameModuleChecker        : loaded 2 times (x 74B)
Class org.jetbrains.kotlin.types.KotlinType                                           : loaded 2 times (x 83B)
Class org.jetbrains.kotlin.resolve.calls.inference.components.PostponedArgumentInputTypesResolver: loaded 2 times (x 72B)
Class kotlin.io.FileTreeWalk$FileTreeWalkIterator                                     : loaded 2 times (x 83B)
Class org.jetbrains.kotlin.cli.jvm.modules.CliJavaModuleResolver                      : loaded 2 times (x 78B)
Class kotlin.sequences.SequencesKt___SequencesKt$flatMap$2                            : loaded 2 times (x 125B)
Class org.jetbrains.kotlin.resolve.jvm.modules.JavaModule                             : loaded 2 times (x 70B)
Class org.jetbrains.org.objectweb.asm.ClassReader                                     : loaded 2 times (x 91B)
Class org.jetbrains.kotlin.metadata.deserialization.Flags$EnumLiteFlagField           : loaded 2 times (x 76B)
Class org.jetbrains.kotlin.cli.common.extensions.ShellExtension                       : loaded 2 times (x 70B)
Class org.jetbrains.kotlin.asJava.finder.JavaElementFinder                            : loaded 2 times (x 84B)
Class org.jetbrains.kotlin.load.java.structure.impl.classFiles.BinaryClassSignatureParser$ClsFormatException: loaded 2 times (x 82B)
Class org.jetbrains.kotlin.com.intellij.psi.codeStyle.SuggestedNameInfo               : loaded 2 times (x 73B)
Class org.jetbrains.kotlin.com.intellij.psi.PsiInvalidElementAccessException          : loaded 2 times (x 85B)
Class org.jetbrains.kotlin.cli.jvm.compiler.KotlinCoreProjectEnvironment              : loaded 2 times (x 89B)
Class org.jetbrains.kotlin.com.intellij.openapi.fileTypes.PlainTextFileType           : loaded 2 times (x 90B)
Class org.jetbrains.kotlin.kotlinx.collections.immutable.implementations.immutableMap.PersistentHashMap: loaded 2 times (x 157B)
Class org.jetbrains.kotlin.com.intellij.openapi.vfs.VirtualFileListener               : loaded 2 times (x 70B)
Class [Lorg.jetbrains.kotlin.config.JvmAbiStability;                                  : loaded 2 times (x 69B)
Class org.jetbrains.kotlin.backend.common.lower.SingleAbstractMethodLowering          : loaded 2 times (x 528B)
Class org.jetbrains.kotlin.com.google.common.collect.AbstractMultimap$Entries         : loaded 2 times (x 120B)
Class org.jetbrains.kotlin.utils.PathUtil                                             : loaded 2 times (x 71B)
Class kotlin.reflect.jvm.internal.KProperty1Impl                                      : loaded 2 times (x 128B)
Class [Lcom.google.common.collect.ImmutableMapEntry;                                  : loaded 2 times (x 69B)
Class org.gradle.api.internal.classpath.EffectiveClassPath                            : loaded 2 times (x 90B)
Class org.jetbrains.kotlin.cli.common.output.NoPermissionException                    : loaded 2 times (x 82B)
Class org.jetbrains.kotlin.backend.common.output.SimpleOutputFileCollection           : loaded 2 times (x 76B)
Class org.jetbrains.kotlin.metadata.jvm.JvmProtoBuf$StringTableTypes$Builder          : loaded 2 times (x 137B)
Class org.jetbrains.kotlin.backend.jvm.codegen.JvmMethodSignatureClashDetector$Companion: loaded 2 times (x 71B)
Class [Lorg.jetbrains.kotlin.descriptors.CallableMemberDescriptor$Kind;               : loaded 2 times (x 69B)
Class org.jetbrains.kotlin.codegen.inline.SMAP                                        : loaded 2 times (x 72B)
Class org.jetbrains.org.objectweb.asm.Handle                                          : loaded 2 times (x 72B)
Class org.jetbrains.kotlin.ir.util.IrTypeParameterRemapper                            : loaded 2 times (x 77B)
Class org.jetbrains.kotlin.backend.jvm.lower.JvmLocalDeclarationsLowering$1           : loaded 2 times (x 125B)
Class org.jetbrains.kotlin.backend.jvm.InlineClassAbiKt                               : loaded 2 times (x 71B)
Class org.jetbrains.kotlin.ir.declarations.DescriptorMetadataSource                   : loaded 2 times (x 78B)
Class org.jetbrains.kotlin.backend.jvm.RootMfvcNode                                   : loaded 2 times (x 85B)
Class org.jetbrains.kotlin.backend.common.lower.SpecialBridgeMethods$specialMethodsWithDefaults$6: loaded 2 times (x 125B)
Class org.jetbrains.kotlin.mpp.FieldSymbolMarker                                      : loaded 2 times (x 70B)
Class org.jetbrains.kotlin.ir.declarations.impl.IrFileImpl                            : loaded 2 times (x 120B)
Class org.jetbrains.kotlin.resolve.scopes.MemberScopeImpl                             : loaded 2 times (x 99B)
Class org.jetbrains.kotlin.serialization.deserialization.builtins.BuiltInsPackageFragmentImpl: loaded 2 times (x 157B)
Class org.jetbrains.kotlin.backend.common.ir.Symbols$Companion                        : loaded 2 times (x 71B)
Class org.jetbrains.kotlin.ir.declarations.IrDeclarationOrigin                        : loaded 2 times (x 70B)
Class org.jetbrains.kotlin.diagnostics.PositioningStrategies$RETURN_WITH_LABEL$1      : loaded 2 times (x 74B)
Class org.jetbrains.kotlin.resolve.calls.results.SimpleConstraintSystem               : loaded 2 times (x 70B)
Class org.jetbrains.kotlin.resolve.calls.inference.model.ConstraintSystemError        : loaded 2 times (x 72B)
Class org.jetbrains.kotlin.types.TypeApproximatorConfiguration$AbstractCapturedTypesAndILTApproximation: loaded 2 times (x 88B)
Class org.jetbrains.kotlin.com.google.common.collect.SingletonImmutableBiMap          : loaded 2 times (x 143B)
Class org.jetbrains.kotlin.resolve.calls.checkers.FunInterfaceConstructorReferenceChecker: loaded 2 times (x 74B)
Class [Lorg.jetbrains.kotlin.psi.KtValueArgument;                                     : loaded 2 times (x 69B)
Class [Lorg.jetbrains.kotlin.psi.KtTypeElement;                                       : loaded 2 times (x 69B)
Class [Lorg.jetbrains.kotlin.psi.KtImportDirective;                                   : loaded 2 times (x 69B)
Class org.jetbrains.kotlin.BlockExpressionElementType                                 : loaded 2 times (x 98B)
Class org.jetbrains.kotlin.resolve.calls.checkers.CapturingInClosureChecker           : loaded 2 times (x 74B)
Class org.jetbrains.kotlin.resolve.calls.inference.components.ConstraintSystemUtilContext: loaded 2 times (x 70B)
Class org.jetbrains.kotlin.types.AbstractTypeApproximator$Companion                   : loaded 2 times (x 71B)
Class org.jetbrains.kotlin.metadata.ProtoBuf$EnumEntry                                : loaded 2 times (x 118B)
Class org.jetbrains.kotlin.metadata.jvm.deserialization.JvmMetadataVersion            : loaded 2 times (x 74B)
Class org.jetbrains.kotlin.psi.KtPureElement                                          : loaded 2 times (x 70B)
Class [Lorg.jetbrains.kotlin.it.unimi.dsi.fastutil.Hash;                              : loaded 2 times (x 69B)
Class org.jetbrains.kotlin.backend.jvm.extensions.ClassGeneratorExtension             : loaded 2 times (x 70B)
Class org.jetbrains.kotlin.com.intellij.psi.impl.file.PsiDirectoryFactoryImpl         : loaded 2 times (x 77B)
Class org.jetbrains.kotlin.com.intellij.psi.impl.source.resolve.ResolveCache$AbstractResolver: loaded 2 times (x 70B)
Class org.jetbrains.kotlin.com.fasterxml.aalto.in.StreamScanner                       : loaded 2 times (x 134B)
Class org.jetbrains.kotlin.com.fasterxml.aalto.impl.CommonConfig                      : loaded 2 times (x 73B)
Class kotlinx.coroutines.internal.LimitedDispatcher                                   : loaded 2 times (x 108B)
Class kotlinx.coroutines.DebugKt                                                      : loaded 2 times (x 71B)
Class kotlin.coroutines.ContinuationInterceptor                                       : loaded 2 times (x 70B)
Class org.jetbrains.kotlin.com.intellij.openapi.extensions.LoadingOrder$1             : loaded 2 times (x 78B)
Class org.jetbrains.kotlin.com.intellij.psi.stubs.PsiFileStub                         : loaded 2 times (x 70B)
Class org.jetbrains.kotlin.com.intellij.lang.ASTFactory$DefaultFactoryHolder          : loaded 2 times (x 71B)
Class org.jetbrains.kotlin.com.intellij.psi.impl.source.DummyHolderElement            : loaded 2 times (x 264B)
Class org.jetbrains.kotlin.com.intellij.openapi.vfs.impl.BulkVirtualFileListenerAdapter: loaded 2 times (x 78B)
Class org.jetbrains.kotlin.cli.jvm.config.JvmContentRootsKt                           : loaded 2 times (x 71B)
Class org.jetbrains.kotlin.cli.jvm.config.JvmContentRoot                              : loaded 2 times (x 70B)
Class org.jetbrains.kotlin.backend.jvm.lower.ReplaceKFunctionInvokeWithFunctionInvoke : loaded 2 times (x 338B)
Class org.jetbrains.kotlin.backend.jvm.lower.JvmDefaultConstructorLowering            : loaded 2 times (x 85B)
Class kotlin.reflect.jvm.internal.impl.name.FqNameUnsafe$1                            : loaded 2 times (x 74B)
Class org.jetbrains.kotlin.utils.WrappedValues$1                                      : loaded 2 times (x 71B)
Class org.jetbrains.kotlin.load.java.JavaTypeEnhancementState$Companion               : loaded 2 times (x 71B)
Class org.jetbrains.kotlin.config.AnalysisFlag$Delegates$ListOfStrings                : loaded 2 times (x 71B)
Class [Lorg.jetbrains.kotlin.config.LanguageOrApiVersion;                             : loaded 2 times (x 69B)
Class org.jetbrains.kotlin.com.google.common.collect.LinkedHashMultimap               : loaded 2 times (x 175B)
Class org.jetbrains.kotlin.com.intellij.util.containers.ConcurrentList                : loaded 2 times (x 70B)
Class kotlin.text.StringsKt__AppendableKt                                             : loaded 2 times (x 71B)
Class com.google.common.collect.ImmutableRangeSet                                     : loaded 2 times (x 115B)
Class com.google.common.collect.ImmutableEnumMap                                      : loaded 2 times (x 125B)
Class com.google.common.collect.ListMultimap                                          : loaded 2 times (x 70B)
Class org.jetbrains.kotlin.codegen.binding.CodegenAnnotatingVisitor                   : loaded 2 times (x 304B)
Class org.jetbrains.kotlin.codegen.optimization.common.OptimizationBasicInterpreter   : loaded 2 times (x 93B)
Class org.jetbrains.kotlin.codegen.StackValue$Constant                                : loaded 2 times (x 87B)
Class org.jetbrains.org.objectweb.asm.tree.analysis.SmallSet                          : loaded 2 times (x 136B)
Class org.jetbrains.kotlin.codegen.optimization.LabelNormalizationMethodTransformer$TransformerForMethod: loaded 2 times (x 72B)
Class org.jetbrains.kotlin.types.TypeProjection                                       : loaded 2 times (x 70B)
Class org.jetbrains.kotlin.backend.jvm.lower.TypeOperatorLowering$WhenMappings        : loaded 2 times (x 71B)
Class org.jetbrains.kotlin.codegen.signature.AsmTypeFactory                           : loaded 2 times (x 79B)
Class org.jetbrains.kotlin.backend.common.lower.loops.handlers.ArrayIndicesHandler    : loaded 2 times (x 84B)
Class org.jetbrains.kotlin.backend.jvm.IntrinsicMarker                                : loaded 2 times (x 70B)
Class org.jetbrains.kotlin.backend.common.lower.SpecialBridgeMethods$specialMethodsWithDefaults$7: loaded 2 times (x 125B)
Class org.jetbrains.kotlin.ir.util.DeclarationParentsVisitor                          : loaded 2 times (x 329B)
Class [Lorg.jetbrains.kotlin.ir.expressions.IrStatementOrigin;                        : loaded 2 times (x 69B)
Class org.jetbrains.kotlin.ir.expressions.IrStringConcatenation                       : loaded 2 times (x 104B)
Class org.jetbrains.kotlin.resolve.constants.LongValue                                : loaded 2 times (x 76B)
Class org.jetbrains.kotlin.resolve.constants.ByteValue                                : loaded 2 times (x 76B)
Class org.jetbrains.kotlin.util.ModuleVisibilityHelper                                : loaded 2 times (x 70B)
Class org.jetbrains.kotlin.descriptors.DescriptorVisibilities$1                       : loaded 2 times (x 79B)
Class org.jetbrains.kotlin.ir.symbols.IrBindableSymbol                                : loaded 2 times (x 70B)
Class org.jetbrains.kotlin.diagnostics.PositioningStrategies$PARAMETERS_WITH_DEFAULT_VALUE$1: loaded 2 times (x 74B)
Class org.jetbrains.kotlin.diagnostics.PositioningStrategies$InlineFunPositioningStrategy: loaded 2 times (x 75B)
Class org.jetbrains.kotlin.types.model.TypeSystemContextKt$WhenMappings               : loaded 2 times (x 71B)
Class org.jetbrains.kotlin.resolve.calls.inference.NewConstraintSystem                : loaded 2 times (x 70B)
Class org.jetbrains.kotlin.types.AbstractTypeRefiner                                  : loaded 2 times (x 72B)
Class org.jetbrains.kotlin.load.java.typeEnhancement.TypeEnhancementInfo              : loaded 2 times (x 72B)
Class org.jetbrains.kotlin.com.google.common.collect.ImmutableBiMap                   : loaded 2 times (x 143B)
Class org.jetbrains.kotlin.psi.KtUserType                                             : loaded 2 times (x 512B)
Class org.jetbrains.kotlin.psi.stubs.elements.KtEnumEntrySuperClassReferenceExpressionElementType: loaded 2 times (x 100B)
Class org.jetbrains.kotlin.mpp.ClassLikeSymbolMarker                                  : loaded 2 times (x 70B)
Class org.jetbrains.kotlin.name.StandardClassIds$Annotations                          : loaded 2 times (x 71B)
Class org.jetbrains.kotlin.protobuf.CodedOutputStream$ByteBufferOutputStream          : loaded 2 times (x 86B)
Class org.jetbrains.kotlin.com.intellij.openapi.ui.Queryable                          : loaded 2 times (x 70B)
Class [Lorg.jetbrains.kotlin.com.intellij.lang.jvm.types.JvmPrimitiveTypeKind;        : loaded 2 times (x 69B)
Class org.jetbrains.kotlin.com.intellij.psi.impl.source.resolve.ResolveCache$1        : loaded 2 times (x 78B)
Class org.jetbrains.kotlin.com.intellij.core.CoreProjectEnvironment                   : loaded 2 times (x 82B)
Class org.jetbrains.kotlin.com.fasterxml.aalto.util.TextBuilder                       : loaded 2 times (x 72B)
Class kotlinx.coroutines.EventLoop_commonKt                                           : loaded 2 times (x 71B)
Class org.jetbrains.kotlin.com.intellij.psi.FileViewProvider                          : loaded 2 times (x 70B)
Class org.jetbrains.kotlin.com.intellij.openapi.extensions.LoadingOrder$2             : loaded 2 times (x 78B)
Class org.jetbrains.kotlin.com.intellij.psi.FileViewProviderFactory                   : loaded 2 times (x 70B)
Class org.jetbrains.kotlin.com.intellij.psi.tree.IElementType$Predicate               : loaded 2 times (x 70B)
Class org.jetbrains.kotlin.com.intellij.psi.NavigatablePsiElement                     : loaded 2 times (x 70B)
Class org.jetbrains.kotlin.com.intellij.psi.impl.source.resolve.reference.ReferenceProvidersRegistryImpl: loaded 2 times (x 75B)
Class [Lorg.jetbrains.kotlin.com.intellij.openapi.extensions.PluginId;                : loaded 2 times (x 69B)
Class org.jetbrains.kotlin.com.intellij.openapi.application.Application               : loaded 2 times (x 70B)
Class org.jetbrains.kotlin.it.unimi.dsi.fastutil.objects.AbstractObjectSet            : loaded 2 times (x 179B)
Class kotlin.jvm.internal.AdaptedFunctionReference                                    : loaded 2 times (x 77B)
Class org.jetbrains.kotlin.backend.jvm.JvmLoweringPhasesKt$jvmFilePhases$50           : loaded 2 times (x 125B)
Class org.jetbrains.kotlin.backend.common.lower.ArrayConstructorLowering              : loaded 2 times (x 85B)
Class org.jetbrains.kotlin.backend.jvm.lower.SuspendLambdaLowering                    : loaded 2 times (x 80B)
Class org.jetbrains.kotlin.backend.jvm.lower.TypeAliasAnnotationMethodsLowering       : loaded 2 times (x 85B)
Class org.jetbrains.kotlin.storage.CacheWithNullableValues                            : loaded 2 times (x 70B)
Class kotlin.reflect.jvm.internal.KCallableImpl                                       : loaded 2 times (x 105B)
Class kotlin.reflect.KProperty$Accessor                                               : loaded 2 times (x 70B)
Class [Lkotlin.reflect.KCallable;                                                     : loaded 2 times (x 69B)
Class org.jetbrains.kotlin.com.google.common.base.Converter                           : loaded 2 times (x 90B)
Class org.jetbrains.kotlin.com.google.common.collect.Multimap                         : loaded 2 times (x 70B)
Class org.jetbrains.kotlin.it.unimi.dsi.fastutil.objects.ObjectCollection             : loaded 2 times (x 70B)
Class kotlin.jvm.internal.ArrayIteratorKt                                             : loaded 2 times (x 71B)
Class com.google.common.collect.ImmutableSet$SerializedForm                           : loaded 2 times (x 73B)
Class com.google.common.collect.Sets$1                                                : loaded 2 times (x 139B)
Class org.objectweb.asm.AnnotationVisitor                                             : loaded 2 times (x 78B)
Class com.google.common.base.Splitter                                                 : loaded 2 times (x 72B)
Class org.gradle.api.internal.DefaultClassPathProvider                                : loaded 2 times (x 76B)
Class org.jetbrains.kotlin.analyzer.AbstractAnalyzerWithCompilerReport                : loaded 2 times (x 70B)
Class org.jetbrains.kotlin.codegen.optimization.boxing.BoxedValueDescriptor           : loaded 2 times (x 72B)
Class org.jetbrains.kotlin.codegen.inline.FunctionalArgumentValue                     : loaded 2 times (x 78B)
Class org.jetbrains.kotlin.types.TypeProjectionBase                                   : loaded 2 times (x 83B)
Class org.jetbrains.kotlin.codegen.optimization.temporaryVals.TemporaryValsAnalyzer$StoredValue$DirtyStore: loaded 2 times (x 76B)
Class org.jetbrains.kotlin.descriptors.impl.ModuleAwareClassDescriptor                : loaded 2 times (x 266B)
Class org.jetbrains.kotlin.backend.jvm.MemoizedMultiFieldValueClassReplacements$RemappedParameter$RegularMapping: loaded 2 times (x 73B)
Class org.jetbrains.kotlin.backend.jvm.lower.CompanionObjectJvmStaticTransformer      : loaded 2 times (x 501B)
Class org.jetbrains.kotlin.backend.jvm.lower.JvmPropertiesLowering$Companion          : loaded 2 times (x 71B)
Class org.jetbrains.kotlin.backend.jvm.lower.JvmAnnotationImplementationTransformer   : loaded 2 times (x 519B)
Class org.jetbrains.kotlin.backend.common.lower.SpecialBridgeMethods$specialMethodsWithDefaults$8: loaded 2 times (x 125B)
Class org.jetbrains.kotlin.codegen.JvmBackendClassResolverKt                          : loaded 2 times (x 71B)
Class org.jetbrains.kotlin.com.google.common.collect.AbstractIterator                 : loaded 2 times (x 82B)
Class org.jetbrains.kotlin.codegen.intrinsics.TrimMargin                              : loaded 2 times (x 78B)
Class kotlin.sequences.SequenceScope                                                  : loaded 2 times (x 73B)
Class org.jetbrains.kotlin.resolve.OverridingUtil$OverrideCompatibilityInfo           : loaded 2 times (x 74B)
Class org.jetbrains.kotlin.resolve.scopes.ResolutionScope                             : loaded 2 times (x 70B)
Class org.jetbrains.kotlin.ir.declarations.impl.IrConstructorImpl                     : loaded 2 times (x 175B)
Class org.jetbrains.kotlin.descriptors.DescriptorVisibilities$2                       : loaded 2 times (x 79B)
Class org.jetbrains.kotlin.diagnostics.PositioningStrategies$VALUE_ARGUMENTS$1        : loaded 2 times (x 74B)
Class org.jetbrains.kotlin.metadata.jvm.JvmProtoBuf$JvmFieldSignature                 : loaded 2 times (x 108B)
Class org.jetbrains.kotlin.parsing.KotlinWhitespaceAndCommentsBindersKt               : loaded 2 times (x 71B)
Class org.jetbrains.kotlin.parsing.KotlinParsing$NameParsingMode                      : loaded 2 times (x 79B)
Class [Lorg.jetbrains.kotlin.load.java.SpecialGenericSignatures$TypeSafeBarrierDescription;: loaded 2 times (x 69B)
Class org.jetbrains.kotlin.resolve.calls.results.TypeSpecificityComparator$NONE       : loaded 2 times (x 74B)
Class org.jetbrains.kotlin.diagnostics.DiagnosticMarker                               : loaded 2 times (x 70B)
Class org.jetbrains.kotlin.psi.KtDoWhileExpression                                    : loaded 2 times (x 442B)
Class [Lorg.jetbrains.kotlin.psi.KtValueArgumentList;                                 : loaded 2 times (x 69B)
Class org.jetbrains.kotlin.psi.KtImportInfo$ImportContent$ExpressionBased             : loaded 2 times (x 72B)
Class org.jetbrains.kotlin.resolve.DefaultImportProvider                              : loaded 2 times (x 75B)
Class org.jetbrains.kotlin.util.OneElementArrayMap                                    : loaded 2 times (x 84B)
Class org.jetbrains.kotlin.load.kotlin.JvmPackagePartProviderBase$ModuleMappingInfo   : loaded 2 times (x 72B)
Class org.jetbrains.kotlin.protobuf.ExtensionRegistryLite                             : loaded 2 times (x 74B)
Class kotlin.script.experimental.dependencies.DependenciesResolver$NoDependencies     : loaded 2 times (x 77B)
Class org.jetbrains.kotlin.metadata.ProtoBuf$Modality                                 : loaded 2 times (x 82B)
Class org.jetbrains.kotlin.com.intellij.AbstractBundle$MyResourceControl              : loaded 2 times (x 78B)
Class org.jetbrains.kotlin.com.intellij.psi.PsiJavaReference                          : loaded 2 times (x 70B)
Class org.jetbrains.kotlin.com.intellij.core.CoreInjectedLanguageManager              : loaded 2 times (x 79B)
Class org.jetbrains.kotlin.com.intellij.openapi.util.LowMemoryWatcher                 : loaded 2 times (x 72B)
Class org.jetbrains.kotlin.com.intellij.pom.java.InternalPersistentJavaLanguageLevelReaderService$DefaultImpl: loaded 2 times (x 75B)
Class org.jetbrains.kotlin.com.intellij.openapi.application.TransactionGuardImpl      : loaded 2 times (x 74B)
Class org.jetbrains.kotlin.com.intellij.util.keyFMap.OneElementFMap                   : loaded 2 times (x 80B)
Class org.jetbrains.kotlin.com.fasterxml.aalto.in.PNameC                              : loaded 2 times (x 75B)
Class org.jetbrains.kotlin.com.fasterxml.aalto.stax.StreamReaderImpl                  : loaded 2 times (x 142B)
Class kotlin.coroutines.ContinuationInterceptor$DefaultImpls                          : loaded 2 times (x 71B)
Class org.jetbrains.kotlin.com.intellij.core.CoreJobLauncher                          : loaded 2 times (x 71B)
Class org.jetbrains.kotlin.com.intellij.openapi.vfs.impl.CoreVirtualFilePointerManager: loaded 2 times (x 80B)
Class org.jetbrains.kotlin.it.unimi.dsi.fastutil.objects.ObjectOpenCustomHashSet      : loaded 2 times (x 182B)
Class org.jetbrains.kotlin.utils.JavaSdkUtil                                          : loaded 2 times (x 71B)
Class kotlin.sequences.Sequence                                                       : loaded 2 times (x 70B)
Class org.jetbrains.kotlin.backend.jvm.lower.EnumExternalEntriesLowering              : loaded 2 times (x 518B)
Class org.jetbrains.kotlin.backend.jvm.JvmLoweringPhasesKt$jvmFilePhases$51           : loaded 2 times (x 125B)
Class kotlin.reflect.jvm.internal.impl.builtins.jvm.JavaToKotlinClassMap$PlatformMutabilityMapping: loaded 2 times (x 72B)
Class org.jetbrains.kotlin.config.LanguageVersionSettingsImpl$Companion               : loaded 2 times (x 71B)
Class org.jetbrains.kotlin.it.unimi.dsi.fastutil.Function                             : loaded 2 times (x 70B)
Class kotlin.collections.builders.MapBuilder$EntryRef                                 : loaded 2 times (x 81B)
Class kotlin.text.StringsKt__StringNumberConversionsJVMKt                             : loaded 2 times (x 71B)
Class com.google.common.collect.Sets$2                                                : loaded 2 times (x 139B)
Class [Lorg.gradle.api.internal.ClassPathProvider;                                    : loaded 2 times (x 69B)
Class org.gradle.api.internal.ClassPathProvider                                       : loaded 2 times (x 70B)
Class org.jetbrains.kotlin.com.intellij.core.CoreJavaFileManager                      : loaded 2 times (x 86B)
Class org.jetbrains.kotlin.types.TypeSubstitution                                     : loaded 2 times (x 77B)
Class org.jetbrains.kotlin.codegen.SourceInfo$Companion                               : loaded 2 times (x 71B)
Class org.jetbrains.kotlin.codegen.inline.SourceMapper                                : loaded 2 times (x 72B)
Class org.jetbrains.kotlin.backend.jvm.intrinsics.TypeOf                              : loaded 2 times (x 73B)
Class org.jetbrains.kotlin.backend.common.lower.SpecialBridgeMethods$specialMethodsWithDefaults$9: loaded 2 times (x 125B)
Class org.jetbrains.kotlin.types.TypeMappingContext                                   : loaded 2 times (x 70B)
Class org.jetbrains.kotlin.com.google.common.collect.PeekingIterator                  : loaded 2 times (x 70B)
Class org.jetbrains.kotlin.codegen.state.KotlinTypeMapper$Companion                   : loaded 2 times (x 71B)
Class org.jetbrains.kotlin.ir.util.ReferencedSymbolRemapper$DefaultImpls              : loaded 2 times (x 71B)
Class org.jetbrains.kotlin.ir.util.TransformKt                                        : loaded 2 times (x 71B)
Class org.jetbrains.kotlin.serialization.deserialization.ClassDeserializer            : loaded 2 times (x 72B)
Class org.jetbrains.kotlin.descriptors.DescriptorVisibilities$3                       : loaded 2 times (x 79B)
Class org.jetbrains.kotlin.ir.IrBuiltIns                                              : loaded 2 times (x 207B)
Class org.jetbrains.kotlin.ir.declarations.impl.IrExternalPackageFragmentImpl$Companion: loaded 2 times (x 71B)
Class org.jetbrains.kotlin.diagnostics.PositioningStrategies$SECONDARY_CONSTRUCTOR_DELEGATION_CALL$1: loaded 2 times (x 74B)
Class org.jetbrains.kotlin.mpp.EnumEntrySymbolMarker                                  : loaded 2 times (x 70B)
Class org.jetbrains.kotlin.metadata.jvm.deserialization.ClassMapperLite               : loaded 2 times (x 71B)
Class org.jetbrains.kotlin.metadata.jvm.deserialization.JvmNameResolverBase$Companion : loaded 2 times (x 71B)
Class org.jetbrains.kotlin.load.java.JvmAnnotationNames                               : loaded 2 times (x 71B)
Class org.jetbrains.kotlin.load.java.structure.JavaArrayType                          : loaded 2 times (x 70B)
Class org.jetbrains.kotlin.load.java.JavaTypeQualifiersByElementType                  : loaded 2 times (x 72B)
Class org.jetbrains.kotlin.name.SpecialNames                                          : loaded 2 times (x 71B)
Class org.jetbrains.kotlin.resolve.calls.checkers.ApiVersionCallChecker               : loaded 2 times (x 74B)
Class org.jetbrains.kotlin.psi.KtContinueExpression                                   : loaded 2 times (x 437B)
Class org.jetbrains.kotlin.psi.KtStringTemplateEntry                                  : loaded 2 times (x 444B)
Class org.jetbrains.kotlin.psi.KtIntersectionType                                     : loaded 2 times (x 505B)
Class [Lorg.jetbrains.kotlin.psi.KtDeclarationModifierList;                           : loaded 2 times (x 69B)
Class org.jetbrains.kotlin.psi.stubs.elements.KtTypeParameterElementType              : loaded 2 times (x 103B)
Class org.jetbrains.kotlin.resolve.checkers.AnnotationClassTargetAndRetentionChecker  : loaded 2 times (x 74B)
Class org.jetbrains.kotlin.protobuf.LazyStringList                                    : loaded 2 times (x 70B)
Class kotlin.collections.CollectionsKt___CollectionsKt$asSequence$$inlined$Sequence$1 : loaded 2 times (x 75B)
Class org.jetbrains.kotlin.metadata.ProtoBuf$MemberKind                               : loaded 2 times (x 82B)
Class org.jetbrains.kotlin.load.java.structure.impl.classFiles.BinaryClassSignatureParser: loaded 2 times (x 72B)
Class org.jetbrains.kotlin.com.intellij.openapi.util.RecursionManager$1               : loaded 2 times (x 76B)
Class org.jetbrains.kotlin.com.intellij.psi.util.ParameterizedCachedValue             : loaded 2 times (x 70B)
Class kotlinx.coroutines.JobNode                                                      : loaded 2 times (x 90B)
Class kotlinx.coroutines.ParentJob                                                    : loaded 2 times (x 70B)
Class kotlinx.coroutines.Delay                                                        : loaded 2 times (x 70B)
Class org.jetbrains.kotlin.com.intellij.psi.PsiDirectoryContainer                     : loaded 2 times (x 70B)
Class org.jetbrains.kotlin.com.intellij.openapi.extensions.LoadingOrder$Companion     : loaded 2 times (x 71B)
Class org.jetbrains.kotlin.com.intellij.lexer.Lexer                                   : loaded 2 times (x 83B)
Class org.jetbrains.kotlin.com.intellij.openapi.application.ApplicationInfo           : loaded 2 times (x 72B)
Class org.jetbrains.kotlin.com.intellij.openapi.application.impl.AnyModalityState     : loaded 2 times (x 72B)
Class org.jetbrains.kotlin.com.intellij.util.ObjectUtils$Sentinel                     : loaded 2 times (x 72B)
Class org.jetbrains.kotlin.com.intellij.lang.folding.LanguageFolding                  : loaded 2 times (x 96B)
Class org.jetbrains.kotlin.compiler.plugin.ComponentRegistrar$Companion               : loaded 2 times (x 71B)
Class org.jetbrains.kotlin.backend.jvm.lower.JvmIrValidationBeforeLoweringPhase       : loaded 2 times (x 77B)
Class org.jetbrains.kotlin.backend.jvm.lower.StaticInitializersLowering               : loaded 2 times (x 86B)
Class org.jetbrains.kotlin.backend.jvm.JvmLoweringPhasesKt$jvmFilePhases$52           : loaded 2 times (x 125B)
Class org.jetbrains.kotlin.backend.jvm.JvmLoweringPhasesKt$jvmFilePhases$1            : loaded 2 times (x 125B)
Class kotlin.jvm.functions.Function20                                                 : loaded 2 times (x 70B)
Class org.jetbrains.kotlin.utils.WrappedValues                                        : loaded 2 times (x 71B)
Class org.jetbrains.kotlin.config.LanguageVersion$Companion                           : loaded 2 times (x 71B)
Class org.jetbrains.kotlin.cli.common.arguments.Argument                              : loaded 2 times (x 70B)
Class org.jetbrains.kotlin.load.java.structure.JavaAnnotationOwner                    : loaded 2 times (x 70B)
Class [Lorg.objectweb.asm.AnnotationVisitor;                                          : loaded 2 times (x 69B)
Class com.google.common.collect.Sets$3                                                : loaded 2 times (x 139B)
Class com.google.common.util.concurrent.AbstractFuture$SafeAtomicHelper               : loaded 2 times (x 79B)
Class com.google.common.cache.LocalCache$LocalLoadingCache                            : loaded 2 times (x 134B)
Class com.google.common.base.AbstractIterator$State                                   : loaded 2 times (x 79B)
Class org.gradle.internal.service.UnknownServiceException                             : loaded 2 times (x 83B)
Class org.jetbrains.kotlin.codegen.inline.RemapVisitor                                : loaded 2 times (x 187B)
Class [Lorg.jetbrains.kotlin.codegen.inline.ParameterInfo;                            : loaded 2 times (x 69B)
Class org.jetbrains.kotlin.codegen.StackValue$ArrayElement                            : loaded 2 times (x 89B)
Class org.jetbrains.org.objectweb.asm.tree.TableSwitchInsnNode                        : loaded 2 times (x 79B)
Class org.jetbrains.kotlin.backend.jvm.lower.AddContinuationLowering$addContinuationParameterToSuspendCalls$1: loaded 2 times (x 501B)
Class org.jetbrains.kotlin.backend.jvm.lower.JvmAnnotationImplementationTransformer$AnnotationPropertyImplementor: loaded 2 times (x 72B)
Class org.jetbrains.kotlin.backend.jvm.JvmBackendContext$JvmIr                        : loaded 2 times (x 74B)
Class org.jetbrains.kotlin.codegen.context.RootContext$FakeDescriptor                 : loaded 2 times (x 95B)
Class org.jetbrains.kotlin.codegen.JvmRuntimeTypes                                    : loaded 2 times (x 72B)
Class org.jetbrains.kotlin.backend.jvm.JvmGeneratorExtensionsImpl                     : loaded 2 times (x 100B)
Class org.jetbrains.kotlin.ir.overrides.FakeOverrideBuilderStrategy                   : loaded 2 times (x 78B)
Class org.jetbrains.kotlin.backend.jvm.JvmIrSpecialAnnotationSymbolProvider$AnnotationInfo: loaded 2 times (x 72B)
Class org.jetbrains.kotlin.protobuf.SmallSortedMap$EntryIterator                      : loaded 2 times (x 83B)
Class org.jetbrains.kotlin.protobuf.SmallSortedMap$EntrySet                           : loaded 2 times (x 137B)
Class org.jetbrains.kotlin.resolve.constants.ULongValue                               : loaded 2 times (x 76B)
Class org.jetbrains.kotlin.resolve.constants.UByteValue                               : loaded 2 times (x 76B)
Class org.jetbrains.kotlin.descriptors.DescriptorVisibilities$4                       : loaded 2 times (x 79B)
Class org.jetbrains.kotlin.diagnostics.PositioningStrategies$projectionPosition$1     : loaded 2 times (x 74B)
Class [Lorg.jetbrains.kotlin.types.model.TypeVariance;                                : loaded 2 times (x 69B)
Class org.jetbrains.kotlin.resolve.calls.inference.InferenceUtilsKt                   : loaded 2 times (x 71B)
Class org.jetbrains.kotlin.load.kotlin.KotlinJvmBinarySourceElement                   : loaded 2 times (x 81B)
Class org.jetbrains.kotlin.load.kotlin.VirtualFileKotlinClass                         : loaded 2 times (x 88B)
Class org.jetbrains.kotlin.serialization.SerializerExtensionProtocol                  : loaded 2 times (x 72B)
Class org.jetbrains.kotlin.resolve.calls.checkers.AbstractClassInstantiationChecker   : loaded 2 times (x 74B)
Class org.jetbrains.kotlin.descriptors.FunctionDescriptor                             : loaded 2 times (x 70B)
Class org.jetbrains.kotlin.psi.KtBinaryExpressionWithTypeRHS                          : loaded 2 times (x 502B)
Class org.jetbrains.kotlin.psi.KtInitializerList                                      : loaded 2 times (x 444B)
Class [Lorg.jetbrains.kotlin.psi.KtVariableDeclaration;                               : loaded 2 times (x 69B)
Class [Lorg.jetbrains.kotlin.psi.KtCallableDeclaration;                               : loaded 2 times (x 69B)
Class org.jetbrains.kotlin.resolve.checkers.TailrecFunctionChecker                    : loaded 2 times (x 74B)
Class [Lorg.jetbrains.kotlin.protobuf.WireFormat$JavaType;                            : loaded 2 times (x 69B)
Class org.jetbrains.kotlin.metadata.ProtoBuf$StringTableOrBuilder                     : loaded 2 times (x 70B)
Class [Lorg.jetbrains.org.objectweb.asm.Attribute;                                    : loaded 2 times (x 69B)
Class org.jetbrains.kotlin.load.java.structure.JavaElement                            : loaded 2 times (x 70B)
Class org.jetbrains.kotlin.com.intellij.openapi.util.RecursionManager$2               : loaded 2 times (x 75B)
Class org.jetbrains.kotlin.com.intellij.psi.search.LocalSearchScope                   : loaded 2 times (x 85B)
Class kotlinx.coroutines.IncompleteStateBox                                           : loaded 2 times (x 72B)
Class org.jetbrains.kotlin.com.intellij.psi.impl.search.MethodSuperSearcher           : loaded 2 times (x 76B)
Class org.jetbrains.kotlin.com.intellij.util.diff.FlyweightCapableTreeStructure       : loaded 2 times (x 70B)
Class org.jetbrains.kotlin.com.intellij.lexer.LexerBase                               : loaded 2 times (x 83B)
Class org.jetbrains.kotlin.kotlinx.collections.immutable.implementations.immutableList.AbstractListIterator: loaded 2 times (x 98B)
Class org.jetbrains.kotlin.com.intellij.psi.PsiLanguageInjectionHost                  : loaded 2 times (x 70B)
Class org.jetbrains.kotlin.backend.jvm.lower.ExternalPackageParentPatcherLowering     : loaded 2 times (x 80B)
Class org.jetbrains.kotlin.backend.jvm.lower.FakeLocalVariablesForBytecodeInlinerLowering: loaded 2 times (x 346B)
Class org.jetbrains.kotlin.backend.jvm.JvmLoweringPhasesKt$jvmFilePhases$53           : loaded 2 times (x 125B)
Class org.jetbrains.kotlin.backend.jvm.lower.PropertyReferenceDelegationLowering      : loaded 2 times (x 80B)
Class org.jetbrains.kotlin.backend.jvm.JvmLoweringPhasesKt$jvmFilePhases$2            : loaded 2 times (x 125B)
Class org.jetbrains.kotlin.backend.common.CommonBackendContext                        : loaded 2 times (x 70B)
Class kotlin.jvm.functions.Function21                                                 : loaded 2 times (x 70B)
Class kotlin.reflect.jvm.internal.impl.name.ClassId                                   : loaded 2 times (x 72B)
Class org.jetbrains.kotlin.config.JvmAnalysisFlags$Delegates$JvmDefaultModeDisabledByDefault: loaded 2 times (x 71B)
Class org.jetbrains.kotlin.load.java.JavaTypeEnhancementState                         : loaded 2 times (x 72B)
Class org.jetbrains.kotlin.cli.common.UtilsKt                                         : loaded 2 times (x 71B)
Class org.jetbrains.kotlin.config.JvmDefaultMode                                      : loaded 2 times (x 79B)
Class org.gradle.kotlin.dsl.Accessors4nhp6c7gizz3uim4k13ftxn74Kt                      : loaded 2 times (x 71B)
Class com.google.common.io.ByteArrayDataInput                                         : loaded 2 times (x 70B)
Class com.google.common.collect.Sets$4                                                : loaded 2 times (x 139B)
Class org.objectweb.asm.ModuleVisitor                                                 : loaded 2 times (x 81B)
Class com.google.common.cache.LocalCache$Strength$1                                   : loaded 2 times (x 81B)
Class org.jetbrains.kotlin.descriptors.DeserializedDescriptor                         : loaded 2 times (x 70B)
Class [Lorg.jetbrains.kotlin.codegen.StackValue;                                      : loaded 2 times (x 69B)
Class [Lorg.jetbrains.kotlin.mpp.TypeParameterSymbolMarker;                           : loaded 2 times (x 69B)
Class [Lorg.jetbrains.kotlin.descriptors.DeclarationDescriptorNonRoot;                : loaded 2 times (x 69B)
Class org.jetbrains.org.objectweb.asm.tree.analysis.SourceInterpreter                 : loaded 2 times (x 93B)
Class org.jetbrains.kotlin.backend.jvm.MultifileFacadeFileEntry                       : loaded 2 times (x 81B)
Class org.jetbrains.kotlin.types.TypeAttributes$Companion                             : loaded 2 times (x 73B)
Class org.jetbrains.kotlin.backend.jvm.JvmSymbols$PropertyReferenceKey                : loaded 2 times (x 71B)
Class org.jetbrains.kotlin.backend.common.ScopeWithIr                                 : loaded 2 times (x 72B)
Class org.jetbrains.kotlin.diagnostics.AbstractKotlinSuppressCache                    : loaded 2 times (x 76B)
Class org.jetbrains.kotlin.ir.declarations.IrProperty                                 : loaded 2 times (x 192B)
Class org.jetbrains.kotlin.descriptors.impl.PackageViewDescriptorFactory              : loaded 2 times (x 70B)
Class org.jetbrains.kotlin.descriptors.DescriptorVisibilities$5                       : loaded 2 times (x 79B)
Class org.jetbrains.kotlin.ir.declarations.IrDeclarationOriginImpl$Synthetic          : loaded 2 times (x 74B)
Class kotlin.properties.PropertyDelegateProvider                                      : loaded 2 times (x 70B)
Class org.jetbrains.kotlin.diagnostics.PositioningStrategies$SPECIAL_CONSTRUCT_TOKEN$1: loaded 2 times (x 74B)
Class org.jetbrains.kotlin.diagnostics.PositioningStrategies$DECLARATION_SIGNATURE_OR_DEFAULT$1: loaded 2 times (x 74B)
Class org.jetbrains.kotlin.diagnostics.PositioningStrategies$SUPERTYPES_LIST$1        : loaded 2 times (x 74B)
Class org.jetbrains.kotlin.metadata.jvm.JvmProtoBuf$JvmPropertySignatureOrBuilder     : loaded 2 times (x 70B)
Class org.jetbrains.kotlin.descriptors.annotations.KotlinTarget                       : loaded 2 times (x 80B)
Class kotlin.annotation.AnnotationRetention                                           : loaded 2 times (x 79B)
Class org.jetbrains.kotlin.load.java.structure.impl.classFiles.ClassifierResolutionContext$InnerClassInfo: loaded 2 times (x 72B)
Class org.jetbrains.kotlin.com.google.common.collect.RegularImmutableBiMap            : loaded 2 times (x 149B)
Class [Lorg.jetbrains.kotlin.descriptors.annotations.AnnotationUseSiteTarget;         : loaded 2 times (x 69B)
Class org.jetbrains.kotlin.com.intellij.lang.impl.PsiBuilderAdapter                   : loaded 2 times (x 132B)
Class org.jetbrains.kotlin.resolve.calls.checkers.OperatorCallChecker$Companion       : loaded 2 times (x 71B)
Class org.jetbrains.kotlin.resolve.calls.checkers.OperatorCallChecker                 : loaded 2 times (x 74B)
Class org.jetbrains.kotlin.psi.KtWhileExpression                                      : loaded 2 times (x 441B)
Class org.jetbrains.kotlin.psi.KtCollectionLiteralExpression                          : loaded 2 times (x 569B)
Class [Lorg.jetbrains.kotlin.psi.KtSuperTypeListEntry;                                : loaded 2 times (x 69B)
Class org.jetbrains.kotlin.psi.KtTypeParameterList                                    : loaded 2 times (x 446B)
Class org.jetbrains.kotlin.metadata.ProtoBuf$QualifiedNameTable$QualifiedNameOrBuilder: loaded 2 times (x 70B)
Class org.jetbrains.kotlin.metadata.jvm.JvmModuleProtoBuf$Module                      : loaded 2 times (x 124B)
Class org.jetbrains.kotlin.protobuf.GeneratedMessageLite$ExtendableMessage            : loaded 2 times (x 113B)
Class kotlin.collections.MapWithDefault                                               : loaded 2 times (x 70B)
Class org.jetbrains.kotlin.resolve.jvm.extensions.AnalysisHandlerExtension            : loaded 2 times (x 70B)
Class org.jetbrains.kotlin.cli.jvm.compiler.KotlinCliJavaFileManagerImpl              : loaded 2 times (x 91B)
Class [Lorg.jetbrains.kotlin.com.intellij.psi.search.SearchScope;                     : loaded 2 times (x 69B)
Class [Lorg.jetbrains.kotlin.com.intellij.openapi.vfs.VirtualFile;                    : loaded 2 times (x 69B)
Class org.jetbrains.kotlin.com.intellij.psi.impl.PsiTreeChangeEventImpl               : loaded 2 times (x 86B)
Class kotlinx.coroutines.internal.SystemPropsKt                                       : loaded 2 times (x 71B)
Class kotlin.coroutines.jvm.internal.SuspendLambda                                    : loaded 2 times (x 91B)
Class kotlin.coroutines.jvm.internal.ContinuationImpl                                 : loaded 2 times (x 87B)
Class org.jetbrains.kotlin.com.intellij.util.graph.GraphAlgorithms                    : loaded 2 times (x 71B)
Class org.jetbrains.kotlin.com.intellij.psi.PsiFileSystemItem                         : loaded 2 times (x 70B)
Class org.jetbrains.kotlin.com.intellij.openapi.util.Condition$1                      : loaded 2 times (x 86B)
Class org.jetbrains.kotlin.backend.jvm.JvmLoweringPhasesKt$jvmFilePhases$54           : loaded 2 times (x 125B)
Class org.jetbrains.kotlin.backend.jvm.JvmLoweringPhasesKt$jvmFilePhases$3            : loaded 2 times (x 125B)
Class kotlin.jvm.functions.Function22                                                 : loaded 2 times (x 70B)
Class org.jetbrains.kotlin.load.java.NullabilityAnnotationStates$Companion            : loaded 2 times (x 71B)
Class kotlin.collections.builders.MapBuilderEntries                                   : loaded 2 times (x 145B)
Class [Lorg.jetbrains.kotlin.com.intellij.lang.jvm.JvmModifiersOwner;                 : loaded 2 times (x 69B)
Class com.google.common.util.concurrent.SettableFuture                                : loaded 2 times (x 114B)
Class com.google.common.cache.LocalCache$Strength$2                                   : loaded 2 times (x 81B)
Class jdk.internal.jrtfs.JrtFileStore                                                 : loaded 2 times (x 83B)
Class org.jetbrains.kotlin.cli.common.fir.FirDiagnosticsCompilerResultsReporter       : loaded 2 times (x 71B)
Class org.jetbrains.kotlin.codegen.inline.ParametersBuilder                           : loaded 2 times (x 72B)
Class org.jetbrains.kotlin.backend.jvm.codegen.IrInlineCallGenerator                  : loaded 2 times (x 70B)
Class org.jetbrains.kotlin.backend.jvm.codegen.ClassCodegen$generateAnnotations$Codegen: loaded 2 times (x 75B)
Class org.jetbrains.kotlin.storage.LockBasedStorageManager$LockBasedNotNullLazyValueWithPostCompute: loaded 2 times (x 93B)
Class org.jetbrains.kotlin.backend.jvm.lower.JvmMultiFieldValueClassLowering$ValueDeclarationRemapper: loaded 2 times (x 72B)
Class org.jetbrains.kotlin.backend.common.lower.loops.RangeLoopTransformer            : loaded 2 times (x 510B)
Class org.jetbrains.kotlin.backend.jvm.intrinsics.ThrowKotlinNothingValueException    : loaded 2 times (x 73B)
Class org.jetbrains.kotlin.backend.jvm.mapping.IrTypeMapper                           : loaded 2 times (x 88B)
Class org.jetbrains.kotlin.codegen.state.GenerationState$ForScript                    : loaded 2 times (x 72B)
Class org.jetbrains.kotlin.ir.symbols.IrFileSymbol                                    : loaded 2 times (x 70B)
Class [Lorg.jetbrains.kotlin.descriptors.Named;                                       : loaded 2 times (x 69B)
Class org.jetbrains.kotlin.renderer.DescriptorRenderer                                : loaded 2 times (x 83B)
Class org.jetbrains.kotlin.builtins.DefaultBuiltIns                                   : loaded 2 times (x 161B)
Class org.jetbrains.kotlin.backend.common.serialization.mangle.ir.IrBasedKotlinManglerImpl: loaded 2 times (x 94B)
Class org.jetbrains.kotlin.descriptors.DescriptorVisibilities$6                       : loaded 2 times (x 79B)
Class org.jetbrains.kotlin.ir.symbols.impl.DescriptorlessExternalPackageFragmentSymbol: loaded 2 times (x 91B)
Class org.jetbrains.kotlin.diagnostics.PositioningStrategies$VAL_OR_VAR_NODE$1        : loaded 2 times (x 74B)
Class org.jetbrains.kotlin.resolve.calls.inference.components.ConstraintSystemCompletionContext: loaded 2 times (x 1031B)
Class org.jetbrains.kotlin.load.java.structure.impl.classFiles.PlainJavaArrayType     : loaded 2 times (x 97B)
Class org.jetbrains.kotlin.load.java.structure.impl.classFiles.BinaryJavaClass        : loaded 2 times (x 158B)
Class org.jetbrains.kotlin.load.java.AbstractAnnotationTypeQualifierResolver$Companion: loaded 2 times (x 71B)
Class [Lorg.jetbrains.kotlin.psi.KtConstructorCalleeExpression;                       : loaded 2 times (x 69B)
Class [Lorg.jetbrains.kotlin.psi.KtDeclarationWithInitializer;                        : loaded 2 times (x 69B)
Class org.jetbrains.kotlin.psi.stubs.elements.KtValueArgumentListElementType          : loaded 2 times (x 103B)
Class org.jetbrains.kotlin.resolve.checkers.ExplicitApiDeclarationChecker             : loaded 2 times (x 74B)
Class [Lorg.jetbrains.kotlin.types.model.TypeArgumentMarker;                          : loaded 2 times (x 69B)
Class org.jetbrains.kotlin.protobuf.CodedOutputStream$OutOfSpaceException             : loaded 2 times (x 82B)
Class org.jetbrains.kotlin.metadata.ProtoBuf$Annotation$Argument$Value                : loaded 2 times (x 127B)
Class org.jetbrains.kotlin.fir.extensions.FirExtensionRegistrarAdapter$Companion      : loaded 2 times (x 72B)
Class org.jetbrains.kotlin.com.intellij.openapi.roots.PackageIndex                    : loaded 2 times (x 73B)
Class kotlinx.coroutines.internal.ThreadContextKt$countAll$1                          : loaded 2 times (x 78B)
Class kotlinx.coroutines.DispatchedTask                                               : loaded 2 times (x 81B)
Class kotlinx.coroutines.scheduling.DefaultIoScheduler                                : loaded 2 times (x 110B)
Class org.jetbrains.kotlin.com.intellij.navigation.NavigationItem                     : loaded 2 times (x 70B)
Class org.jetbrains.kotlin.com.intellij.util.text.StringKt                            : loaded 2 times (x 71B)
Class org.jetbrains.kotlin.com.intellij.ide.plugins.DisabledPluginsState$Companion    : loaded 2 times (x 71B)
Class org.jetbrains.kotlin.com.intellij.openapi.util.Condition$2                      : loaded 2 times (x 86B)
Class org.jetbrains.kotlin.backend.jvm.lower.JvmIrInliner                             : loaded 2 times (x 525B)
Class org.jetbrains.kotlin.backend.jvm.lower.FakeInliningLocalVariables               : loaded 2 times (x 70B)
Class org.jetbrains.kotlin.backend.jvm.lower.TypeOperatorLowering                     : loaded 2 times (x 509B)
Class org.jetbrains.kotlin.backend.jvm.lower.AdditionalClassAnnotationLowering        : loaded 2 times (x 85B)
Class org.jetbrains.kotlin.backend.jvm.JvmLoweringPhasesKt$jvmFilePhases$55           : loaded 2 times (x 125B)
Class org.jetbrains.kotlin.backend.jvm.lower.JvmReturnableBlockLowering               : loaded 2 times (x 86B)
Class org.jetbrains.kotlin.backend.jvm.lower.MappedEnumWhenLowering                   : loaded 2 times (x 522B)
Class org.jetbrains.kotlin.backend.jvm.JvmLoweringPhasesKt$jvmFilePhases$4            : loaded 2 times (x 125B)
Class org.jetbrains.kotlin.com.intellij.util.containers.RefHashMap$MyMap              : loaded 2 times (x 168B)
Class org.jetbrains.kotlin.it.unimi.dsi.fastutil.objects.Object2ObjectOpenHashMap     : loaded 2 times (x 168B)
Class org.jetbrains.kotlin.com.google.common.collect.AbstractMapBasedMultimap$RandomAccessWrappedList: loaded 2 times (x 205B)
Class kotlin.reflect.KTypeParameter                                                   : loaded 2 times (x 70B)
Class kotlin.collections.ArraysKt___ArraysJvmKt                                       : loaded 2 times (x 71B)
Class kotlin.collections.CollectionsKt__CollectionsKt                                 : loaded 2 times (x 71B)
Class kotlin.text.StringsKt__RegexExtensionsJVMKt                                     : loaded 2 times (x 71B)
Class com.google.common.io.ByteStreams                                                : loaded 2 times (x 71B)
Class com.google.common.cache.LocalCache$Strength$3                                   : loaded 2 times (x 81B)
Class com.google.common.collect.MapDifference                                         : loaded 2 times (x 70B)
Class com.google.common.base.Splitter$1                                               : loaded 2 times (x 77B)
Class jdk.internal.jimage.ImageReader$LinkNode                                        : loaded 2 times (x 84B)
Class org.jetbrains.kotlin.com.intellij.psi.impl.DebugUtil$TreeToBuffer               : loaded 2 times (x 80B)
Class org.jetbrains.kotlin.codegen.optimization.nullCheck.NullabilityInterpreter      : loaded 2 times (x 94B)
Class org.jetbrains.kotlin.backend.jvm.codegen.ClassCodegen$generateInnerAndOuterClasses$$inlined$sortedBy$1: loaded 2 times (x 89B)
Class org.jetbrains.kotlin.codegen.optimization.RedundantCheckCastEliminationMethodTransformer$transform$interpreter$1: loaded 2 times (x 94B)
Class [Lorg.jetbrains.kotlin.codegen.pseudoInsns.PseudoInsn;                          : loaded 2 times (x 69B)
Class org.jetbrains.kotlin.backend.jvm.codegen.FunctionCodegen$doGenerate$annotationCodegen$1: loaded 2 times (x 74B)
Class org.jetbrains.kotlin.ir.descriptors.IrBasedClassConstructorDescriptor           : loaded 2 times (x 389B)
Class org.jetbrains.kotlin.types.KotlinTypeFactory                                    : loaded 2 times (x 71B)
Class org.jetbrains.kotlin.backend.common.lower.LocalDeclarationsLowering$LocalDeclarationsTransformer: loaded 2 times (x 72B)
Class org.jetbrains.kotlin.codegen.state.GenerationState$multiFieldValueClassUnboxInfo$1: loaded 2 times (x 74B)
Class org.jetbrains.kotlin.ir.descriptors.IrBasedSimpleFunctionDescriptor             : loaded 2 times (x 351B)
Class org.jetbrains.kotlin.backend.jvm.ir.IrJvmFlexibleTypeKt                         : loaded 2 times (x 71B)
Class org.jetbrains.kotlin.ir.expressions.IrValueAccessExpression                     : loaded 2 times (x 108B)
Class org.jetbrains.kotlin.types.checker.KotlinTypeChecker$TypeConstructorEquality    : loaded 2 times (x 70B)
Class org.jetbrains.kotlin.descriptors.DescriptorVisibilities$7                       : loaded 2 times (x 79B)
Class org.jetbrains.kotlin.diagnostics.rendering.DiagnosticParameterRendererKt        : loaded 2 times (x 71B)
Class org.jetbrains.kotlin.diagnostics.PositioningStrategies$FUN_INTERFACE$1          : loaded 2 times (x 74B)
Class org.jetbrains.kotlin.diagnostics.PositioningStrategies$PARAMETER_VARARG_MODIFIER$1: loaded 2 times (x 74B)
Class org.jetbrains.kotlin.resolve.calls.inference.model.NewConstraintError           : loaded 2 times (x 77B)
Class [Lorg.jetbrains.kotlin.serialization.deserialization.descriptors.DeserializedContainerAbiStability;: loaded 2 times (x 69B)
Class org.jetbrains.kotlin.com.google.common.collect.AbstractMapBasedMultimap$WrappedSet: loaded 2 times (x 142B)
Class org.jetbrains.kotlin.com.intellij.lang.TokenWrapper                             : loaded 2 times (x 77B)
Class org.jetbrains.kotlin.com.intellij.lang.impl.MarkerPool                          : loaded 2 times (x 293B)
Class org.jetbrains.kotlin.psi.KtScript                                               : loaded 2 times (x 917B)
Class org.jetbrains.kotlin.psi.stubs.KotlinValueArgumentStub                          : loaded 2 times (x 70B)
Class [Lorg.jetbrains.kotlin.psi.KtModifierList;                                      : loaded 2 times (x 69B)
Class org.jetbrains.kotlin.psi.KtDeclarationModifierList                              : loaded 2 times (x 510B)
Class org.jetbrains.kotlin.psi.KtTypeParameter                                        : loaded 2 times (x 915B)
Class org.jetbrains.kotlin.com.intellij.psi.stubs.NamedStub                           : loaded 2 times (x 70B)
Class org.jetbrains.kotlin.types.TypeSystemCommonBackendContext                       : loaded 2 times (x 70B)
Class org.jetbrains.kotlin.resolve.jvm.modules.JavaModule$Root                        : loaded 2 times (x 72B)
Class [Lorg.jetbrains.kotlin.extensions.CompilerConfigurationExtension;               : loaded 2 times (x 69B)
Class org.jetbrains.kotlin.com.intellij.psi.JavaPsiFacade                             : loaded 2 times (x 86B)
Class org.jetbrains.kotlin.com.intellij.lang.jvm.types.JvmPrimitiveType               : loaded 2 times (x 70B)
Class org.jetbrains.kotlin.com.intellij.psi.impl.PsiFileFactoryImpl                   : loaded 2 times (x 86B)
Class org.jetbrains.kotlin.com.intellij.util.messages.impl.ToParentMessagePublisher   : loaded 2 times (x 76B)
Class org.jetbrains.kotlin.com.intellij.ide.plugins.DescriptorListLoadingContext$disabledPlugins$2: loaded 2 times (x 79B)
Class org.jetbrains.kotlin.com.intellij.psi.PsiParameterListOwner                     : loaded 2 times (x 70B)
Class org.jetbrains.kotlin.com.intellij.psi.PsiModifierListOwner                      : loaded 2 times (x 70B)
Class org.jetbrains.kotlin.com.intellij.psi.impl.source.tree.java.PsiKeywordImpl      : loaded 2 times (x 434B)
Class org.jetbrains.kotlin.com.intellij.openapi.command.CommandEvent                  : loaded 2 times (x 76B)
Class org.jetbrains.kotlin.com.intellij.openapi.vfs.VirtualFileEvent                  : loaded 2 times (x 77B)
Class org.jetbrains.kotlin.com.intellij.openapi.editor.Document                       : loaded 2 times (x 70B)
Class org.jetbrains.kotlin.com.intellij.util.messages.impl.MessageQueue               : loaded 2 times (x 72B)
Class org.jetbrains.kotlin.com.intellij.util.concurrency.SynchronizedClearableLazy    : loaded 2 times (x 75B)
Class org.jetbrains.kotlin.com.intellij.openapi.util.UserDataHolderEx                 : loaded 2 times (x 70B)
Class org.jetbrains.kotlin.com.intellij.openapi.util.Condition$3                      : loaded 2 times (x 86B)
Class org.jetbrains.kotlin.backend.jvm.lower.ResolveInlineCalls                       : loaded 2 times (x 339B)
Class org.jetbrains.kotlin.backend.jvm.JvmLoweringPhasesKt$jvmFilePhases$56           : loaded 2 times (x 125B)
Class org.jetbrains.kotlin.backend.jvm.lower.JvmTailrecLowering                       : loaded 2 times (x 89B)
Class org.jetbrains.kotlin.backend.jvm.JvmLoweringPhasesKt$jvmFilePhases$5            : loaded 2 times (x 125B)
Class org.jetbrains.kotlin.backend.jvm.GenerateAdditionalClassesPhase                 : loaded 2 times (x 75B)
Class org.jetbrains.kotlin.backend.common.ErrorReportingContext                       : loaded 2 times (x 70B)
Class org.jetbrains.kotlin.com.intellij.util.containers.ConcurrentRefHashMap$KeyReference: loaded 2 times (x 70B)
Class [Lorg.jetbrains.kotlin.config.LanguageFeature;                                  : loaded 2 times (x 69B)
Class kotlin.text.Regex$Companion                                                     : loaded 2 times (x 71B)
Class kotlin._Assertions                                                              : loaded 2 times (x 71B)
Class org.objectweb.asm.FieldWriter                                                   : loaded 2 times (x 78B)
Class com.google.common.cache.CacheBuilder$NullListener                               : loaded 2 times (x 82B)
Class org.gradle.internal.classpath.TransformedClassPath                              : loaded 2 times (x 96B)
Class org.gradle.internal.classloader.InstrumentingClassLoader                        : loaded 2 times (x 70B)
Class kotlin.sequences.FlatteningSequence                                             : loaded 2 times (x 75B)
Class org.jetbrains.kotlin.codegen.inline.Interval                                    : loaded 2 times (x 70B)
Class org.jetbrains.kotlin.codegen.StackValue$DelegatedForComplexReceiver             : loaded 2 times (x 89B)
Class [Lorg.jetbrains.org.objectweb.asm.SymbolTable$Entry;                            : loaded 2 times (x 69B)
Class org.jetbrains.kotlin.backend.jvm.MemoizedMultiFieldValueClassReplacements$RemappedParameter: loaded 2 times (x 72B)
Class org.jetbrains.kotlin.backend.common.lower.LoweredDeclarationOrigins             : loaded 2 times (x 71B)
Class org.jetbrains.kotlin.backend.jvm.intrinsics.ArraySize                           : loaded 2 times (x 73B)
Class org.jetbrains.kotlin.backend.jvm.JvmIrAttributesKt                              : loaded 2 times (x 71B)
Class org.jetbrains.kotlin.codegen.state.JvmBackendConfig                             : loaded 2 times (x 72B)
Class org.jetbrains.kotlin.serialization.deserialization.AbstractAnnotationLoader     : loaded 2 times (x 94B)
Class [Lorg.jetbrains.kotlin.renderer.ParameterNameRenderingPolicy;                   : loaded 2 times (x 69B)
Class org.jetbrains.kotlin.ir.declarations.IrFunction                                 : loaded 2 times (x 170B)
Class org.jetbrains.kotlin.ir.types.SimpleTypeNullability$Companion                   : loaded 2 times (x 71B)
Class org.jetbrains.kotlin.descriptors.DescriptorVisibilities$8                       : loaded 2 times (x 79B)
Class org.jetbrains.kotlin.metadata.jvm.JvmProtoBuf$StringTableTypes$RecordOrBuilder  : loaded 2 times (x 70B)
Class org.jetbrains.kotlin.resolve.jvm.JvmClassName                                   : loaded 2 times (x 76B)
Class org.jetbrains.kotlin.load.java.structure.impl.classFiles.BinaryJavaField        : loaded 2 times (x 123B)
Class [Lkotlin.annotation.AnnotationTarget;                                           : loaded 2 times (x 69B)
Class org.jetbrains.kotlin.builtins.StandardNames                                     : loaded 2 times (x 71B)
Class org.jetbrains.kotlin.container.ComponentDescriptor                              : loaded 2 times (x 70B)
Class org.jetbrains.kotlin.psi.KtFunctionNotStubbed                                   : loaded 2 times (x 1195B)
Class [Lorg.jetbrains.kotlin.psi.KtTypeParameterListOwnerStub;                        : loaded 2 times (x 69B)
Class org.jetbrains.kotlin.com.intellij.psi.StubBasedPsiElement                       : loaded 2 times (x 70B)
Class org.jetbrains.kotlin.com.intellij.util.io.UnsyncByteArrayInputStream            : loaded 2 times (x 92B)
Class org.jetbrains.kotlin.metadata.ProtoBuf$MemberKind$1                             : loaded 2 times (x 74B)
Class org.jetbrains.kotlin.backend.jvm.extensions.ClassGeneratorExtension$Companion   : loaded 2 times (x 72B)
Class org.jetbrains.kotlin.com.intellij.psi.JvmPsiConversionHelper                    : loaded 2 times (x 70B)
Class [Lorg.jetbrains.kotlin.com.fasterxml.aalto.in.ByteBasedPNameTable$Bucket;       : loaded 2 times (x 69B)
Class [Lkotlin.coroutines.intrinsics.CoroutineSingletons;                             : loaded 2 times (x 69B)
Class kotlinx.coroutines.DisposableHandle                                             : loaded 2 times (x 70B)
Class org.jetbrains.kotlin.com.intellij.openapi.projectRoots.JavaVersionService       : loaded 2 times (x 72B)
Class org.jetbrains.kotlin.com.intellij.psi.impl.java.stubs.PsiJavaFileStub           : loaded 2 times (x 70B)
Class org.jetbrains.kotlin.com.intellij.psi.PsiJavaToken                              : loaded 2 times (x 70B)
Class org.jetbrains.kotlin.com.intellij.util.messages.MessageBusConnection            : loaded 2 times (x 70B)
Class org.jetbrains.kotlin.com.intellij.openapi.util.CheckedDisposable                : loaded 2 times (x 70B)
Class org.jetbrains.kotlin.com.intellij.util.containers.FastUtilHashingStrategies$SerializableHashStrategy: loaded 2 times (x 70B)
Class org.jetbrains.kotlin.cli.common.config.KotlinSourceRoot                         : loaded 2 times (x 72B)
Class org.jetbrains.kotlin.backend.jvm.JvmLoweringPhasesKt$jvmFilePhases$57           : loaded 2 times (x 125B)
Class org.jetbrains.kotlin.backend.jvm.lower.InheritedDefaultMethodsOnClassesLowering : loaded 2 times (x 85B)
Class org.jetbrains.kotlin.backend.jvm.lower.JvmDefaultParameterCleaner               : loaded 2 times (x 88B)
Class org.jetbrains.kotlin.backend.jvm.lower.JvmValueClassAbstractLowering            : loaded 2 times (x 530B)
Class org.jetbrains.kotlin.backend.jvm.JvmLoweringPhasesKt$jvmFilePhases$20           : loaded 2 times (x 125B)
Class org.jetbrains.kotlin.backend.jvm.JvmLoweringPhasesKt$jvmFilePhases$6            : loaded 2 times (x 125B)
Class org.jetbrains.kotlin.cli.common.environment.UtilKt                              : loaded 2 times (x 71B)
Class org.jetbrains.kotlin.storage.StorageManager                                     : loaded 2 times (x 70B)
Class org.jetbrains.kotlin.com.google.common.base.Preconditions                       : loaded 2 times (x 71B)
Class kotlin.jvm.internal.FunctionReference                                           : loaded 2 times (x 122B)
Class kotlin.jvm.internal.FunctionBase                                                : loaded 2 times (x 70B)
Class kotlin.enums.EnumEntriesList                                                    : loaded 2 times (x 223B)
Class com.google.common.collect.ImmutableRangeSet$AsSet                               : loaded 2 times (x 299B)
Class com.google.common.cache.CacheLoader$FunctionToCacheLoader                       : loaded 2 times (x 75B)
Class com.google.common.collect.Iterators$ArrayItr                                    : loaded 2 times (x 97B)
Class com.google.common.collect.ImmutableCollection$Builder                           : loaded 2 times (x 76B)
Class org.jetbrains.kotlin.resolve.jvm.modules.JavaModuleInfo$Exports                 : loaded 2 times (x 72B)
Class org.jetbrains.kotlin.com.intellij.psi.impl.DebugUtil$IncorrectTreeStructureException: loaded 2 times (x 83B)
Class org.jetbrains.kotlin.serialization.deserialization.descriptors.DeserializedClassDescriptor$DeserializedClassTypeConstructor: loaded 2 times (x 99B)
Class org.jetbrains.kotlin.codegen.inline.coroutines.CoroutineTransformer             : loaded 2 times (x 72B)
Class org.jetbrains.org.objectweb.asm.tree.analysis.BasicValue                        : loaded 2 times (x 78B)
Class org.jetbrains.kotlin.codegen.serialization.JvmSignatureSerializer               : loaded 2 times (x 74B)
Class org.jetbrains.kotlin.codegen.optimization.fixStack.FixStackMethodTransformer    : loaded 2 times (x 72B)
Class org.jetbrains.kotlin.codegen.optimization.transformer.CompositeMethodTransformer: loaded 2 times (x 73B)
Class org.jetbrains.kotlin.ir.descriptors.IrBasedPropertyGetterDescriptor             : loaded 2 times (x 490B)
Class org.jetbrains.kotlin.backend.common.lower.loops.HeaderInfoHandler               : loaded 2 times (x 70B)
Class org.jetbrains.kotlin.backend.jvm.EnumEntriesIntrinsicMappingsCache              : loaded 2 times (x 73B)
Class org.jetbrains.kotlin.backend.common.lower.BuiltInWithDifferentJvmName           : loaded 2 times (x 71B)
Class org.jetbrains.kotlin.codegen.intrinsics.EqualsThrowingNpeForNullReceiver        : loaded 2 times (x 79B)
Class org.jetbrains.kotlin.resolve.diagnostics.Diagnostics                            : loaded 2 times (x 70B)
Class org.jetbrains.kotlin.resolve.BindingTraceFilter$Companion                       : loaded 2 times (x 71B)
Class org.jetbrains.kotlin.ir.descriptors.IrBasedFunctionDescriptor                   : loaded 2 times (x 169B)
Class [Lkotlin.properties.ReadOnlyProperty;                                           : loaded 2 times (x 69B)
Class org.jetbrains.kotlin.renderer.ClassifierNamePolicy$FULLY_QUALIFIED              : loaded 2 times (x 74B)
Class org.jetbrains.kotlin.descriptors.PackageFragmentProviderOptimized               : loaded 2 times (x 70B)
Class org.jetbrains.kotlin.descriptors.DescriptorVisibilities$9                       : loaded 2 times (x 79B)
Class org.jetbrains.kotlin.diagnostics.PositioningStrategies                          : loaded 2 times (x 71B)
Class org.jetbrains.kotlin.protobuf.GeneratedMessageLite$ExtendableBuilder            : loaded 2 times (x 138B)
Class org.jetbrains.kotlin.metadata.jvm.JvmProtoBuf$StringTableTypes                  : loaded 2 times (x 110B)
Class org.jetbrains.kotlin.com.google.common.collect.ImmutableSet$Builder             : loaded 2 times (x 85B)
Class org.jetbrains.kotlin.descriptors.annotations.AnnotationUseSiteTarget            : loaded 2 times (x 79B)
Class org.jetbrains.kotlin.com.intellij.lang.impl.PsiBuilderImpl$RelativeTokenTextView: loaded 2 times (x 75B)
Class org.jetbrains.kotlin.it.unimi.dsi.fastutil.ints.IntStack                        : loaded 2 times (x 70B)
Class kotlin.comparisons.ComparisonsKt___ComparisonsJvmKt                             : loaded 2 times (x 71B)
Class kotlin.collections.builders.ListBuilder$Companion                               : loaded 2 times (x 71B)
Class kotlin.collections.builders.ListBuilder                                         : loaded 2 times (x 207B)
Class org.jetbrains.kotlin.container.DynamicComponentDescriptor                       : loaded 2 times (x 74B)
Class org.jetbrains.kotlin.com.intellij.lexer.FlexAdapter                             : loaded 2 times (x 86B)
Class [Lorg.jetbrains.kotlin.psi.KtClassLiteralExpression;                            : loaded 2 times (x 69B)
Class org.jetbrains.kotlin.psi.KtSuperTypeEntry                                       : loaded 2 times (x 445B)
Class org.jetbrains.kotlin.psi.KtSimpleNameExpression                                 : loaded 2 times (x 70B)
Class [Lorg.jetbrains.kotlin.psi.KtImportList;                                        : loaded 2 times (x 69B)
Class org.jetbrains.kotlin.psi.stubs.KotlinClassStub                                  : loaded 2 times (x 70B)
Class org.jetbrains.kotlin.psi.stubs.elements.KtTypeProjectionElementType             : loaded 2 times (x 103B)
Class org.jetbrains.kotlin.psi.stubs.elements.KtPlaceHolderStubElementType            : loaded 2 times (x 103B)
Class org.jetbrains.kotlin.psi.KtTypeReference                                        : loaded 2 times (x 642B)
Class org.jetbrains.kotlin.cli.jvm.config.JavaSourceRoot                              : loaded 2 times (x 77B)
Class org.jetbrains.kotlin.com.intellij.psi.impl.light.LightElement                   : loaded 2 times (x 292B)
Class org.jetbrains.kotlin.com.intellij.util.containers.LinkedCustomHashMap           : loaded 2 times (x 72B)
Class org.jetbrains.kotlin.com.intellij.psi.impl.source.PsiFileWithStubSupport        : loaded 2 times (x 70B)
Class org.jetbrains.kotlin.com.intellij.psi.search.GlobalSearchScope$EmptyScope       : loaded 2 times (x 96B)
Class kotlinx.coroutines.scheduling.CoroutineScheduler$Companion                      : loaded 2 times (x 71B)
Class org.jetbrains.kotlin.com.intellij.codeInsight.runner.JavaMainMethodProvider     : loaded 2 times (x 70B)
Class org.jetbrains.kotlin.com.intellij.openapi.extensions.SmartExtensionPoint        : loaded 2 times (x 74B)
Class org.jetbrains.kotlin.com.intellij.navigation.ItemPresentationProvider           : loaded 2 times (x 70B)
Class org.jetbrains.kotlin.com.intellij.lang.SyntaxTreeBuilder                        : loaded 2 times (x 70B)
Class org.jetbrains.kotlin.com.intellij.openapi.util.text.StringUtil                  : loaded 2 times (x 71B)
Class org.jetbrains.kotlin.ir.inline.CommonInlineCallableReferenceToLambdaPhase       : loaded 2 times (x 429B)
Class org.jetbrains.kotlin.backend.jvm.JvmLoweringPhasesKt$jvmFilePhases$58           : loaded 2 times (x 125B)
Class org.jetbrains.kotlin.backend.jvm.lower.SingletonReferencesLowering              : loaded 2 times (x 518B)
Class org.jetbrains.kotlin.backend.jvm.JvmLoweringPhasesKt$jvmFilePhases$21           : loaded 2 times (x 125B)
Class org.jetbrains.kotlin.backend.jvm.JvmLoweringPhasesKt$jvmFilePhases$7            : loaded 2 times (x 125B)
Class kotlin.reflect.jvm.internal.impl.name.FqNamesUtilKt                             : loaded 2 times (x 71B)
Class org.jetbrains.kotlin.config.LanguageFeature                                     : loaded 2 times (x 80B)
Class org.jetbrains.kotlin.it.unimi.dsi.fastutil.ints.IntIterable                     : loaded 2 times (x 70B)
Class org.jetbrains.kotlin.it.unimi.dsi.fastutil.objects.ObjectIterable               : loaded 2 times (x 70B)
Class kotlin.collections.builders.AbstractMapBuilderEntrySet                          : loaded 2 times (x 144B)
Class kotlin.collections.CollectionsKt__IteratorsJVMKt                                : loaded 2 times (x 71B)
Class com.google.common.base.Joiner                                                   : loaded 2 times (x 79B)
Class com.google.common.base.MoreObjects                                              : loaded 2 times (x 71B)
Class org.jetbrains.kotlin.codegen.optimization.temporaryVals.TemporaryValsAnalyzer$StoredValue$Store: loaded 2 times (x 76B)
Class org.jetbrains.kotlin.codegen.optimization.nullCheck.NullBasicValue              : loaded 2 times (x 78B)
Class org.jetbrains.org.objectweb.asm.tree.analysis.BasicInterpreter                  : loaded 2 times (x 93B)
Class org.jetbrains.kotlin.codegen.optimization.fixStack.FixStackValue                : loaded 2 times (x 82B)
Class org.jetbrains.kotlin.codegen.inline.ReifiedTypeInliner$Companion                : loaded 2 times (x 71B)
Class org.jetbrains.kotlin.codegen.OperationStackValue                                : loaded 2 times (x 87B)
Class org.jetbrains.kotlin.codegen.inline.MaxStackFrameSizeAndLocalsCalculator        : loaded 2 times (x 106B)
Class org.jetbrains.kotlin.backend.jvm.codegen.FunctionCodegen                        : loaded 2 times (x 72B)
Class org.jetbrains.org.objectweb.asm.tree.LabelNode                                  : loaded 2 times (x 80B)
Class org.jetbrains.kotlin.backend.jvm.lower.SyntheticAccessorLowering$Companion      : loaded 2 times (x 71B)
Class org.jetbrains.kotlin.backend.common.lower.loops.handlers.DownToHandler          : loaded 2 times (x 80B)
Class org.jetbrains.kotlin.backend.jvm.lower.PropertyReferenceDelegationTransformer   : loaded 2 times (x 501B)
Class org.jetbrains.kotlin.backend.jvm.intrinsics.MonitorInstruction                  : loaded 2 times (x 73B)
Class org.jetbrains.kotlin.backend.jvm.ir.JvmIrInlineUtilsKt                          : loaded 2 times (x 71B)
Class org.jetbrains.kotlin.backend.jvm.lower.JvmLateinitLowering$Transformer          : loaded 2 times (x 501B)
Class org.jetbrains.kotlin.backend.jvm.JvmSharedVariablesManager$RefProvider          : loaded 2 times (x 72B)
Class org.jetbrains.kotlin.ir.interpreter.transformer.IrConstExpressionTransformer    : loaded 2 times (x 421B)
Class org.jetbrains.kotlin.ir.declarations.IrDeclarationsKt                           : loaded 2 times (x 71B)
Class org.jetbrains.kotlin.ir.IrLock                                                  : loaded 2 times (x 71B)
Class org.jetbrains.kotlin.resolve.constants.IntValue                                 : loaded 2 times (x 76B)
Class org.jetbrains.kotlin.descriptors.PackageFragmentProviderImpl                    : loaded 2 times (x 80B)
Class org.jetbrains.kotlin.ir.types.impl.IrAbstractSimpleType                         : loaded 2 times (x 93B)
Class org.jetbrains.kotlin.ir.types.IrType                                            : loaded 2 times (x 85B)
Class org.jetbrains.kotlin.diagnostics.rendering.ContextIndependentParameterRenderer  : loaded 2 times (x 70B)
Class org.jetbrains.kotlin.metadata.jvm.JvmProtoBuf$StringTableTypes$1                : loaded 2 times (x 144B)
Class org.jetbrains.kotlin.load.java.structure.impl.classFiles.PlainJavaLiteralAnnotationArgument: loaded 2 times (x 79B)
Class org.jetbrains.kotlin.cli.jvm.compiler.KotlinCliJavaFileManagerImpl$WhenMappings : loaded 2 times (x 71B)
Class org.jetbrains.kotlin.serialization.deserialization.ClassData                    : loaded 2 times (x 72B)
Class org.jetbrains.kotlin.load.java.structure.impl.source.JavaElementPsiSource       : loaded 2 times (x 73B)
Class org.jetbrains.kotlin.load.java.structure.impl.JavaElementImpl                   : loaded 2 times (x 85B)
Class org.jetbrains.kotlin.com.google.common.collect.ImmutableSet$JdkBackedSetBuilderImpl: loaded 2 times (x 76B)
Class org.jetbrains.kotlin.com.google.common.collect.ImmutableList                    : loaded 2 times (x 206B)
Class org.jetbrains.kotlin.resolve.calls.checkers.CallableReferenceCompatibilityChecker: loaded 2 times (x 74B)
Class [Lorg.jetbrains.kotlin.lexer.KtKeywordToken;                                    : loaded 2 times (x 69B)
Class org.jetbrains.kotlin.metadata.ProtoBuf$PropertyOrBuilder                        : loaded 2 times (x 70B)
Class org.jetbrains.kotlin.metadata.ProtoBuf$Constructor$1                            : loaded 2 times (x 144B)
Class org.jetbrains.kotlin.serialization.deserialization.KotlinMetadataFinder         : loaded 2 times (x 70B)
Class org.jetbrains.kotlin.cli.jvm.index.JvmDependenciesIndex                         : loaded 2 times (x 70B)
Class org.jetbrains.kotlin.utils.CollectionsKt                                        : loaded 2 times (x 71B)
Class org.jetbrains.kotlin.com.intellij.util.containers.ConcurrentRefValueHashMap     : loaded 2 times (x 149B)
Class org.jetbrains.kotlin.com.intellij.psi.impl.PsiJavaParserFacadeImpl              : loaded 2 times (x 125B)
Class org.jetbrains.kotlin.com.intellij.psi.PsiRecursiveElementWalkingVisitor         : loaded 2 times (x 84B)
Class org.jetbrains.kotlin.com.intellij.psi.impl.file.impl.FileManager                : loaded 2 times (x 70B)
Class kotlin.Result                                                                   : loaded 2 times (x 72B)
Class kotlinx.coroutines.scheduling.NanoTimeSource                                    : loaded 2 times (x 72B)
Class kotlinx.coroutines.BuildersKt__BuildersKt                                       : loaded 2 times (x 71B)
Class org.jetbrains.kotlin.com.intellij.psi.search.searches.ExtensibleQueryFactory    : loaded 2 times (x 77B)
Class org.jetbrains.kotlin.com.intellij.openapi.progress.ProgressIndicator            : loaded 2 times (x 70B)
Class org.jetbrains.kotlin.com.intellij.core.CoreEncodingProjectManager               : loaded 2 times (x 74B)
Class org.jetbrains.kotlin.com.intellij.openapi.vfs.local.CoreLocalVirtualFile        : loaded 2 times (x 156B)
Class [Lorg.jetbrains.kotlin.com.intellij.openapi.diagnostic.LogLevel;                : loaded 2 times (x 69B)
Class org.jetbrains.kotlin.com.intellij.util.containers.FastUtilCaseInsensitiveStringHashingStrategy: loaded 2 times (x 75B)
Class org.jetbrains.kotlin.backend.jvm.lower.JvmArgumentNullabilityAssertionsLowering : loaded 2 times (x 254B)
Class org.jetbrains.kotlin.backend.jvm.JvmLoweringPhasesKt$jvmFilePhases$59           : loaded 2 times (x 125B)
Class org.jetbrains.kotlin.backend.jvm.lower.JvmSingleAbstractMethodLowering          : loaded 2 times (x 528B)
Class org.jetbrains.kotlin.backend.common.lower.RangeContainsLowering                 : loaded 2 times (x 85B)
Class org.jetbrains.kotlin.backend.jvm.JvmLoweringPhasesKt$jvmFilePhases$22           : loaded 2 times (x 125B)
Class org.jetbrains.kotlin.backend.jvm.JvmLoweringPhasesKt$jvmFilePhases$8            : loaded 2 times (x 125B)
Class org.jetbrains.kotlin.backend.jvm.lower.MainMethodGenerationLowering             : loaded 2 times (x 85B)
Class org.jetbrains.kotlin.com.intellij.util.containers.CanonicalHashingStrategy      : loaded 2 times (x 75B)
Class org.jetbrains.kotlin.com.intellij.util.containers.ConcurrentRefHashMap$1        : loaded 2 times (x 77B)
Class org.jetbrains.kotlin.it.unimi.dsi.fastutil.objects.Reference2ObjectOpenHashMap  : loaded 2 times (x 168B)
Class org.jetbrains.kotlin.storage.CacheWithNotNullValues                             : loaded 2 times (x 70B)
Class kotlin.reflect.KProperty0                                                       : loaded 2 times (x 70B)
Class org.jetbrains.kotlin.config.LanguageOrApiVersion                                : loaded 2 times (x 70B)
Class org.jetbrains.kotlin.cli.common.arguments.PreprocessCommandLineArgumentsKt      : loaded 2 times (x 71B)
Class [Lorg.objectweb.asm.Type;                                                       : loaded 2 times (x 69B)
Class com.google.common.collect.Platform                                              : loaded 2 times (x 71B)
Class com.google.common.collect.UnmodifiableIterator                                  : loaded 2 times (x 80B)
Class org.gradle.internal.service.ServiceLocator                                      : loaded 2 times (x 70B)
Class jdk.internal.jrtfs.JrtFileSystem$1                                              : loaded 2 times (x 107B)
Class org.jetbrains.kotlin.cli.jvm.index.JvmDependenciesDynamicCompoundIndex          : loaded 2 times (x 77B)
Class org.jetbrains.kotlin.com.intellij.psi.impl.DebugUtil$1                          : loaded 2 times (x 80B)
Class org.jetbrains.kotlin.codegen.inline.FunctionalArgumentInterpreter               : loaded 2 times (x 94B)
Class org.jetbrains.kotlin.codegen.inline.InlineIntrinsicsKt                          : loaded 2 times (x 71B)
Class org.jetbrains.kotlin.codegen.optimization.common.FastMethodAnalyzer             : loaded 2 times (x 74B)
Class org.jetbrains.kotlin.utils.SmartIdentityTable$Companion                         : loaded 2 times (x 71B)
Class org.jetbrains.kotlin.backend.jvm.lower.JvmSafeCallChainFoldingLoweringKt        : loaded 2 times (x 71B)
Class org.jetbrains.kotlin.backend.jvm.InlineClassAbi                                 : loaded 2 times (x 71B)
Class org.jetbrains.kotlin.backend.jvm.intrinsics.UnsafeCoerce                        : loaded 2 times (x 73B)
Class org.jetbrains.kotlin.resolve.jvm.diagnostics.JvmDeclarationOrigin               : loaded 2 times (x 73B)
Class [Lorg.jetbrains.kotlin.config.JvmStringConcat;                                  : loaded 2 times (x 69B)
Class org.jetbrains.kotlin.ir.interpreter.IrInterpreterConfiguration                  : loaded 2 times (x 72B)
Class org.jetbrains.kotlin.ir.expressions.IrVarargElement                             : loaded 2 times (x 70B)
Class org.jetbrains.kotlin.protobuf.GeneratedMessageLite$ExtendableMessage$ExtensionWriter: loaded 2 times (x 73B)
Class org.jetbrains.kotlin.builtins.BuiltInsPackageFragment                           : loaded 2 times (x 70B)
Class org.jetbrains.kotlin.descriptors.annotations.Annotations$Companion$EMPTY$1      : loaded 2 times (x 85B)
Class org.jetbrains.kotlin.diagnostics.PositioningStrategies$NAME_IDENTIFIER$1        : loaded 2 times (x 74B)
Class [Lorg.jetbrains.kotlin.kotlinx.collections.immutable.implementations.immutableMap.TrieNodeBaseIterator;: loaded 2 times (x 69B)
Class org.jetbrains.kotlin.kotlinx.collections.immutable.implementations.immutableMap.TrieNodeBaseIterator: loaded 2 times (x 82B)
Class org.jetbrains.kotlin.load.kotlin.header.ReadKotlinClassHeaderAnnotationVisitor$CollectStringArrayAnnotationVisitor: loaded 2 times (x 85B)
Class org.jetbrains.kotlin.it.unimi.dsi.fastutil.objects.AbstractObjectList$ObjectRandomAccessSubList: loaded 2 times (x 288B)
Class org.jetbrains.kotlin.psi.KtSuperTypeListEntry                                   : loaded 2 times (x 445B)
Class [Lorg.jetbrains.kotlin.psi.KtContractEffectList;                                : loaded 2 times (x 69B)
Class [Lorg.jetbrains.kotlin.psi.KtReferenceExpression;                               : loaded 2 times (x 69B)
Class [Lorg.jetbrains.kotlin.com.intellij.psi.NavigatablePsiElement;                  : loaded 2 times (x 69B)
Class org.jetbrains.kotlin.psi.stubs.elements.KtClassLiteralExpressionElementType     : loaded 2 times (x 100B)
Class org.jetbrains.kotlin.resolve.checkers.VolatileAnnotationChecker                 : loaded 2 times (x 74B)
Class org.jetbrains.kotlin.psi.KtParameterList                                        : loaded 2 times (x 454B)
Class org.jetbrains.kotlin.types.model.TypeSystemInferenceExtensionContext            : loaded 2 times (x 70B)
Class org.jetbrains.kotlin.psi.KtCommonFile                                           : loaded 2 times (x 866B)
Class org.jetbrains.kotlin.com.intellij.mock.MockDumbUtil                             : loaded 2 times (x 71B)
Class org.jetbrains.kotlin.com.intellij.testFramework.LightVirtualFileBase            : loaded 2 times (x 164B)
Class org.jetbrains.kotlin.com.intellij.openapi.vfs.VirtualFileSet                    : loaded 2 times (x 70B)
Class org.jetbrains.kotlin.com.intellij.util.Query                                    : loaded 2 times (x 70B)
Class org.jetbrains.kotlin.com.intellij.util.QueryFactory                             : loaded 2 times (x 76B)
Class kotlin.sequences.TransformingSequence$iterator$1                                : loaded 2 times (x 79B)
Class org.jetbrains.kotlin.com.intellij.psi.impl.source.resolve.reference.PsiReferenceRegistrarImpl: loaded 2 times (x 87B)
Class org.jetbrains.kotlin.kotlinx.collections.immutable.implementations.immutableList.SmallPersistentVector: loaded 2 times (x 297B)
Class org.jetbrains.kotlin.com.intellij.openapi.components.ComponentManager           : loaded 2 times (x 70B)
Class org.jetbrains.kotlin.backend.jvm.JvmLoweringPhasesKt$jvmFilePhases$23           : loaded 2 times (x 125B)
Class org.jetbrains.kotlin.backend.jvm.JvmLoweringPhasesKt$jvmFilePhases$9            : loaded 2 times (x 125B)
Class org.jetbrains.kotlin.backend.common.phaser.CompilerPhase                        : loaded 2 times (x 70B)
Class [Lkotlin.Function;                                                              : loaded 2 times (x 69B)
Class kotlin.Pair                                                                     : loaded 2 times (x 72B)
Class kotlin.reflect.KProperty1                                                       : loaded 2 times (x 70B)
Class kotlin.reflect.KClass                                                           : loaded 2 times (x 70B)
Class org.jetbrains.kotlin.com.intellij.openapi.progress.ProcessCanceledException     : loaded 2 times (x 82B)
Class com.google.common.base.Ascii                                                    : loaded 2 times (x 71B)
Class com.google.common.collect.SingletonImmutableBiMap                               : loaded 2 times (x 143B)
Class com.google.common.cache.LocalCache$1                                            : loaded 2 times (x 89B)
Class com.google.common.collect.AbstractMapEntry                                      : loaded 2 times (x 81B)
Class org.jetbrains.kotlin.com.intellij.openapi.util.io.FileAttributes                : loaded 2 times (x 71B)
Class org.jetbrains.kotlin.metadata.serialization.Interner$special$$inlined$sortedBy$1: loaded 2 times (x 90B)
Class org.jetbrains.kotlin.codegen.inline.InlineCodegen$WhenMappings                  : loaded 2 times (x 71B)
Class [Lorg.jetbrains.org.objectweb.asm.tree.AbstractInsnNode;                        : loaded 2 times (x 69B)
Class org.jetbrains.kotlin.backend.jvm.codegen.PromisedValueKt                        : loaded 2 times (x 71B)
Class org.jetbrains.kotlin.it.unimi.dsi.fastutil.objects.Object2IntFunction           : loaded 2 times (x 70B)
Class org.jetbrains.kotlin.backend.common.lower.ClosureAnnotator$ClosureCollectorVisitor: loaded 2 times (x 159B)
Class org.jetbrains.kotlin.backend.common.lower.loops.handlers.CollectionIndicesHandler: loaded 2 times (x 84B)
Class org.jetbrains.kotlin.backend.common.Mapping                                     : loaded 2 times (x 72B)
Class org.jetbrains.kotlin.codegen.intrinsics.IntrinsicsMap                           : loaded 2 times (x 72B)
Class org.jetbrains.kotlin.codegen.intrinsics.Java8ULongCompare                       : loaded 2 times (x 79B)
Class org.jetbrains.kotlin.load.java.components.JavaDeprecationSettings               : loaded 2 times (x 74B)
Class org.jetbrains.kotlin.resolve.deprecation.DeprecationSettings                    : loaded 2 times (x 70B)
Class org.jetbrains.kotlin.codegen.ClassBuilderFactories$TestClassBuilderFactory      : loaded 2 times (x 83B)
Class org.jetbrains.kotlin.descriptors.CallableMemberDescriptor$CopyBuilder           : loaded 2 times (x 70B)
Class org.jetbrains.kotlin.ir.expressions.IrGetClass                                  : loaded 2 times (x 105B)
Class org.jetbrains.kotlin.ir.visitors.IrElementVisitor$DefaultImpls                  : loaded 2 times (x 71B)
Class org.jetbrains.kotlin.ir.util.SymbolTable                                        : loaded 2 times (x 102B)
Class org.jetbrains.kotlin.ir.types.IdSignatureValues                                 : loaded 2 times (x 71B)
Class org.jetbrains.kotlin.ir.builders.Scope                                          : loaded 2 times (x 72B)
Class org.jetbrains.kotlin.ir.symbols.impl.IrFieldSymbolImpl                          : loaded 2 times (x 94B)
Class [Lorg.jetbrains.kotlin.descriptors.ValidateableDescriptor;                      : loaded 2 times (x 69B)
Class org.jetbrains.kotlin.descriptors.ValueParameterDescriptor                       : loaded 2 times (x 70B)
Class org.jetbrains.kotlin.types.TypeApproximatorConfiguration$IntersectionStrategy   : loaded 2 times (x 79B)
Class org.jetbrains.kotlin.resolve.calls.inference.model.MutableConstraintStorage     : loaded 2 times (x 89B)
Class org.jetbrains.kotlin.com.google.common.collect.RegularImmutableAsList           : loaded 2 times (x 217B)
Class org.jetbrains.kotlin.com.intellij.lang.WhitespacesAndCommentsBinder$RecursiveBinder: loaded 2 times (x 70B)
Class org.jetbrains.kotlin.types.model.DefinitelyNotNullTypeMarker                    : loaded 2 times (x 70B)
Class org.jetbrains.kotlin.descriptors.EffectiveVisibility                            : loaded 2 times (x 75B)
Class kotlin.sequences.GeneratorSequence$iterator$1                                   : loaded 2 times (x 79B)
Class org.jetbrains.kotlin.psi.KtReturnExpression                                     : loaded 2 times (x 440B)
Class org.jetbrains.kotlin.psi.KtConstructorCalleeExpression                          : loaded 2 times (x 507B)
Class org.jetbrains.kotlin.resolve.checkers.UnderscoreChecker                         : loaded 2 times (x 74B)
Class org.jetbrains.kotlin.types.model.TypeCheckerProviderContext                     : loaded 2 times (x 70B)
Class org.jetbrains.kotlin.metadata.deserialization.NameResolverImpl                  : loaded 2 times (x 77B)
Class [Lorg.jetbrains.kotlin.com.intellij.lang.jvm.JvmNamedElement;                   : loaded 2 times (x 69B)
Class org.jetbrains.kotlin.com.intellij.psi.impl.ElementBase$ElementIconRequest       : loaded 2 times (x 72B)
Class org.jetbrains.kotlin.com.intellij.psi.codeStyle.JavaCodeStyleManager            : loaded 2 times (x 97B)
Class org.jetbrains.kotlin.com.intellij.openapi.roots.LanguageLevelProjectExtension$LanguageLevelChangeListener: loaded 2 times (x 70B)
Class org.jetbrains.kotlin.com.intellij.psi.search.GlobalSearchScope$FileTypeRestrictionScope: loaded 2 times (x 101B)
Class org.jetbrains.kotlin.com.intellij.ide.plugins.PluginContentDescriptor$Companion : loaded 2 times (x 71B)
Class org.jetbrains.kotlin.com.fasterxml.aalto.in.ByteBasedPNameTable                 : loaded 2 times (x 72B)
Class kotlinx.coroutines.scheduling.GlobalQueue                                       : loaded 2 times (x 72B)
Class org.jetbrains.kotlin.com.intellij.ide.plugins.DescriptorListLoadingContext$brokenPluginVersions$2: loaded 2 times (x 79B)
Class org.jetbrains.kotlin.com.intellij.psi.impl.smartPointers.SmartPointerAnchorProvider: loaded 2 times (x 73B)
Class org.jetbrains.kotlin.com.intellij.psi.search.searches.SuperMethodsSearch        : loaded 2 times (x 77B)
Class org.jetbrains.kotlin.com.intellij.psi.stubs.PsiClassHolderFileStub              : loaded 2 times (x 70B)
Class org.jetbrains.kotlin.com.intellij.util.messages.impl.MessageBusFactoryImpl      : loaded 2 times (x 71B)
Class org.jetbrains.kotlin.cli.jvm.config.JvmClasspathRoot                            : loaded 2 times (x 80B)
Class org.jetbrains.kotlin.com.intellij.util.containers.ConcurrentFactoryMap          : loaded 2 times (x 148B)
Class kotlin.io.CloseableKt                                                           : loaded 2 times (x 71B)
Class org.jetbrains.kotlin.backend.jvm.JvmLoweringPhasesKt$jvmFilePhases$24           : loaded 2 times (x 125B)
Class org.jetbrains.kotlin.storage.EmptySimpleLock                                    : loaded 2 times (x 75B)
Class [Lorg.jetbrains.kotlin.name.FqName;                                             : loaded 2 times (x 69B)
Class org.jetbrains.kotlin.config.IrVerificationMode                                  : loaded 2 times (x 79B)
Class kotlin.reflect.KProperty2                                                       : loaded 2 times (x 70B)
Class kotlin.collections.CollectionsKt__MutableCollectionsKt                          : loaded 2 times (x 71B)
Class com.google.common.collect.Sets$ImprovedAbstractSet                              : loaded 2 times (x 135B)
Class com.google.common.collect.ImmutableList$Builder                                 : loaded 2 times (x 77B)
Class com.google.common.cache.LocalCache$2                                            : loaded 2 times (x 142B)
Class com.google.common.collect.AbstractMultimap                                      : loaded 2 times (x 123B)
Class org.jetbrains.kotlin.incremental.components.NoLookupLocation                    : loaded 2 times (x 82B)
Class org.jetbrains.kotlin.codegen.inline.InlineResult$Companion                      : loaded 2 times (x 71B)
Class org.jetbrains.kotlin.backend.jvm.codegen.MaterialValue                          : loaded 2 times (x 74B)
Class org.jetbrains.kotlin.codegen.ClassFileFactory$ClassBuilderAndSourceFileList     : loaded 2 times (x 74B)
Class org.jetbrains.kotlin.backend.jvm.lower.RecordEnclosingMethodsLowering$lower$1   : loaded 2 times (x 159B)
Class org.jetbrains.kotlin.backend.common.lower.loops.handlers.CharSequenceIndicesHandler: loaded 2 times (x 84B)
Class org.jetbrains.kotlin.backend.jvm.intrinsics.IntIncr                             : loaded 2 times (x 73B)
Class org.jetbrains.kotlin.backend.jvm.intrinsics.EnumValueOf                         : loaded 2 times (x 73B)
Class org.jetbrains.kotlin.resolve.annotations.AnnotationUtilKt                       : loaded 2 times (x 71B)
Class org.jetbrains.kotlin.backend.jvm.caches.BridgeLoweringCache                     : loaded 2 times (x 72B)
Class org.jetbrains.kotlin.codegen.serialization.JvmSerializationBindings$SerializationMappingSlice: loaded 2 times (x 101B)
Class org.jetbrains.kotlin.resolve.diagnostics.Diagnostics$Companion                  : loaded 2 times (x 71B)
Class org.jetbrains.kotlin.ir.builders.IrBlockBodyBuilder                             : loaded 2 times (x 83B)
Class org.jetbrains.kotlin.serialization.deserialization.FlexibleTypeDeserializer$ThrowException: loaded 2 times (x 74B)
Class org.jetbrains.kotlin.serialization.deserialization.ErrorReporter                : loaded 2 times (x 70B)
Class org.jetbrains.kotlin.ir.builders.declarations.IrFunctionBuilder                 : loaded 2 times (x 73B)
Class org.jetbrains.kotlin.load.java.typeEnhancement.PredefinedFunctionEnhancementInfo: loaded 2 times (x 72B)
Class org.jetbrains.kotlin.load.java.JavaDefaultQualifiers                            : loaded 2 times (x 72B)
Class org.jetbrains.kotlin.metadata.deserialization.ProtoBufUtilKt                    : loaded 2 times (x 71B)
Class [Lorg.jetbrains.kotlin.com.google.common.collect.LinkedHashMultimap$ValueEntry; : loaded 2 times (x 69B)
Class org.jetbrains.kotlin.psi.KtPsiUtil$1                                            : loaded 2 times (x 304B)
Class org.jetbrains.kotlin.it.unimi.dsi.fastutil.ints.IntIterator                     : loaded 2 times (x 70B)
Class org.jetbrains.kotlin.psi.KtTypeArgumentList                                     : loaded 2 times (x 446B)
Class org.jetbrains.kotlin.psi.KtEnumEntrySuperclassReferenceExpression               : loaded 2 times (x 632B)
Class [Lorg.jetbrains.kotlin.psi.KtTypeConstraint;                                    : loaded 2 times (x 69B)
Class [Lorg.jetbrains.kotlin.com.intellij.util.KeyedLazyInstanceEP;                   : loaded 2 times (x 69B)
Class [Lorg.jetbrains.kotlin.com.intellij.psi.PsiDirectoryContainer;                  : loaded 2 times (x 69B)
Class org.jetbrains.kotlin.cli.common.CliModuleVisibilityManagerImpl                  : loaded 2 times (x 82B)
Class org.jetbrains.kotlin.serialization.DescriptorSerializerPlugin$Companion         : loaded 2 times (x 72B)
Class org.jetbrains.kotlin.com.intellij.psi.util.PsiModificationTracker$Listener      : loaded 2 times (x 70B)
Class org.jetbrains.kotlin.com.fasterxml.aalto.in.PNameN                              : loaded 2 times (x 80B)
Class org.jetbrains.kotlin.com.fasterxml.aalto.impl.StreamExceptionBase               : loaded 2 times (x 85B)
Class kotlinx.coroutines.internal.LimitedDispatcherKt                                 : loaded 2 times (x 71B)
Class kotlin.coroutines.CoroutineContext$Element                                      : loaded 2 times (x 70B)
Class org.jetbrains.kotlin.com.intellij.psi.stubs.IndexSink                           : loaded 2 times (x 70B)
Class org.jetbrains.kotlin.com.intellij.psi.impl.source.tree.PsiCommentImpl           : loaded 2 times (x 549B)
Class org.jetbrains.kotlin.com.intellij.psi.PsiElement                                : loaded 2 times (x 70B)
Class org.jetbrains.kotlin.com.intellij.psi.tree.ILazyParseableElementType            : loaded 2 times (x 84B)
Class org.jetbrains.kotlin.kotlinx.collections.immutable.implementations.immutableMap.TrieNodeKt: loaded 2 times (x 71B)
Class org.jetbrains.kotlin.com.intellij.openapi.editor.impl.DocumentImpl              : loaded 2 times (x 134B)
Class org.jetbrains.kotlin.com.intellij.util.text.CharSequenceBackedByArray           : loaded 2 times (x 70B)
Class org.jetbrains.kotlin.it.unimi.dsi.fastutil.objects.ObjectIterator               : loaded 2 times (x 70B)
Class org.jetbrains.kotlin.cli.jvm.config.JvmContentRootBase                          : loaded 2 times (x 70B)
Class org.jetbrains.kotlin.com.intellij.openapi.extensions.ExtensionPointName$Companion: loaded 2 times (x 71B)
Class kotlin.io.TerminateException                                                    : loaded 2 times (x 82B)
Class kotlin.io.FilesKt__FilePathComponentsKt                                         : loaded 2 times (x 71B)
Class org.jetbrains.kotlin.backend.jvm.JvmLoweringPhasesKt$jvmFilePhases$25           : loaded 2 times (x 125B)
Class org.jetbrains.kotlin.backend.jvm.lower.JvmInlineCallableReferenceToLambdaPhase  : loaded 2 times (x 427B)
Class kotlin.reflect.jvm.internal.impl.utils.CollectionsKt                            : loaded 2 times (x 71B)
Class org.jetbrains.kotlin.load.java.Jsr305Settings                                   : loaded 2 times (x 72B)
Class org.jetbrains.kotlin.config.MavenComparableVersion$IntegerItem                  : loaded 2 times (x 80B)
Class org.jetbrains.kotlin.com.google.common.collect.AbstractSetMultimap              : loaded 2 times (x 174B)
Class kotlin.reflect.KCallable                                                        : loaded 2 times (x 70B)
Class org.jetbrains.kotlin.util.PerformanceCounter                                    : loaded 2 times (x 73B)
Class com.google.common.collect.ImmutableRangeSet$1                                   : loaded 2 times (x 209B)
Class com.google.common.util.concurrent.AbstractFuture$UnsafeAtomicHelper$1           : loaded 2 times (x 76B)
Class com.google.common.collect.RegularImmutableAsList                                : loaded 2 times (x 216B)
Class org.jetbrains.kotlin.codegen.inline.CapturedParamInfo                           : loaded 2 times (x 72B)
Class [Lorg.jetbrains.kotlin.types.error.ErrorTypeKind;                               : loaded 2 times (x 69B)
Class org.jetbrains.org.objectweb.asm.tree.InsnList                                   : loaded 2 times (x 103B)
Class [Lorg.jetbrains.kotlin.ir.declarations.IrDeclarationOriginImpl;                 : loaded 2 times (x 69B)
Class org.jetbrains.kotlin.utils.DFS$1                                                : loaded 2 times (x 80B)
Class org.jetbrains.kotlin.codegen.signature.JvmSignatureWriter                       : loaded 2 times (x 105B)
Class org.jetbrains.kotlin.backend.jvm.intrinsics.IntrinsicShouldHaveBeenLowered      : loaded 2 times (x 73B)
Class org.jetbrains.kotlin.backend.common.lower.AnnotationImplementationTransformerKt : loaded 2 times (x 71B)
Class org.jetbrains.kotlin.backend.jvm.MfvcNode                                       : loaded 2 times (x 70B)
Class org.jetbrains.kotlin.types.TypeApproximator                                     : loaded 2 times (x 648B)
Class org.jetbrains.kotlin.com.google.common.collect.Iterators$MergingIterator        : loaded 2 times (x 81B)
Class org.jetbrains.kotlin.util.slicedMap.KeyWithSlice                                : loaded 2 times (x 78B)
Class org.jetbrains.kotlin.ir.expressions.IrGetField                                  : loaded 2 times (x 112B)
Class org.jetbrains.kotlin.renderer.KeywordStringsGenerated                           : loaded 2 times (x 71B)
Class org.jetbrains.kotlin.ir.symbols.impl.IrValueParameterSymbolImpl                 : loaded 2 times (x 98B)
Class org.jetbrains.kotlin.diagnostics.rendering.CommonRenderers                      : loaded 2 times (x 71B)
Class org.jetbrains.kotlin.diagnostics.PositioningStrategies$LABEL$1                  : loaded 2 times (x 74B)
Class org.jetbrains.kotlin.psi.KtPsiUtil$2                                            : loaded 2 times (x 304B)
Class org.jetbrains.kotlin.parsing.KotlinExpressionParsing                            : loaded 2 times (x 112B)
Class org.jetbrains.kotlin.psi.KtFunctionType                                         : loaded 2 times (x 513B)
Class org.jetbrains.kotlin.psi.KtConstructor                                          : loaded 2 times (x 1274B)
Class org.jetbrains.kotlin.load.kotlin.VirtualFileFinder$SERVICE                      : loaded 2 times (x 71B)
Class org.jetbrains.kotlin.protobuf.AbstractMessageLite$Builder                       : loaded 2 times (x 122B)
Class org.jetbrains.kotlin.protobuf.GeneratedMessageLite                              : loaded 2 times (x 101B)
Class kotlin.collections.AbstractIterator                                             : loaded 2 times (x 83B)
Class org.jetbrains.kotlin.protobuf.Internal$EnumLiteMap                              : loaded 2 times (x 70B)
Class org.jetbrains.kotlin.backend.common.extensions.IrGenerationExtension            : loaded 2 times (x 70B)
Class org.jetbrains.kotlin.ir.linkage.IrDeserializer$IrLinkerExtension                : loaded 2 times (x 70B)
Class org.jetbrains.kotlin.resolve.CodeAnalyzerInitializer                            : loaded 2 times (x 70B)
Class org.jetbrains.kotlin.com.intellij.psi.impl.source.JavaDummyElement              : loaded 2 times (x 268B)
Class org.jetbrains.kotlin.com.intellij.psi.PsiJavaParserFacade                       : loaded 2 times (x 70B)
Class org.jetbrains.kotlin.com.intellij.psi.search.ProjectScopeImpl                   : loaded 2 times (x 96B)
Class org.jetbrains.kotlin.com.intellij.core.MockDocumentCommitProcessor              : loaded 2 times (x 77B)
Class org.jetbrains.kotlin.com.intellij.psi.SmartPointerManager                       : loaded 2 times (x 77B)
Class org.jetbrains.kotlin.com.intellij.util.containers.ConcurrentWeakKeySoftValueHashMap$ValueReference: loaded 2 times (x 70B)
Class org.jetbrains.kotlin.com.intellij.openapi.util.registry.RegistryValue           : loaded 2 times (x 83B)
Class org.jetbrains.kotlin.kotlinx.collections.immutable.internal.ListImplementation  : loaded 2 times (x 71B)
Class kotlin.text.CharsKt                                                             : loaded 2 times (x 71B)
Class org.jetbrains.kotlin.backend.jvm.JvmLoweringPhasesKt$jvmFilePhases$26           : loaded 2 times (x 125B)
Class org.jetbrains.kotlin.cli.common.messages.MessageCollector$Companion             : loaded 2 times (x 71B)
Class org.jetbrains.kotlin.load.java.JavaTypeEnhancementState$Companion$DEFAULT$1     : loaded 2 times (x 125B)
Class org.jetbrains.kotlin.config.CompilerConfiguration                               : loaded 2 times (x 88B)
Class com.google.common.collect.Range                                                 : loaded 2 times (x 87B)
Class com.google.common.util.concurrent.AbstractFuture$Trusted                        : loaded 2 times (x 70B)
Class com.google.common.collect.Iterators                                             : loaded 2 times (x 71B)
Class com.google.common.base.CharMatcher$RangesMatcher                                : loaded 2 times (x 112B)
Class org.jetbrains.kotlin.metadata.ProtoBuf$Annotation$Argument$Value$Type           : loaded 2 times (x 82B)
Class org.jetbrains.kotlin.metadata.ProtoBuf$TypeParameter$Variance$1                 : loaded 2 times (x 74B)
Class org.jetbrains.kotlin.com.intellij.util.containers.LinkedCustomHashMap$EntrySet  : loaded 2 times (x 136B)
Class org.jetbrains.kotlin.serialization.DescriptorAwareStringTable                   : loaded 2 times (x 70B)
Class org.jetbrains.kotlin.codegen.signature.BothSignatureWriter$1                    : loaded 2 times (x 71B)
Class org.jetbrains.kotlin.codegen.optimization.FixStackWithLabelNormalizationMethodTransformer: loaded 2 times (x 73B)
Class org.jetbrains.kotlin.codegen.SourceInfo                                         : loaded 2 times (x 72B)
Class org.jetbrains.org.objectweb.asm.tree.MethodInsnNode                             : loaded 2 times (x 79B)
Class org.jetbrains.org.objectweb.asm.tree.MethodNode                                 : loaded 2 times (x 109B)
Class org.jetbrains.kotlin.backend.common.lower.FlattenStringConcatenationLowering$Companion: loaded 2 times (x 71B)
Class org.jetbrains.kotlin.backend.jvm.intrinsics.UnaryPlus                           : loaded 2 times (x 73B)
Class [Lorg.jetbrains.kotlin.ir.interpreter.preprocessor.IrInterpreterPreprocessor;   : loaded 2 times (x 69B)
Class org.jetbrains.kotlin.backend.common.lower.SpecialBridgeMethods                  : loaded 2 times (x 72B)
Class org.jetbrains.kotlin.resolve.DelegatingBindingTrace$MyBindingContext            : loaded 2 times (x 81B)
Class org.jetbrains.kotlin.resolve.BindingContext                                     : loaded 2 times (x 70B)
Class org.jetbrains.kotlin.ir.util.StubGeneratorExtensions$Companion                  : loaded 2 times (x 71B)
Class org.jetbrains.kotlin.ir.util.SetDeclarationsParentVisitor                       : loaded 2 times (x 158B)
Class org.jetbrains.kotlin.ir.descriptors.IrBasedDescriptorsKt                        : loaded 2 times (x 71B)
Class org.jetbrains.kotlin.ir.interpreter.transformer.IrConstTransformerKt            : loaded 2 times (x 71B)
Class org.jetbrains.kotlin.ir.IrDiagnosticReporter                                    : loaded 2 times (x 70B)
Class org.jetbrains.kotlin.ir.util.SymbolTableExtension                               : loaded 2 times (x 110B)
Class org.jetbrains.kotlin.ir.declarations.IrTypeParameter                            : loaded 2 times (x 130B)
Class org.jetbrains.kotlin.ir.expressions.IrStatementOrigin$Companion                 : loaded 2 times (x 71B)
Class org.jetbrains.kotlin.backend.common.IrSpecialAnnotationsProvider                : loaded 2 times (x 76B)
Class org.jetbrains.kotlin.serialization.deserialization.ClassDeserializer$Companion  : loaded 2 times (x 71B)
Class [Lorg.jetbrains.kotlin.renderer.AnnotationArgumentsRenderingPolicy;             : loaded 2 times (x 69B)
Class org.jetbrains.kotlin.descriptors.Visibilities$Inherited                         : loaded 2 times (x 79B)
Class org.jetbrains.kotlin.diagnostics.PositioningStrategies$CALL_ELEMENT$1           : loaded 2 times (x 74B)
Class org.jetbrains.kotlin.load.kotlin.KotlinJvmBinaryClass                           : loaded 2 times (x 70B)
Class org.jetbrains.kotlin.it.unimi.dsi.fastutil.objects.ObjectOpenHashSet$SetIterator: loaded 2 times (x 82B)
Class org.jetbrains.kotlin.com.intellij.psi.util.PsiUtilCore$NullPsiElement           : loaded 2 times (x 194B)
Class org.jetbrains.kotlin.descriptors.Visibilities$Unknown                           : loaded 2 times (x 79B)
Class kotlin.reflect.jvm.internal.KMutableProperty1Impl                               : loaded 2 times (x 135B)
Class org.jetbrains.kotlin.load.java.AnnotationQualifierApplicabilityType             : loaded 2 times (x 79B)
Class org.jetbrains.kotlin.resolve.checkers.ClassifierUsageCheckerContext             : loaded 2 times (x 78B)
Class org.jetbrains.kotlin.psi.KtWhenConditionInRange                                 : loaded 2 times (x 379B)
Class org.jetbrains.kotlin.psi.KtContainerNode                                        : loaded 2 times (x 376B)
Class org.jetbrains.kotlin.psi.stubs.KotlinImportDirectiveStub                        : loaded 2 times (x 70B)
Class org.jetbrains.kotlin.psi.KtBackingField                                         : loaded 2 times (x 790B)
Class org.jetbrains.kotlin.psi.KtExpressionCodeFragmentType                           : loaded 2 times (x 84B)
Class org.jetbrains.kotlin.psi.stubs.elements.KtObjectElementType                     : loaded 2 times (x 104B)
Class org.jetbrains.kotlin.resolve.checkers.ReservedMembersAndConstructsForValueClass$Companion: loaded 2 times (x 71B)
Class org.jetbrains.kotlin.resolve.PlatformDependentAnalyzerServices                  : loaded 2 times (x 77B)
Class org.jetbrains.kotlin.metadata.jvm.JvmModuleProtoBuf$ModuleOrBuilder             : loaded 2 times (x 70B)
Class org.jetbrains.kotlin.protobuf.Parser                                            : loaded 2 times (x 70B)
Class org.jetbrains.kotlin.config.KotlinCompilerVersion                               : loaded 2 times (x 71B)
Class org.jetbrains.kotlin.cli.jvm.compiler.MockInferredAnnotationsManager            : loaded 2 times (x 74B)
Class org.jetbrains.kotlin.asJava.KotlinAsJavaSupport                                 : loaded 2 times (x 89B)
Class [Lorg.jetbrains.kotlin.com.intellij.pom.java.LanguageLevel;                     : loaded 2 times (x 69B)
Class org.jetbrains.kotlin.com.intellij.openapi.util.NotNullFactory                   : loaded 2 times (x 70B)
Class kotlin.coroutines.ContinuationInterceptor$Key                                   : loaded 2 times (x 71B)
Class org.jetbrains.kotlin.com.intellij.psi.PsiSubstitutor                            : loaded 2 times (x 70B)
Class kotlin.text.DelimitedRangesSequence$iterator$1                                  : loaded 2 times (x 79B)
Class org.jetbrains.kotlin.com.intellij.psi.stubs.StubOutputStream                    : loaded 2 times (x 108B)
Class org.jetbrains.kotlin.com.intellij.openapi.progress.TaskInfo                     : loaded 2 times (x 70B)
Class org.jetbrains.kotlin.com.intellij.openapi.vfs.impl.ZipHandler                   : loaded 2 times (x 83B)
Class [Lorg.jetbrains.kotlin.com.intellij.diagnostic.LoadingState;                    : loaded 2 times (x 69B)
Class org.jetbrains.kotlin.backend.jvm.JvmLoweringPhasesKt$jvmFilePhases$27           : loaded 2 times (x 125B)
Class org.jetbrains.kotlin.backend.jvm.lower.SuspendLoweringUtils                     : loaded 2 times (x 72B)
Class org.jetbrains.kotlin.utils.DFS$AbstractNodeHandler                              : loaded 2 times (x 79B)
Class [Lorg.jetbrains.kotlin.config.LanguageFeature$Kind;                             : loaded 2 times (x 69B)
Class org.jetbrains.kotlin.config.LanguageFeature$Kind                                : loaded 2 times (x 79B)
Class org.jetbrains.kotlin.com.google.common.collect.LinkedHashMultimap$ValueSetLink  : loaded 2 times (x 70B)
Class org.jetbrains.kotlin.it.unimi.dsi.fastutil.HashCommon                           : loaded 2 times (x 71B)
Class org.jetbrains.kotlin.config.Services                                            : loaded 2 times (x 72B)
Class org.jetbrains.kotlin.resolve.checkers.InlineParameterChecker                    : loaded 2 times (x 74B)
Class com.google.common.util.concurrent.UncheckedExecutionException                   : loaded 2 times (x 82B)
Class com.google.common.collect.Lists$StringAsImmutableList                           : loaded 2 times (x 207B)
Class org.jetbrains.org.objectweb.asm.util.Textifier                                  : loaded 2 times (x 161B)
Class org.jetbrains.kotlin.backend.jvm.codegen.IrInlineCodegen                        : loaded 2 times (x 87B)
Class org.jetbrains.kotlin.codegen.optimization.temporaryVals.StoreLoadFrame          : loaded 2 times (x 88B)
Class [Lorg.jetbrains.kotlin.codegen.optimization.fixStack.FixStackValue;             : loaded 2 times (x 69B)
Class org.jetbrains.kotlin.metadata.ProtoBuf$Function$Builder                         : loaded 2 times (x 174B)
Class org.jetbrains.kotlin.codegen.DescriptorAsmUtil                                  : loaded 2 times (x 71B)
Class org.jetbrains.kotlin.codegen.StackValue$PreIncrementForLocalVar                 : loaded 2 times (x 87B)
Class org.jetbrains.kotlin.backend.jvm.mapping.IrCallableMethod                       : loaded 2 times (x 72B)
Class org.jetbrains.kotlin.it.unimi.dsi.fastutil.ints.Int2IntMap$FastEntrySet         : loaded 2 times (x 70B)
Class org.jetbrains.org.objectweb.asm.ClassTooLargeException                          : loaded 2 times (x 83B)
Class org.jetbrains.kotlin.types.SimpleTypeImpl                                       : loaded 2 times (x 94B)
Class org.jetbrains.kotlin.ir.descriptors.IrBasedTypeParameterDescriptor              : loaded 2 times (x 165B)
Class org.jetbrains.kotlin.ir.interpreter.checker.EvaluationMode$OnlyIntrinsicConst   : loaded 2 times (x 80B)
Class org.jetbrains.kotlin.com.google.common.collect.Iterators$1                      : loaded 2 times (x 81B)
Class org.jetbrains.kotlin.codegen.intrinsics.BinaryOp                                : loaded 2 times (x 78B)
Class org.jetbrains.kotlin.ir.builders.IrGeneratorWithScope                           : loaded 2 times (x 70B)
Class org.jetbrains.kotlin.backend.common.IrValidatorKt                               : loaded 2 times (x 71B)
Class org.jetbrains.kotlin.ir.expressions.impl.IrGetEnumValueImpl                     : loaded 2 times (x 107B)
Class org.jetbrains.kotlin.ir.declarations.lazy.SynchronizedLazyVar                   : loaded 2 times (x 79B)
Class org.jetbrains.kotlin.ir.expressions.IrBody                                      : loaded 2 times (x 87B)
Class [Lorg.jetbrains.kotlin.descriptors.ModuleDescriptor;                            : loaded 2 times (x 69B)
Class org.jetbrains.kotlin.ir.declarations.IrValueParameter                           : loaded 2 times (x 143B)
Class org.jetbrains.kotlin.ir.declarations.impl.IrClassImpl                           : loaded 2 times (x 189B)
Class org.jetbrains.kotlin.ir.IrStatement                                             : loaded 2 times (x 70B)
Class org.jetbrains.kotlin.load.kotlin.AbstractBinaryClassAnnotationLoaderKt          : loaded 2 times (x 71B)
Class org.jetbrains.kotlin.metadata.jvm.deserialization.JvmMemberSignature$Method     : loaded 2 times (x 75B)
Class [Lorg.jetbrains.kotlin.metadata.ProtoBuf$VersionRequirement$Level;              : loaded 2 times (x 69B)
Class org.jetbrains.kotlin.load.kotlin.KotlinClassFinder$Result                       : loaded 2 times (x 71B)
Class org.jetbrains.kotlin.load.java.JavaClassFinder$Request                          : loaded 2 times (x 72B)
Class org.jetbrains.kotlin.com.google.common.collect.ImmutableList$SubList            : loaded 2 times (x 209B)
Class org.jetbrains.kotlin.com.google.common.collect.ImmutableBiMap$Builder           : loaded 2 times (x 82B)
Class org.jetbrains.kotlin.com.intellij.lang.WhitespacesBinders                       : loaded 2 times (x 71B)
Class [Lorg.jetbrains.kotlin.com.intellij.psi.StubBasedPsiElement;                    : loaded 2 times (x 69B)
Class org.jetbrains.kotlin.psi.stubs.KotlinClassifierStub                             : loaded 2 times (x 70B)
Class org.jetbrains.kotlin.psi.stubs.elements.KtStubElementType                       : loaded 2 times (x 100B)
Class org.jetbrains.kotlin.resolve.checkers.SubtypingBetweenContextReceiversChecker   : loaded 2 times (x 74B)
Class org.jetbrains.kotlin.resolve.checkers.MissingDependencySupertypeChecker$ForDeclarations: loaded 2 times (x 74B)
Class org.jetbrains.kotlin.protobuf.WireFormat$JavaType                               : loaded 2 times (x 79B)
Class org.jetbrains.kotlin.platform.jvm.JvmPlatforms                                  : loaded 2 times (x 71B)
Class kotlin.jvm.internal.Ref$IntRef                                                  : loaded 2 times (x 71B)
Class org.jetbrains.kotlin.load.java.structure.JavaClass                              : loaded 2 times (x 70B)
Class org.jetbrains.kotlin.types.TypeAttributeTranslator                              : loaded 2 times (x 70B)
Class org.jetbrains.kotlin.com.intellij.psi.codeStyle.CodeStyleSettingsFacade         : loaded 2 times (x 70B)
Class org.jetbrains.kotlin.com.intellij.lang.jvm.types.JvmType                        : loaded 2 times (x 70B)
Class org.jetbrains.kotlin.parsing.KotlinParserDefinition$Companion                   : loaded 2 times (x 71B)
Class org.jetbrains.kotlin.com.intellij.lang.folding.FoldingBuilder                   : loaded 2 times (x 70B)
Class org.jetbrains.kotlin.com.intellij.codeInsight.ContainerProvider                 : loaded 2 times (x 70B)
Class org.jetbrains.kotlin.com.intellij.psi.stubs.StubSerializer                      : loaded 2 times (x 70B)
Class org.jetbrains.kotlin.com.intellij.openapi.util.Condition                        : loaded 2 times (x 70B)
Class org.jetbrains.kotlin.backend.jvm.lower.JvmStaticInCompanionLowering             : loaded 2 times (x 80B)
Class org.jetbrains.kotlin.backend.jvm.JvmLoweringPhasesKt$jvmFilePhases$28           : loaded 2 times (x 125B)
Class org.jetbrains.kotlin.com.intellij.util.containers.HashingStrategy               : loaded 2 times (x 70B)
Class org.jetbrains.kotlin.load.java.JavaNullabilityAnnotationsStatus                 : loaded 2 times (x 72B)
Class org.jetbrains.kotlin.config.MavenComparableVersion                              : loaded 2 times (x 78B)
Class kotlin.collections.builders.MapBuilder$EntriesItr                               : loaded 2 times (x 81B)
Class com.google.common.collect.ImmutableSortedSetFauxverideShim                      : loaded 2 times (x 147B)
Class com.google.common.base.CharMatcher$JavaLetterOrDigit                            : loaded 2 times (x 111B)
Class org.gradle.internal.InternalTransformer                                         : loaded 2 times (x 70B)
Class org.jetbrains.kotlin.lexer.KtTokens                                             : loaded 2 times (x 70B)
Class org.jetbrains.kotlin.codegen.inline.Parameters                                  : loaded 2 times (x 79B)
Class org.jetbrains.kotlin.codegen.optimization.nullCheck.NotNullBasicValue           : loaded 2 times (x 78B)
Class org.jetbrains.kotlin.codegen.FunctionCallStackValue                             : loaded 2 times (x 87B)
Class org.jetbrains.kotlin.backend.jvm.codegen.FunctionCodegen$WhenMappings           : loaded 2 times (x 71B)
Class org.jetbrains.kotlin.codegen.optimization.LabelNormalizationMethodTransformerKt : loaded 2 times (x 71B)
Class org.jetbrains.kotlin.codegen.inline.InlineArgumentsInPlaceKt                    : loaded 2 times (x 71B)
Class org.jetbrains.kotlin.types.KotlinTypeFactory$EMPTY_REFINED_TYPE_FACTORY$1       : loaded 2 times (x 74B)
Class org.jetbrains.kotlin.backend.common.lower.LowerUtilsKt$delegationKind$1         : loaded 2 times (x 331B)
Class org.jetbrains.kotlin.codegen.optimization.common.InsnSequence                   : loaded 2 times (x 75B)
Class org.jetbrains.org.objectweb.asm.tree.IntInsnNode                                : loaded 2 times (x 78B)
Class org.jetbrains.kotlin.backend.jvm.ir.JvmIrCoroutineUtilsKt                       : loaded 2 times (x 71B)
Class org.jetbrains.kotlin.backend.common.lower.loops.handlers.WithIndexHandler       : loaded 2 times (x 80B)
Class org.jetbrains.kotlin.backend.common.lower.loops.handlers.DefaultProgressionHandler: loaded 2 times (x 80B)
Class org.jetbrains.kotlin.backend.jvm.intrinsics.EnumEntries                         : loaded 2 times (x 73B)
Class org.jetbrains.kotlin.backend.jvm.intrinsics.ExplicitEquals                      : loaded 2 times (x 73B)
Class org.jetbrains.kotlin.backend.jvm.lower.FunctionReferenceLowering$Companion      : loaded 2 times (x 71B)
Class [Lorg.jetbrains.kotlin.builtins.UnsignedArrayType;                              : loaded 2 times (x 69B)
Class org.jetbrains.kotlin.ir.interpreter.preprocessor.IrInterpreterKCallableNamePreprocessor: loaded 2 times (x 415B)
Class [Lorg.jetbrains.kotlin.codegen.extensions.ClassFileFactoryFinalizerExtension;   : loaded 2 times (x 69B)
Class org.jetbrains.kotlin.codegen.StackValue$StackValueWithSimpleReceiver            : loaded 2 times (x 89B)
Class org.jetbrains.kotlin.util.slicedMap.WritableSlice                               : loaded 2 times (x 70B)
Class org.jetbrains.kotlin.ir.builders.declarations.IrValueParameterBuilder           : loaded 2 times (x 73B)
Class org.jetbrains.kotlin.ir.symbols.IrScriptSymbol                                  : loaded 2 times (x 70B)
Class org.jetbrains.kotlin.ir.symbols.impl.IrTypeParameterSymbolImpl                  : loaded 2 times (x 97B)
Class org.jetbrains.kotlin.ir.declarations.impl.IrFileImplKt                          : loaded 2 times (x 71B)
Class org.jetbrains.kotlin.resolve.OverridingUtil$1                                   : loaded 2 times (x 74B)
Class org.jetbrains.kotlin.renderer.DescriptorRendererModifier$Companion              : loaded 2 times (x 71B)
Class org.jetbrains.kotlin.descriptors.annotations.Annotations$Companion              : loaded 2 times (x 71B)
Class org.jetbrains.kotlin.diagnostics.PositioningStrategies$CUT_CHAR_QUOTES$1        : loaded 2 times (x 74B)
Class org.jetbrains.kotlin.diagnostics.PositioningStrategies$PROPERTY_DELEGATE$1      : loaded 2 times (x 74B)
Class kotlin.DeprecationLevel                                                         : loaded 2 times (x 79B)
Class org.jetbrains.kotlin.load.java.structure.JavaAnnotationAsAnnotationArgument     : loaded 2 times (x 70B)
Class kotlin.collections.builders.SetBuilder$Companion                                : loaded 2 times (x 71B)
Class org.jetbrains.kotlin.descriptors.annotations.KotlinTarget$Companion             : loaded 2 times (x 71B)
Class org.jetbrains.kotlin.load.java.structure.impl.classFiles.BinaryJavaAnnotation$Companion: loaded 2 times (x 71B)
Class org.jetbrains.kotlin.load.java.structure.impl.classFiles.BinaryJavaAnnotation   : loaded 2 times (x 82B)
Class org.jetbrains.kotlin.resolve.jvm.KotlinJavaPsiFacade$CliFinder                  : loaded 2 times (x 84B)
Class org.jetbrains.kotlin.load.java.SpecialGenericSignatures$TypeSafeBarrierDescription$MAP_GET_OR_DEFAULT: loaded 2 times (x 80B)
Class org.jetbrains.kotlin.descriptors.Visibilities$PrivateToThis                     : loaded 2 times (x 79B)
Class org.jetbrains.kotlin.serialization.deserialization.ProtoBasedClassDataFinder    : loaded 2 times (x 75B)
Class org.jetbrains.kotlin.metadata.ProtoBuf$Annotation$Argument$Value$Builder        : loaded 2 times (x 154B)
Class kotlin.jvm.JvmStatic                                                            : loaded 2 times (x 70B)
Class org.jetbrains.kotlin.types.DynamicTypesSettings                                 : loaded 2 times (x 72B)
Class org.jetbrains.kotlin.resolve.calls.checkers.CompanionIncorrectlyUnboundedWhenUsedAsLHSCallChecker: loaded 2 times (x 74B)
Class org.jetbrains.kotlin.resolve.checkers.PrimitiveNumericComparisonCallChecker     : loaded 2 times (x 74B)
Class org.jetbrains.kotlin.com.intellij.psi.TokenType$1                               : loaded 2 times (x 75B)
Class org.jetbrains.kotlin.resolve.calls.checkers.UnsupportedUntilRangeDeclarationChecker: loaded 2 times (x 74B)
Class org.jetbrains.kotlin.protobuf.SmallSortedMap$1                                  : loaded 2 times (x 130B)
Class org.jetbrains.kotlin.load.kotlin.KotlinClassFinder                              : loaded 2 times (x 70B)
Class kotlin.collections.ArraysKt___ArraysKt$asSequence$$inlined$Sequence$1           : loaded 2 times (x 75B)
Class org.jetbrains.kotlin.com.intellij.util.containers.hash.EqualityPolicy           : loaded 2 times (x 70B)
Class org.jetbrains.kotlin.com.intellij.lang.jvm.facade.JvmFacadeImpl                 : loaded 2 times (x 72B)
Class org.jetbrains.kotlin.com.intellij.psi.impl.source.tree.RecursiveTreeElementWalkingVisitor: loaded 2 times (x 77B)
Class org.jetbrains.kotlin.com.intellij.psi.PsiTreeChangeEvent                        : loaded 2 times (x 85B)
Class org.jetbrains.kotlin.com.intellij.ide.plugins.MyXmlInterner                     : loaded 2 times (x 76B)
Class org.jetbrains.kotlin.com.intellij.openapi.application.ex.ApplicationInfoEx      : loaded 2 times (x 73B)
Class org.jetbrains.kotlin.com.intellij.openapi.diagnostic.RuntimeExceptionWithAttachments: loaded 2 times (x 87B)
Class org.jetbrains.kotlin.com.intellij.util.ObjectUtils                              : loaded 2 times (x 71B)
Class org.jetbrains.kotlin.com.intellij.util.containers.MultiMap$EmptyMap             : loaded 2 times (x 75B)
Class org.jetbrains.kotlin.backend.common.phaser.IrValidationAfterLoweringPhase       : loaded 2 times (x 77B)
Class org.jetbrains.kotlin.backend.common.ir.ExpectSymbolTransformer                  : loaded 2 times (x 590B)
Class org.jetbrains.kotlin.backend.jvm.JvmLoweringPhasesKt$jvmFilePhases$29           : loaded 2 times (x 125B)
Class org.jetbrains.kotlin.backend.common.lower.InventNamesForLocalClasses            : loaded 2 times (x 84B)
Class org.jetbrains.kotlin.com.intellij.util.containers.ConcurrentRefHashMap$HardKey  : loaded 2 times (x 78B)
Class org.jetbrains.kotlin.load.java.NullabilityAnnotationStatesImpl                  : loaded 2 times (x 75B)
Class org.jetbrains.kotlin.com.google.common.collect.Maps$8                           : loaded 2 times (x 82B)
Class org.jetbrains.kotlin.com.intellij.util.containers.IntObjectMap                  : loaded 2 times (x 70B)
Class kotlin.reflect.jvm.internal.ReflectionFactoryImpl                               : loaded 2 times (x 91B)
Class kotlin.collections.MapsKt__MapsJVMKt                                            : loaded 2 times (x 71B)
Class kotlin.collections.EmptyList                                                    : loaded 2 times (x 174B)
Class com.google.common.collect.AbstractMapBasedMultimap$KeySet$1                     : loaded 2 times (x 82B)
Class org.objectweb.asm.ClassWriter                                                   : loaded 2 times (x 106B)
Class com.google.common.cache.CacheLoader$UnsupportedLoadingOperationException        : loaded 2 times (x 82B)
Class com.google.common.base.CharMatcher$And                                          : loaded 2 times (x 112B)
Class org.gradle.internal.classloader.ClasspathUtil$1                                 : loaded 2 times (x 76B)
Class org.jetbrains.kotlin.psi.stubs.elements.KtImportDirectiveElementType            : loaded 2 times (x 103B)
Class org.jetbrains.kotlin.storage.StorageKt                                          : loaded 2 times (x 71B)
Class org.jetbrains.kotlin.codegen.inline.coroutines.CoroutineTransformerKt           : loaded 2 times (x 71B)
Class org.jetbrains.kotlin.codegen.inline.RegeneratedLambdaFieldRemapper              : loaded 2 times (x 79B)
Class org.jetbrains.kotlin.codegen.optimization.ApiVersionCallsPreprocessingMethodTransformer: loaded 2 times (x 73B)
Class org.jetbrains.kotlin.resolve.scopes.LexicalScopeKind                            : loaded 2 times (x 79B)
Class org.jetbrains.kotlin.metadata.ProtoBuf$Class$Builder                            : loaded 2 times (x 205B)
Class org.jetbrains.kotlin.types.AbstractStubType                                     : loaded 2 times (x 96B)
Class org.jetbrains.kotlin.backend.jvm.JvmSharedVariablesManager                      : loaded 2 times (x 78B)
Class org.jetbrains.kotlin.backend.common.ir.IrUtilsKt                                : loaded 2 times (x 71B)
Class org.jetbrains.kotlin.backend.jvm.mapping.IrTypeCheckerContextForTypeMapping     : loaded 2 times (x 666B)
Class org.jetbrains.kotlin.codegen.intrinsics.KClassJavaProperty                      : loaded 2 times (x 79B)
Class org.jetbrains.kotlin.ir.interpreter.state.Common                                : loaded 2 times (x 98B)
Class [Lorg.jetbrains.kotlin.mpp.RegularClassSymbolMarker;                            : loaded 2 times (x 69B)
Class org.jetbrains.kotlin.ir.expressions.IrReturn                                    : loaded 2 times (x 107B)
Class org.jetbrains.kotlin.ir.expressions.impl.IrFunctionExpressionImpl               : loaded 2 times (x 108B)
Class org.jetbrains.kotlin.ir.declarations.lazy.AbstractIrLazyFunction                : loaded 2 times (x 239B)
Class org.jetbrains.kotlin.renderer.DescriptorRendererImpl                            : loaded 2 times (x 188B)
Class org.jetbrains.kotlin.diagnostics.PositioningStrategies$WHOLE_ELEMENT$1          : loaded 2 times (x 74B)
Class org.jetbrains.kotlin.types.TypeCheckerState$SupertypesPolicy                    : loaded 2 times (x 72B)
Class org.jetbrains.kotlin.metadata.ProtoBuf$Effect$EffectType$1                      : loaded 2 times (x 74B)
Class org.jetbrains.kotlin.metadata.ProtoBuf$EffectOrBuilder                          : loaded 2 times (x 70B)
Class org.jetbrains.kotlin.load.java.structure.JavaField                              : loaded 2 times (x 70B)
Class org.jetbrains.kotlin.com.intellij.psi.util.PsiUtilCore                          : loaded 2 times (x 71B)
Class org.jetbrains.kotlin.com.intellij.lexer.TokenList                               : loaded 2 times (x 70B)
Class org.jetbrains.kotlin.com.intellij.lang.impl.PsiBuilderImpl$StartMarker          : loaded 2 times (x 125B)
Class org.jetbrains.kotlin.descriptors.Modality                                       : loaded 2 times (x 79B)
Class org.jetbrains.kotlin.resolve.jvm.TopPackageNamesProvider                        : loaded 2 times (x 70B)
Class org.jetbrains.kotlin.resolve.calls.results.TypeSpecificityComparator            : loaded 2 times (x 70B)
Class org.jetbrains.kotlin.psi.KtPrefixExpression                                     : loaded 2 times (x 502B)
Class [Lorg.jetbrains.kotlin.psi.KtBlockStringTemplateEntry;                          : loaded 2 times (x 69B)
Class org.jetbrains.kotlin.psi.KtDeclarationWithInitializer                           : loaded 2 times (x 70B)
Class org.jetbrains.kotlin.psi.KtElementImplStub                                      : loaded 2 times (x 443B)
Class org.jetbrains.kotlin.types.model.KotlinTypeMarker                               : loaded 2 times (x 70B)
Class org.jetbrains.kotlin.metadata.jvm.deserialization.PackageParts                  : loaded 2 times (x 72B)
Class org.jetbrains.kotlin.protobuf.BoundedByteString                                 : loaded 2 times (x 112B)
Class org.jetbrains.kotlin.load.kotlin.JvmPackagePartProviderBase$Companion           : loaded 2 times (x 71B)
Class [Lorg.jetbrains.kotlin.extensions.PreprocessedVirtualFileFactoryExtension;      : loaded 2 times (x 69B)
Class org.jetbrains.kotlin.cli.jvm.index.JavaRoot$RootType                            : loaded 2 times (x 79B)
Class org.jetbrains.kotlin.com.intellij.psi.impl.source.PsiFileImpl                   : loaded 2 times (x 723B)
Class org.jetbrains.kotlin.com.intellij.psi.impl.source.HolderFactory                 : loaded 2 times (x 70B)
Class org.jetbrains.kotlin.com.intellij.util.xml.dom.StaxFactory                      : loaded 2 times (x 71B)
Class kotlinx.coroutines.JobSupport                                                   : loaded 2 times (x 133B)
Class org.jetbrains.kotlin.com.intellij.ide.plugins.PluginXmlPathResolver             : loaded 2 times (x 79B)
Class org.jetbrains.kotlin.com.intellij.psi.presentation.java.FieldPresentationProvider: loaded 2 times (x 76B)
Class org.jetbrains.kotlin.com.intellij.util.Java11Shim$Companion$INSTANCE$1          : loaded 2 times (x 75B)
Class org.jetbrains.kotlin.com.intellij.psi.PsiCheckedRenameElement                   : loaded 2 times (x 70B)
Class org.jetbrains.kotlin.com.intellij.psi.PsiNamedElement                           : loaded 2 times (x 70B)
Class org.jetbrains.kotlin.com.intellij.util.KeyedLazyInstance                        : loaded 2 times (x 70B)
Class org.jetbrains.kotlin.com.intellij.util.ArrayFactory                             : loaded 2 times (x 70B)
Class org.jetbrains.kotlin.com.intellij.util.SmartList                                : loaded 2 times (x 199B)
Class org.jetbrains.kotlin.com.intellij.openapi.util.ClassExtension                   : loaded 2 times (x 86B)
Class org.jetbrains.kotlin.com.intellij.openapi.vfs.VirtualFileSystem                 : loaded 2 times (x 88B)
Class org.jetbrains.kotlin.backend.jvm.lower.JvmInitializersCleanupLowering           : loaded 2 times (x 88B)
Class org.jetbrains.kotlin.backend.jvm.lower.JvmPropertiesLowering                    : loaded 2 times (x 518B)
Class org.jetbrains.kotlin.backend.common.lower.ProvisionalFunctionExpressionLowering : loaded 2 times (x 428B)
Class kotlin.reflect.jvm.internal.impl.builtins.StandardNames$FqNames                 : loaded 2 times (x 71B)
Class org.jetbrains.kotlin.storage.NullableLazyValue                                  : loaded 2 times (x 70B)
Class org.jetbrains.kotlin.config.AnalysisFlags                                       : loaded 2 times (x 71B)
Class org.jetbrains.kotlin.com.google.common.collect.AbstractMapBasedMultimap         : loaded 2 times (x 139B)
Class org.jetbrains.kotlin.it.unimi.dsi.fastutil.ints.Int2ObjectFunction              : loaded 2 times (x 70B)
Class kotlin.collections.builders.ListBuilderKt                                       : loaded 2 times (x 71B)
Class com.google.common.base.Objects                                                  : loaded 2 times (x 71B)
Class org.objectweb.asm.FieldVisitor                                                  : loaded 2 times (x 77B)
Class com.google.common.collect.IndexedImmutableSet                                   : loaded 2 times (x 150B)
Class com.google.common.collect.ImmutableMap$1                                        : loaded 2 times (x 81B)
Class com.google.common.collect.BiMap                                                 : loaded 2 times (x 70B)
Class org.gradle.api.internal.classpath.DefaultModuleRegistry$DefaultModule           : loaded 2 times (x 86B)
Class org.jetbrains.kotlin.kotlinx.collections.immutable.implementations.immutableMap.PersistentHashMapValuesIterator: loaded 2 times (x 82B)
Class org.jetbrains.kotlin.incremental.UtilsKt                                        : loaded 2 times (x 71B)
Class org.jetbrains.kotlin.codegen.optimization.fixStack.FixStackInterpreter          : loaded 2 times (x 100B)
Class org.jetbrains.org.objectweb.asm.tree.TryCatchBlockNode                          : loaded 2 times (x 74B)
Class org.jetbrains.org.objectweb.asm.util.CheckSignatureAdapter                      : loaded 2 times (x 88B)
Class org.jetbrains.kotlin.codegen.inline.ReifiedTypeParametersUsages                 : loaded 2 times (x 72B)
Class org.jetbrains.kotlin.backend.common.lower.ConstructorDelegationKind             : loaded 2 times (x 79B)
Class org.jetbrains.kotlin.backend.jvm.mapping.MethodSignatureMapper$IrBasedSimpleFunctionDescriptorWithOriginalOverrides: loaded 2 times (x 351B)
Class org.jetbrains.kotlin.backend.jvm.lower.StaticInitializersLowering$Companion     : loaded 2 times (x 71B)
Class org.jetbrains.kotlin.backend.common.lower.VisibilityPolicy                      : loaded 2 times (x 70B)
Class org.jetbrains.kotlin.backend.jvm.lower.SuspendLambdaLowering$lower$1            : loaded 2 times (x 510B)
Class [Lorg.jetbrains.kotlin.backend.jvm.intrinsics.IrIntrinsicMethods$Key;           : loaded 2 times (x 69B)
Class org.jetbrains.kotlin.backend.jvm.intrinsics.IteratorNext                        : loaded 2 times (x 73B)
Class org.jetbrains.kotlin.backend.common.lower.InventNamesForLocalClasses$NameInventor: loaded 2 times (x 159B)
Class org.jetbrains.kotlin.com.google.common.collect.Iterators$4                      : loaded 2 times (x 82B)
Class org.jetbrains.kotlin.codegen.intrinsics.IntrinsicsMap$Key                       : loaded 2 times (x 72B)
Class org.jetbrains.kotlin.resolve.deprecation.DeprecationResolver                    : loaded 2 times (x 72B)
Class org.jetbrains.kotlin.ir.interpreter.checker.IrInterpreterChecker                : loaded 2 times (x 70B)
Class org.jetbrains.kotlin.ir.expressions.impl.IrBlockImpl                            : loaded 2 times (x 110B)
Class org.jetbrains.kotlin.diagnostics.PositioningStrategies$DEFAULT$1                : loaded 2 times (x 74B)
Class org.jetbrains.kotlin.types.model.CapturedTypeConstructorMarker                  : loaded 2 times (x 70B)
Class org.jetbrains.kotlin.resolve.calls.inference.model.NewConstraintSystemImpl$TransactionState: loaded 2 times (x 74B)
Class [Lorg.jetbrains.kotlin.resolve.calls.tasks.ExplicitReceiverKind;                : loaded 2 times (x 69B)
Class org.jetbrains.kotlin.metadata.jvm.deserialization.JvmNameResolverKt             : loaded 2 times (x 71B)
Class org.jetbrains.kotlin.load.java.structure.impl.classFiles.ClassifierResolutionContext: loaded 2 times (x 72B)
Class org.jetbrains.kotlin.parsing.KotlinParsing$DeclarationParsingMode               : loaded 2 times (x 79B)
Class org.jetbrains.kotlin.com.google.common.collect.IndexedImmutableSet              : loaded 2 times (x 152B)
Class org.jetbrains.kotlin.descriptors.Visibilities$InvisibleFake                     : loaded 2 times (x 79B)
Class org.jetbrains.kotlin.metadata.deserialization.NameResolverImpl$WhenMappings     : loaded 2 times (x 71B)
Class org.jetbrains.kotlin.psi.KtOperationExpression                                  : loaded 2 times (x 70B)
Class org.jetbrains.kotlin.psi.KtDestructuringDeclarationEntry                        : loaded 2 times (x 1237B)
Class [Lorg.jetbrains.kotlin.psi.KtSuperTypeEntry;                                    : loaded 2 times (x 69B)
Class [Lorg.jetbrains.kotlin.psi.KtSimpleNameExpression;                              : loaded 2 times (x 69B)
Class org.jetbrains.kotlin.psi.KtTypeConstraint                                       : loaded 2 times (x 571B)
Class org.jetbrains.kotlin.psi.stubs.elements.KtScriptElementType                     : loaded 2 times (x 100B)
Class org.jetbrains.kotlin.protobuf.UninitializedMessageException                     : loaded 2 times (x 84B)
Class org.jetbrains.kotlin.metadata.ProtoBuf$TypeParameter$Variance                   : loaded 2 times (x 82B)
Class org.jetbrains.kotlin.metadata.ProtoBuf$Annotation$Argument$Value$1              : loaded 2 times (x 144B)
Class org.jetbrains.kotlin.platform.jvm.JvmPlatform                                   : loaded 2 times (x 75B)
Class org.jetbrains.kotlin.diagnostics.impl.BaseDiagnosticsCollector                  : loaded 2 times (x 77B)
Class org.jetbrains.kotlin.load.kotlin.ModuleVisibilityManager                        : loaded 2 times (x 70B)
Class org.jetbrains.kotlin.resolve.extensions.ExtraImportsProviderExtension$Companion : loaded 2 times (x 72B)
Class org.jetbrains.kotlin.asJava.classes.ImplUtilsKt                                 : loaded 2 times (x 71B)
Class org.jetbrains.kotlin.com.intellij.psi.codeStyle.JavaFileCodeStyleFacade         : loaded 2 times (x 70B)
Class org.jetbrains.kotlin.com.intellij.lang.jvm.types.JvmPrimitiveTypeKind           : loaded 2 times (x 72B)
Class org.jetbrains.kotlin.com.intellij.psi.search.GlobalSearchScope$NotScope         : loaded 2 times (x 98B)
Class org.jetbrains.kotlin.com.intellij.psi.PsiRecursiveVisitor                       : loaded 2 times (x 70B)
Class org.jetbrains.kotlin.com.intellij.psi.util.PsiModificationTracker               : loaded 2 times (x 70B)
Class org.jetbrains.kotlin.com.fasterxml.aalto.in.Utf8Scanner                         : loaded 2 times (x 134B)
Class kotlin.ResultKt                                                                 : loaded 2 times (x 71B)
Class org.jetbrains.kotlin.com.intellij.util.messages.impl.CompositeMessageBus        : loaded 2 times (x 101B)
Class org.jetbrains.kotlin.com.intellij.openapi.fileTypes.FileTypeExtension           : loaded 2 times (x 90B)
Class org.jetbrains.kotlin.backend.jvm.JvmLoweringPhasesKt$jvmLoweringPhases$20       : loaded 2 times (x 125B)
Class org.jetbrains.kotlin.backend.jvm.lower.CreateSeparateCallForInlinedLambdasLowering: loaded 2 times (x 509B)
Class org.jetbrains.kotlin.backend.common.phaser.PhaseFactoriesKt                     : loaded 2 times (x 71B)
Class org.jetbrains.kotlin.storage.SimpleLock                                         : loaded 2 times (x 70B)
Class org.jetbrains.kotlin.com.google.common.collect.ImmutableMap$IteratorBasedImmutableMap: loaded 2 times (x 126B)
Class org.jetbrains.kotlin.name.ClassId                                               : loaded 2 times (x 72B)
Class com.google.common.primitives.Ints                                               : loaded 2 times (x 71B)
Class com.google.common.collect.AbstractIterator                                      : loaded 2 times (x 82B)
Class org.jetbrains.kotlin.serialization.deserialization.ProtoEnumFlagsUtilsKt        : loaded 2 times (x 71B)
Class org.jetbrains.kotlin.types.IndexedParametersSubstitution                        : loaded 2 times (x 78B)
Class org.jetbrains.kotlin.codegen.optimization.boxing.ProgressionIteratorBasicValue  : loaded 2 times (x 79B)
Class org.jetbrains.kotlin.codegen.optimization.fixStack.FixStackContext              : loaded 2 times (x 72B)
Class org.jetbrains.kotlin.codegen.inline.SourceMapCopier                             : loaded 2 times (x 72B)
Class org.jetbrains.kotlin.resolve.jvm.diagnostics.RawSignature                       : loaded 2 times (x 72B)
Class org.jetbrains.org.objectweb.asm.tree.JumpInsnNode                               : loaded 2 times (x 78B)
Class org.jetbrains.kotlin.backend.jvm.lower.PolymorphicSignatureLowering$Data$Companion: loaded 2 times (x 71B)
Class kotlin.reflect.jvm.internal.KProperty2Impl                                      : loaded 2 times (x 128B)
Class org.jetbrains.kotlin.backend.jvm.lower.FragmentSharedVariablesLowering$Companion: loaded 2 times (x 71B)
Class org.jetbrains.kotlin.codegen.context.MultifileClassContextBase                  : loaded 2 times (x 113B)
Class org.jetbrains.kotlin.com.google.common.collect.Iterators$5                      : loaded 2 times (x 82B)
Class org.jetbrains.kotlin.codegen.intrinsics.IntrinsicMethod                         : loaded 2 times (x 78B)
Class org.jetbrains.kotlin.codegen.state.KotlinTypeMapper$typeMappingConfiguration$1  : loaded 2 times (x 80B)
Class org.jetbrains.kotlin.com.intellij.openapi.util.CompositeModificationTracker     : loaded 2 times (x 77B)
Class org.jetbrains.kotlin.platform.WasmPlatformKt                                    : loaded 2 times (x 71B)
Class org.jetbrains.kotlin.ir.builders.IrBuilderWithScope                             : loaded 2 times (x 80B)
Class org.jetbrains.kotlin.backend.common.IrValidationError                           : loaded 2 times (x 82B)
Class org.jetbrains.kotlin.ir.expressions.IrWhen                                      : loaded 2 times (x 106B)
Class org.jetbrains.kotlin.ir.declarations.impl.BuildersKt                            : loaded 2 times (x 71B)
Class org.jetbrains.kotlin.ir.declarations.IrFactoryHelpersKt                         : loaded 2 times (x 71B)
Class org.jetbrains.kotlin.ir.declarations.IrDeclarationOrigin$Companion              : loaded 2 times (x 71B)
Class org.jetbrains.kotlin.ir.builders.IrElementBuilder                               : loaded 2 times (x 71B)
Class org.jetbrains.kotlin.diagnostics.PositioningStrategies$SAFE_ACCESS$1            : loaded 2 times (x 74B)
Class org.jetbrains.kotlin.load.java.typeEnhancement.SignatureEnhancementBuilder      : loaded 2 times (x 72B)
Class [Lorg.jetbrains.kotlin.metadata.ProtoBuf$Effect$InvocationKind;                 : loaded 2 times (x 69B)
Class org.jetbrains.kotlin.metadata.ProtoBuf$VersionRequirement$VersionKind           : loaded 2 times (x 82B)
Class org.jetbrains.kotlin.metadata.jvm.JvmProtoBuf$StringTableTypes$Record$Operation$1: loaded 2 times (x 74B)
Class kotlin.collections.IndexingIterable                                             : loaded 2 times (x 79B)
Class org.jetbrains.org.objectweb.asm.FieldVisitor                                    : loaded 2 times (x 76B)
Class org.jetbrains.kotlin.load.java.structure.JavaValueParameter                     : loaded 2 times (x 70B)
Class org.jetbrains.kotlin.load.java.structure.impl.classFiles.BinaryJavaMethodBase$Companion: loaded 2 times (x 71B)
Class org.jetbrains.kotlin.com.google.common.math.IntMath$1                           : loaded 2 times (x 71B)
Class [Lorg.jetbrains.kotlin.parsing.KotlinParsing$NameParsingMode;                   : loaded 2 times (x 69B)
Class org.jetbrains.kotlin.it.unimi.dsi.fastutil.ints.AbstractIntList$IntSubList      : loaded 2 times (x 353B)
Class org.jetbrains.kotlin.serialization.deserialization.ClassDataFinder              : loaded 2 times (x 70B)
Class org.jetbrains.kotlin.builtins.functions.FunctionTypeKind$SuspendFunction        : loaded 2 times (x 76B)
Class org.jetbrains.kotlin.builtins.functions.FunctionTypeKind                        : loaded 2 times (x 76B)
Class org.jetbrains.kotlin.descriptors.Named                                          : loaded 2 times (x 70B)
Class org.jetbrains.kotlin.psi.KtContextReceiverList                                  : loaded 2 times (x 443B)
Class [Lorg.jetbrains.kotlin.psi.KtPureClassOrObject;                                 : loaded 2 times (x 69B)
Class [Lorg.jetbrains.kotlin.psi.KtDeclaration;                                       : loaded 2 times (x 69B)
Class org.jetbrains.kotlin.com.intellij.psi.tree.IErrorCounterReparseableElementType  : loaded 2 times (x 95B)
Class org.jetbrains.kotlin.psi.stubs.elements.KtContextReceiverElementType            : loaded 2 times (x 100B)
Class org.jetbrains.kotlin.resolve.DefaultImportProvider$DefaultImportsKey            : loaded 2 times (x 71B)
Class org.jetbrains.kotlin.protobuf.GeneratedMessageLite$ExtensionDescriptor          : loaded 2 times (x 84B)
Class org.jetbrains.kotlin.protobuf.InvalidProtocolBufferException                    : loaded 2 times (x 84B)
Class org.jetbrains.kotlin.metadata.deserialization.NameResolver                      : loaded 2 times (x 70B)
Class org.jetbrains.kotlin.platform.TargetPlatform                                    : loaded 2 times (x 119B)
Class org.jetbrains.kotlin.load.java.structure.impl.source.JavaElementSourceFactory   : loaded 2 times (x 79B)
Class org.jetbrains.kotlin.metadata.ProtoBuf$Visibility$1                             : loaded 2 times (x 74B)
Class org.jetbrains.kotlin.extensions.internal.CandidateInterceptor$Companion         : loaded 2 times (x 72B)
Class org.jetbrains.kotlin.resolve.jvm.extensions.PackageFragmentProviderExtension$Companion: loaded 2 times (x 72B)
Class org.jetbrains.kotlin.resolve.jvm.extensions.PackageFragmentProviderExtension    : loaded 2 times (x 70B)
Class org.jetbrains.kotlin.com.intellij.core.CoreJavaCodeStyleSettingsFacade          : loaded 2 times (x 73B)
Class [Lorg.jetbrains.kotlin.com.intellij.psi.search.ProjectAwareFileFilter;          : loaded 2 times (x 69B)
Class org.jetbrains.kotlin.com.intellij.psi.search.DelegatingGlobalSearchScope        : loaded 2 times (x 98B)
Class org.jetbrains.kotlin.com.intellij.openapi.util.BuildNumber                      : loaded 2 times (x 75B)
Class [Lorg.jetbrains.kotlin.com.fasterxml.aalto.in.ByteBasedPName;                   : loaded 2 times (x 69B)
Class kotlin.Result$Failure                                                           : loaded 2 times (x 72B)
Class kotlinx.coroutines.ExecutorCoroutineDispatcher                                  : loaded 2 times (x 107B)
Class org.jetbrains.kotlin.com.intellij.ide.highlighter.JavaFileType                  : loaded 2 times (x 90B)
Class org.jetbrains.kotlin.cli.jvm.compiler.CompatKt                                  : loaded 2 times (x 71B)
Class org.jetbrains.kotlin.backend.jvm.JvmLoweringPhasesKt$jvmLoweringPhases$21       : loaded 2 times (x 125B)
Class org.jetbrains.kotlin.backend.common.lower.InnerClassesMemberBodyLowering        : loaded 2 times (x 86B)
Class org.jetbrains.kotlin.ir.declarations.IrMutableAnnotationContainer               : loaded 2 times (x 70B)
Class kotlin.collections.ArraysKt__ArraysKt                                           : loaded 2 times (x 71B)
Class com.google.common.math.MathPreconditions                                        : loaded 2 times (x 71B)
Class com.google.common.collect.Multiset                                              : loaded 2 times (x 70B)
Class com.google.common.collect.ArrayListMultimapGwtSerializationDependencies         : loaded 2 times (x 172B)
Class com.google.common.collect.ObjectArrays                                          : loaded 2 times (x 71B)
Class com.google.common.collect.AbstractIndexedListIterator                           : loaded 2 times (x 96B)
Class org.jetbrains.kotlin.com.google.common.collect.AbstractMapBasedMultimap$KeySet  : loaded 2 times (x 137B)
Class org.jetbrains.kotlin.codegen.ClassFileUtilsKt$addCompiledPartsAndSort$$inlined$sortedBy$1: loaded 2 times (x 89B)
Class org.jetbrains.org.objectweb.asm.commons.LocalVariablesSorter                    : loaded 2 times (x 108B)
Class org.jetbrains.kotlin.codegen.inline.TypeRemapper$Companion                      : loaded 2 times (x 71B)
Class org.jetbrains.org.objectweb.asm.Edge                                            : loaded 2 times (x 72B)
Class org.jetbrains.kotlin.codegen.inline.NameGenerator                               : loaded 2 times (x 75B)
Class org.jetbrains.kotlin.resolve.jvm.AsmTypes$1                                     : loaded 2 times (x 71B)
Class kotlin.jvm.internal.MutablePropertyReference0Impl                               : loaded 2 times (x 137B)
Class org.jetbrains.kotlin.ir.interpreter.preprocessor.IrInterpreterKCallableNamePreprocessor$Companion: loaded 2 times (x 71B)
Class [Lorg.jetbrains.kotlin.codegen.extensions.ClassBuilderInterceptorExtension;     : loaded 2 times (x 69B)
Class org.jetbrains.kotlin.codegen.context.MethodContext                              : loaded 2 times (x 119B)
Class org.jetbrains.kotlin.codegen.AbstractAccessorForFunctionDescriptor              : loaded 2 times (x 351B)
Class org.jetbrains.kotlin.codegen.context.CodegenContext                             : loaded 2 times (x 110B)
Class org.jetbrains.kotlin.codegen.ClassBuilder                                       : loaded 2 times (x 70B)
Class org.jetbrains.kotlin.resolve.BindingTraceFilter                                 : loaded 2 times (x 71B)
Class org.jetbrains.kotlin.psi2ir.generators.GeneratorExtensions$SamConversion$Instance: loaded 2 times (x 73B)
Class org.jetbrains.kotlin.ir.IrBasedSuppressCache                                    : loaded 2 times (x 76B)
Class org.jetbrains.kotlin.ir.util.SymbolTableKt                                      : loaded 2 times (x 71B)
Class org.jetbrains.kotlin.ir.expressions.IrCallableReference                         : loaded 2 times (x 113B)
Class org.jetbrains.kotlin.types.TypeApproximatorConfiguration$FrontendToBackendTypesApproximation: loaded 2 times (x 87B)
Class org.jetbrains.kotlin.resolve.constants.ConstantValue                            : loaded 2 times (x 76B)
Class org.jetbrains.kotlin.renderer.DescriptorRendererImpl$RenderDeclarationDescriptorVisitor: loaded 2 times (x 89B)
Class org.jetbrains.kotlin.types.model.TypeSystemContextHelpersKt                     : loaded 2 times (x 71B)
Class org.jetbrains.kotlin.types.TypeApproximatorConfiguration$PublicDeclaration      : loaded 2 times (x 87B)
Class org.jetbrains.kotlin.serialization.deserialization.descriptors.DeserializedContainerSource: loaded 2 times (x 70B)
Class org.jetbrains.kotlin.com.google.common.collect.ImmutableSet$CachingAsList       : loaded 2 times (x 148B)
Class org.jetbrains.kotlin.types.Variance                                             : loaded 2 times (x 80B)
Class org.jetbrains.kotlin.resolve.calls.checkers.IncorrectCapturedApproximationCallChecker: loaded 2 times (x 74B)
Class org.jetbrains.kotlin.resolve.calls.checkers.ProtectedConstructorCallChecker     : loaded 2 times (x 74B)
Class [Lorg.jetbrains.kotlin.psi.KtAnnotation;                                        : loaded 2 times (x 69B)
Class org.jetbrains.kotlin.resolve.checkers.SealedInheritorInSamePackageChecker       : loaded 2 times (x 74B)
Class [Lorg.jetbrains.kotlin.name.ClassId;                                            : loaded 2 times (x 69B)
Class org.jetbrains.kotlin.protobuf.ByteString$ByteIterator                           : loaded 2 times (x 70B)
Class org.jetbrains.kotlin.resolve.jvm.JvmCompilerDeserializationConfiguration        : loaded 2 times (x 85B)
Class org.jetbrains.kotlin.com.intellij.extapi.psi.PsiFileBase                        : loaded 2 times (x 724B)
Class [Lorg.jetbrains.kotlin.com.intellij.psi.PsiJvmModifiersOwner;                   : loaded 2 times (x 69B)
Class org.jetbrains.kotlin.com.intellij.util.io.FileAccessorCache$1                   : loaded 2 times (x 83B)
Class org.jetbrains.kotlin.com.intellij.openapi.util.RecursionManager$CachingPreventedException: loaded 2 times (x 82B)
Class org.jetbrains.kotlin.com.intellij.psi.controlFlow.ControlFlowFactory            : loaded 2 times (x 75B)
Class org.jetbrains.kotlin.com.fasterxml.aalto.util.XmlCharTypes                      : loaded 2 times (x 72B)
Class kotlinx.coroutines.Job                                                          : loaded 2 times (x 70B)
Class org.jetbrains.kotlin.com.intellij.psi.compiled.ClassFileDecompilers             : loaded 2 times (x 72B)
Class org.jetbrains.kotlin.com.intellij.psi.PsiJavaDocumentedElement                  : loaded 2 times (x 70B)
Class org.jetbrains.kotlin.com.intellij.util.containers.ConcurrentLongObjectMap$LongEntry: loaded 2 times (x 70B)
Class org.jetbrains.kotlin.com.intellij.util.messages.impl.MessageBusImpl$MessageHandlerHolder: loaded 2 times (x 70B)
Class org.jetbrains.kotlin.com.intellij.util.containers.DisposableWrapperList$DisposableWrapper: loaded 2 times (x 77B)
Class org.jetbrains.kotlin.kotlinx.collections.immutable.ImmutableList                : loaded 2 times (x 70B)
Class org.jetbrains.kotlin.com.intellij.openapi.extensions.impl.ExtensionPointImpl$3  : loaded 2 times (x 77B)
Class org.jetbrains.kotlin.com.intellij.openapi.editor.ReadOnlyFragmentModificationException: loaded 2 times (x 82B)
Class org.jetbrains.kotlin.com.intellij.openapi.editor.ex.DocumentEx                  : loaded 2 times (x 70B)
Class org.jetbrains.kotlin.com.intellij.openapi.extensions.Extensions                 : loaded 2 times (x 71B)
Class org.jetbrains.kotlin.backend.common.phaser.DumperVerifierKt                     : loaded 2 times (x 71B)
Class kotlin.collections.SetsKt__SetsJVMKt                                            : loaded 2 times (x 71B)
Class kotlin.reflect.jvm.internal.impl.builtins.jvm.JavaToKotlinClassMap              : loaded 2 times (x 71B)
Class kotlin.reflect.jvm.internal.KotlinReflectionInternalError                       : loaded 2 times (x 82B)
Class kotlin.Function                                                                 : loaded 2 times (x 70B)
Class org.jetbrains.kotlin.com.intellij.openapi.Disposable                            : loaded 2 times (x 70B)
Class com.google.common.collect.ImmutableMapEntrySet                                  : loaded 2 times (x 151B)
Class org.gradle.api.internal.classpath.Module                                        : loaded 2 times (x 70B)
Class org.jetbrains.org.objectweb.asm.commons.SignatureRemapper                       : loaded 2 times (x 88B)
Class org.jetbrains.kotlin.utils.SmartSet$SingletonIterator                           : loaded 2 times (x 81B)
Class [Lorg.jetbrains.org.objectweb.asm.util.CheckSignatureAdapter$State;             : loaded 2 times (x 69B)
Class org.jetbrains.kotlin.backend.jvm.lower.UniqueLoopLabelsLowering$lower$1         : loaded 2 times (x 331B)
Class org.jetbrains.kotlin.backend.jvm.lower.MappedEnumWhenLowering$EnumMappingState  : loaded 2 times (x 72B)
Class org.jetbrains.kotlin.types.TypeSystemCommonBackendContextForTypeMapping         : loaded 2 times (x 70B)
Class org.jetbrains.kotlin.ir.util.DescriptorSymbolTableExtension                     : loaded 2 times (x 138B)
Class org.jetbrains.kotlin.ir.expressions.impl.IrGetFieldImpl                         : loaded 2 times (x 113B)
Class org.jetbrains.kotlin.ir.expressions.IrErrorExpression                           : loaded 2 times (x 105B)
Class org.jetbrains.kotlin.renderer.OverrideRenderingPolicy                           : loaded 2 times (x 79B)
Class org.jetbrains.kotlin.resolve.InlineClassesUtilsKt                               : loaded 2 times (x 71B)
Class org.jetbrains.kotlin.load.kotlin.MemberSignature                                : loaded 2 times (x 72B)
Class org.jetbrains.kotlin.metadata.deserialization.VersionRequirement$Companion      : loaded 2 times (x 71B)
Class org.jetbrains.kotlin.resolve.calls.context.ResolutionContext                    : loaded 2 times (x 85B)
Class org.jetbrains.kotlin.psi.KtPropertyDelegate                                     : loaded 2 times (x 378B)
Class org.jetbrains.kotlin.resolve.RequireKotlinConstants                             : loaded 2 times (x 71B)
Class org.jetbrains.kotlin.psi.KtTypeParameterListOwner                               : loaded 2 times (x 70B)
Class org.jetbrains.kotlin.storage.LockBasedStorageManager$MapBasedMemoizedFunctionToNotNull: loaded 2 times (x 85B)
Class org.jetbrains.kotlin.resolve.calls.inference.components.ConstraintInjector      : loaded 2 times (x 72B)
Class org.jetbrains.kotlin.metadata.deserialization.VersionSpecificBehaviorKt         : loaded 2 times (x 71B)
Class org.jetbrains.kotlin.metadata.deserialization.Flags$FlagField                   : loaded 2 times (x 73B)
Class [Lorg.jetbrains.kotlin.com.intellij.openapi.util.Iconable;                      : loaded 2 times (x 69B)
Class org.jetbrains.kotlin.com.intellij.psi.PsiQualifiedReferenceElement              : loaded 2 times (x 70B)
Class kotlinx.coroutines.internal.DispatchedContinuationKt                            : loaded 2 times (x 71B)
Class kotlin.internal.ProgressionUtilKt                                               : loaded 2 times (x 71B)
Class org.jetbrains.kotlin.com.intellij.psi.impl.ElementBase                          : loaded 2 times (x 104B)
Class org.jetbrains.kotlin.com.intellij.openapi.vfs.VirtualFileMoveEvent              : loaded 2 times (x 79B)
Class org.jetbrains.kotlin.com.intellij.util.ReflectionUtil                           : loaded 2 times (x 71B)
Class org.jetbrains.kotlin.com.intellij.util.messages.impl.MessageBusImpl$Companion   : loaded 2 times (x 71B)
Class org.jetbrains.kotlin.com.intellij.ide.plugins.DisabledPluginsState              : loaded 2 times (x 75B)
Class org.jetbrains.kotlin.com.intellij.navigation.ItemPresentationProviders          : loaded 2 times (x 86B)
Class kotlin.io.FileAlreadyExistsException                                            : loaded 2 times (x 82B)
Class org.jetbrains.kotlin.backend.common.lower.TailrecLowering                       : loaded 2 times (x 89B)
Class org.jetbrains.kotlin.com.intellij.util.containers.IdentityHashingStrategy       : loaded 2 times (x 75B)
Class org.jetbrains.kotlin.com.intellij.openapi.util.Disposer                         : loaded 2 times (x 71B)
Class kotlin.KotlinVersion                                                            : loaded 2 times (x 74B)
Class kotlin.reflect.jvm.internal.KClassifierImpl                                     : loaded 2 times (x 70B)
Class kotlin.reflect.KMutableProperty                                                 : loaded 2 times (x 70B)
Class com.google.common.cache.Weigher                                                 : loaded 2 times (x 70B)
Class org.gradle.api.internal.classpath.UnknownModuleException                        : loaded 2 times (x 82B)
Class org.jetbrains.kotlin.psi.stubs.KotlinImportAliasStub                            : loaded 2 times (x 70B)
Class org.jetbrains.kotlin.com.intellij.openapi.util.io.FileAttributes$CaseSensitivity: loaded 2 times (x 79B)
Class org.jetbrains.kotlin.com.intellij.openapi.vfs.impl.ArchiveHandler$1             : loaded 2 times (x 71B)
Class org.jetbrains.kotlin.com.intellij.util.messages.impl.MessageBusImplKt           : loaded 2 times (x 71B)
Class [Lorg.jetbrains.kotlin.codegen.ValueKind;                                       : loaded 2 times (x 69B)
Class org.jetbrains.kotlin.ir.descriptors.IrBasedFieldDescriptor                      : loaded 2 times (x 375B)
Class org.jetbrains.kotlin.codegen.optimization.temporaryVals.TemporaryValsAnalyzer   : loaded 2 times (x 71B)
Class org.jetbrains.kotlin.ir.builders.IrBuilderKt                                    : loaded 2 times (x 71B)
Class org.jetbrains.kotlin.load.kotlin.JvmTypeFactory                                 : loaded 2 times (x 70B)
Class org.jetbrains.kotlin.backend.common.lower.DefaultArgumentFunctionFactory        : loaded 2 times (x 74B)
Class org.jetbrains.kotlin.codegen.intrinsics.ArraySet                                : loaded 2 times (x 78B)
Class org.jetbrains.kotlin.ir.expressions.IrBlock                                     : loaded 2 times (x 109B)
Class org.jetbrains.kotlin.ir.expressions.IrDeclarationReference                      : loaded 2 times (x 104B)
Class org.jetbrains.kotlin.serialization.deserialization.descriptors.DeserializedMemberScope$Implementation: loaded 2 times (x 70B)
Class org.jetbrains.kotlin.types.checker.NewKotlinTypeCheckerImpl                     : loaded 2 times (x 81B)
Class org.jetbrains.kotlin.renderer.AnnotationArgumentsRenderingPolicy                : loaded 2 times (x 79B)
Class org.jetbrains.kotlin.descriptors.ParameterDescriptor                            : loaded 2 times (x 70B)
Class org.jetbrains.kotlin.descriptors.deserialization.ClassDescriptorFactory         : loaded 2 times (x 70B)
Class org.jetbrains.kotlin.serialization.deserialization.builtins.BuiltInsResourceLoader: loaded 2 times (x 71B)
Class org.jetbrains.kotlin.ir.symbols.IrReturnTargetSymbol                            : loaded 2 times (x 70B)
Class org.jetbrains.kotlin.ir.symbols.impl.IrSymbolBase                               : loaded 2 times (x 83B)
Class org.jetbrains.kotlin.diagnostics.PositioningStrategies$FOR_UNRESOLVED_REFERENCE$1: loaded 2 times (x 74B)
Class org.jetbrains.kotlin.diagnostics.PositioningStrategies$CONTEXT_KEYWORD$1        : loaded 2 times (x 74B)
Class org.jetbrains.kotlin.resolve.calls.inference.components.TypeVariableDependencyInformationProvider: loaded 2 times (x 72B)
Class org.jetbrains.kotlin.metadata.ProtoBuf$TypeAliasOrBuilder                       : loaded 2 times (x 70B)
Class org.jetbrains.kotlin.com.google.common.collect.ImmutableList$1                  : loaded 2 times (x 97B)
Class org.jetbrains.kotlin.load.java.AbstractJavaClassFinder                          : loaded 2 times (x 90B)
Class org.jetbrains.kotlin.container.InstanceComponentDescriptor                      : loaded 2 times (x 85B)
Class org.jetbrains.kotlin.resolve.checkers.MissingDependencyClassChecker             : loaded 2 times (x 74B)
Class org.jetbrains.kotlin.psi.KtClassLiteralExpression                               : loaded 2 times (x 579B)
Class org.jetbrains.kotlin.psi.KtSuperTypeCallEntry                                   : loaded 2 times (x 519B)
Class org.jetbrains.kotlin.psi.LambdaArgument                                         : loaded 2 times (x 70B)
Class [Lorg.jetbrains.kotlin.psi.KtTypeConstraintList;                                : loaded 2 times (x 69B)
Class org.jetbrains.kotlin.lexer.KtToken                                              : loaded 2 times (x 75B)
Class org.jetbrains.kotlin.psi.KtSuperTypeList                                        : loaded 2 times (x 447B)
Class org.jetbrains.kotlin.metadata.ProtoBuf$QualifiedNameTable$QualifiedName         : loaded 2 times (x 110B)
Class org.jetbrains.kotlin.metadata.jvm.deserialization.BinaryModuleData              : loaded 2 times (x 72B)
Class org.jetbrains.kotlin.cli.jvm.compiler.TopDownAnalyzerFacadeForJVM$AllJavaSourcesInProjectScope: loaded 2 times (x 98B)
Class org.jetbrains.kotlin.platform.TargetPlatformVersion$NoVersion                   : loaded 2 times (x 74B)
Class org.jetbrains.kotlin.com.intellij.util.text.ImmutableText                       : loaded 2 times (x 102B)
Class [Lorg.jetbrains.kotlin.metadata.ProtoBuf$Class$Kind;                            : loaded 2 times (x 69B)
Class org.jetbrains.kotlin.resolve.jvm.KotlinFinderMarker                             : loaded 2 times (x 70B)
Class org.jetbrains.kotlin.com.intellij.lang.java.parser.JavaParserUtil$ParserWrapper : loaded 2 times (x 70B)
Class org.jetbrains.kotlin.com.intellij.psi.impl.file.impl.FileManagerImpl$1          : loaded 2 times (x 74B)
Class org.jetbrains.kotlin.com.intellij.core.CorePackageIndex                         : loaded 2 times (x 75B)
Class org.jetbrains.kotlin.com.intellij.openapi.vfs.VirtualFileSetFactory             : loaded 2 times (x 70B)
Class kotlinx.coroutines.JobCancellingNode                                            : loaded 2 times (x 90B)
Class org.jetbrains.kotlin.com.fasterxml.aalto.in.ReaderConfig                        : loaded 2 times (x 74B)
Class kotlinx.coroutines.internal.LockFreeTaskQueueCore                               : loaded 2 times (x 72B)
Class org.jetbrains.kotlin.com.intellij.psi.impl.compiled.ClsDecompilerImpl$MyClsStubBuilder: loaded 2 times (x 73B)
Class org.jetbrains.kotlin.com.intellij.codeInsight.folding.impl.JavaCodeFoldingSettingsBase: loaded 2 times (x 71B)
Class org.jetbrains.kotlin.com.intellij.lexer.MergingLexerAdapter                     : loaded 2 times (x 87B)
Class org.jetbrains.kotlin.com.intellij.lang.ASTNode                                  : loaded 2 times (x 70B)
Class org.jetbrains.kotlin.com.intellij.openapi.vfs.encoding.EncodingManager          : loaded 2 times (x 74B)
Class org.jetbrains.kotlin.kotlinx.collections.immutable.internal.CommonFunctionsKt   : loaded 2 times (x 71B)
Class org.jetbrains.kotlin.com.intellij.openapi.vfs.pointers.VirtualFilePointerManager: loaded 2 times (x 76B)
Class [Lorg.jetbrains.kotlin.cli.jvm.compiler.EnvironmentConfigFiles;                 : loaded 2 times (x 69B)
Class org.jetbrains.kotlin.com.intellij.util.containers.FastUtilCharSequenceHashingStrategy: loaded 2 times (x 75B)
Class org.jetbrains.kotlin.backend.jvm.lower.RestoreInlineLambda                      : loaded 2 times (x 509B)
Class org.jetbrains.kotlin.backend.jvm.lower.AnnotationLowering                       : loaded 2 times (x 84B)
Class org.jetbrains.kotlin.psi.stubs.KotlinEnumEntrySuperclassReferenceExpressionStub : loaded 2 times (x 70B)
Class kotlin.jvm.internal.PropertyReference                                           : loaded 2 times (x 115B)
Class org.jetbrains.kotlin.cli.common.arguments.K2JVMCompilerArguments$Companion      : loaded 2 times (x 71B)
Class org.jetbrains.kotlin.config.Services$Companion                                  : loaded 2 times (x 71B)
Class com.google.common.base.Stopwatch                                                : loaded 2 times (x 72B)
Class com.google.common.cache.LocalCache$Strength                                     : loaded 2 times (x 81B)
Class com.google.common.cache.Cache                                                   : loaded 2 times (x 70B)
Class org.jetbrains.kotlin.codegen.inline.MethodInliner$LocalReturnsNormalizer        : loaded 2 times (x 72B)
Class org.jetbrains.kotlin.codegen.inline.ParameterInfo                               : loaded 2 times (x 72B)
Class org.jetbrains.kotlin.codegen.CodegenUtilKt                                      : loaded 2 times (x 71B)
Class org.jetbrains.kotlin.it.unimi.dsi.fastutil.objects.Object2IntMap$FastEntrySet   : loaded 2 times (x 70B)
Class org.jetbrains.kotlin.backend.common.lower.LocalDeclarationsLowering$LocalClassContext: loaded 2 times (x 74B)
Class org.jetbrains.kotlin.backend.common.lower.LocalDeclarationsLowering$LocalDeclarationsTransformer$collectLocalDeclarations$1: loaded 2 times (x 159B)
Class org.jetbrains.kotlin.backend.jvm.lower.VarargLoweringKt                         : loaded 2 times (x 71B)
Class org.jetbrains.kotlin.com.google.common.collect.Iterators$9                      : loaded 2 times (x 81B)
Class org.jetbrains.kotlin.codegen.intrinsics.IsArrayOf                               : loaded 2 times (x 78B)
Class org.jetbrains.kotlin.ir.IrAttribute$Delegate                                    : loaded 2 times (x 71B)
Class org.jetbrains.kotlin.serialization.deserialization.ClassDeserializer$ClassKey   : loaded 2 times (x 72B)
Class org.jetbrains.kotlin.descriptors.PropertyAccessorDescriptor                     : loaded 2 times (x 70B)
Class org.jetbrains.kotlin.descriptors.impl.PackageFragmentDescriptorImpl             : loaded 2 times (x 140B)
Class org.jetbrains.kotlin.ir.declarations.IrMemberWithContainerSource                : loaded 2 times (x 70B)
Class org.jetbrains.kotlin.resolve.calls.inference.components.VariableFixationFinder$VariableForFixation: loaded 2 times (x 72B)
Class org.jetbrains.kotlin.resolve.calls.inference.model.VariableWithConstraints      : loaded 2 times (x 70B)
Class org.jetbrains.kotlin.resolve.calls.inference.ConstraintSystemBuilder            : loaded 2 times (x 70B)
Class kotlin.collections.IndexingIterator                                             : loaded 2 times (x 79B)
Class org.jetbrains.kotlin.load.java.structure.impl.classFiles.AnnotationsCollectorFieldVisitor: loaded 2 times (x 76B)
Class org.jetbrains.kotlin.load.java.structure.impl.classFiles.PlainJavaClassifierType: loaded 2 times (x 101B)
Class [Lorg.jetbrains.kotlin.parsing.KotlinExpressionParsing$Precedence;              : loaded 2 times (x 69B)
Class org.jetbrains.kotlin.serialization.deserialization.NameResolverUtilKt           : loaded 2 times (x 71B)
Class [Lorg.jetbrains.kotlin.psi.KtLambdaArgument;                                    : loaded 2 times (x 69B)
Class org.jetbrains.kotlin.psi.stubs.KotlinUserTypeStub                               : loaded 2 times (x 70B)
Class [Lorg.jetbrains.kotlin.psi.KtTypeAlias;                                         : loaded 2 times (x 69B)
Class org.jetbrains.kotlin.psi.stubs.elements.KtSecondaryConstructorElementType       : loaded 2 times (x 107B)
Class org.jetbrains.kotlin.protobuf.LazyFieldLite                                     : loaded 2 times (x 82B)
Class org.jetbrains.kotlin.com.intellij.util.io.FileAccessorCache$Handle              : loaded 2 times (x 80B)
Class org.jetbrains.kotlin.protobuf.LiteralByteString                                 : loaded 2 times (x 112B)
Class org.jetbrains.kotlin.com.intellij.psi.PsiInferenceHelper                        : loaded 2 times (x 70B)
Class kotlin.coroutines.CombinedContext                                               : loaded 2 times (x 78B)
Class org.jetbrains.kotlin.com.intellij.psi.impl.PsiExpressionEvaluator               : loaded 2 times (x 77B)
Class org.jetbrains.kotlin.com.intellij.psi.impl.source.javadoc.PsiSnippetAttributeValueImpl: loaded 2 times (x 379B)
Class org.jetbrains.kotlin.com.intellij.psi.stubs.StubTree                            : loaded 2 times (x 81B)
Class org.jetbrains.kotlin.com.intellij.psi.impl.source.tree.FileElement              : loaded 2 times (x 264B)
Class org.jetbrains.kotlin.kotlinx.collections.immutable.implementations.immutableMap.TrieNode$Companion: loaded 2 times (x 71B)
Class org.jetbrains.kotlin.it.unimi.dsi.fastutil.objects.AbstractReference2ObjectMap  : loaded 2 times (x 164B)
Class org.jetbrains.kotlin.com.intellij.util.containers.ConcurrentIntObjectMap        : loaded 2 times (x 70B)
Class org.jetbrains.kotlin.cli.common.CLIConfigurationKeys                            : loaded 2 times (x 71B)
Class com.google.common.util.concurrent.AbstractFuture$Cancellation                   : loaded 2 times (x 72B)
Class com.google.common.collect.ImmutableMap$Builder                                  : loaded 2 times (x 82B)
Class com.google.common.base.NullnessCasts                                            : loaded 2 times (x 71B)
Class org.jetbrains.kotlin.descriptors.impl.LazyPackageViewDescriptorImpl             : loaded 2 times (x 117B)
Class org.jetbrains.kotlin.codegen.inline.TypeParameterMappings                       : loaded 2 times (x 72B)
Class [Lorg.jetbrains.kotlin.codegen.optimization.nullCheck.Nullability;              : loaded 2 times (x 69B)
Class org.jetbrains.kotlin.codegen.StackValue$CollectionElement                       : loaded 2 times (x 89B)
Class org.jetbrains.org.objectweb.asm.tree.analysis.SmallSet$IteratorImpl             : loaded 2 times (x 82B)
Class org.jetbrains.kotlin.codegen.optimization.OptimizationMethodVisitor$Companion   : loaded 2 times (x 71B)
Class org.jetbrains.kotlin.codegen.signature.BothSignatureWriter$Mode                 : loaded 2 times (x 79B)
Class org.jetbrains.org.objectweb.asm.FieldWriter                                     : loaded 2 times (x 77B)
Class org.jetbrains.kotlin.types.checker.NewTypeVariableConstructor                   : loaded 2 times (x 70B)
Class org.jetbrains.kotlin.types.FlexibleType                                         : loaded 2 times (x 100B)
Class org.jetbrains.kotlin.types.TypeAttributes                                       : loaded 2 times (x 82B)
Class org.jetbrains.kotlin.types.error.ErrorEntity                                    : loaded 2 times (x 79B)
Class org.jetbrains.org.objectweb.asm.tree.VarInsnNode                                : loaded 2 times (x 78B)
Class org.jetbrains.kotlin.backend.common.lower.loops.handlers.StringIterationHandler : loaded 2 times (x 85B)
Class org.jetbrains.kotlin.backend.common.lower.loops.handlers.ReversedHandler        : loaded 2 times (x 80B)
Class org.jetbrains.kotlin.backend.jvm.intrinsics.StringPlus                          : loaded 2 times (x 73B)
Class org.jetbrains.kotlin.backend.common.lower.AnnotationImplementationTransformer   : loaded 2 times (x 519B)
Class org.jetbrains.kotlin.builtins.UnsignedTypes                                     : loaded 2 times (x 71B)
Class org.jetbrains.kotlin.codegen.state.GenerationState$GenerateClassFilter$Companion: loaded 2 times (x 71B)
Class [Lorg.jetbrains.kotlin.types.model.TypeConstructorMarker;                       : loaded 2 times (x 69B)
Class org.jetbrains.kotlin.ir.expressions.impl.IrInstanceInitializerCallImpl          : loaded 2 times (x 106B)
Class [Lorg.jetbrains.kotlin.ir.types.IrTypeProjection;                               : loaded 2 times (x 69B)
Class org.jetbrains.kotlin.ir.declarations.IrOverridableMember                        : loaded 2 times (x 70B)
Class [Lorg.jetbrains.kotlin.descriptors.annotations.Annotated;                       : loaded 2 times (x 69B)
Class org.jetbrains.kotlin.serialization.deserialization.builtins.BuiltInsLoaderImpl$createPackageFragmentProvider$1: loaded 2 times (x 125B)
Class org.jetbrains.kotlin.diagnostics.PositioningStrategies$IMPORT_LAST_BUT_ONE_NAME$1: loaded 2 times (x 74B)
Class org.jetbrains.kotlin.diagnostics.PositioningStrategies$ANNOTATION_USE_SITE$1    : loaded 2 times (x 74B)
Class org.jetbrains.kotlin.resolve.calls.inference.model.InitialConstraint            : loaded 2 times (x 72B)
Class [Lorg.jetbrains.kotlin.resolve.calls.inference.model.NewConstraintSystemImpl$State;: loaded 2 times (x 69B)
Class org.jetbrains.kotlin.utils.SmartSet                                             : loaded 2 times (x 143B)
Class [Lorg.jetbrains.kotlin.load.java.typeEnhancement.MutabilityQualifier;           : loaded 2 times (x 69B)
Class org.jetbrains.org.objectweb.asm.MethodVisitor                                   : loaded 2 times (x 104B)
Class org.jetbrains.kotlin.cli.jvm.compiler.KotlinCliJavaFileManagerImpl$findPackage$3: loaded 2 times (x 773B)
Class org.jetbrains.kotlin.com.google.common.collect.RegularImmutableBiMap$Inverse$InverseEntrySet: loaded 2 times (x 152B)
Class org.jetbrains.kotlin.com.intellij.lang.impl.TokenSequence                       : loaded 2 times (x 87B)
Class org.jetbrains.kotlin.it.unimi.dsi.fastutil.ints.IntList                         : loaded 2 times (x 70B)
Class org.jetbrains.kotlin.load.java.JavaClassFinderImpl                              : loaded 2 times (x 90B)
Class org.jetbrains.kotlin.resolve.calls.checkers.ReferencingToUnderscoreNamedParameterOfCatchBlockChecker: loaded 2 times (x 74B)
Class org.jetbrains.kotlin.resolve.calls.checkers.CallReturnsArrayOfNothingChecker    : loaded 2 times (x 74B)
Class org.jetbrains.kotlin.psi.KtBinaryExpression                                     : loaded 2 times (x 504B)
Class [Lorg.jetbrains.kotlin.psi.LambdaArgument;                                      : loaded 2 times (x 69B)
Class [Lorg.jetbrains.kotlin.psi.KtTypeParameterList;                                 : loaded 2 times (x 69B)
Class [Lorg.jetbrains.kotlin.psi.KtNamedFunction;                                     : loaded 2 times (x 69B)
Class [Lorg.jetbrains.kotlin.psi.KtNamedDeclarationStub;                              : loaded 2 times (x 69B)
Class org.jetbrains.kotlin.lexer.KtModifierKeywordToken                               : loaded 2 times (x 78B)
Class org.jetbrains.kotlin.types.model.TypeSystemBuiltInsContext                      : loaded 2 times (x 70B)
Class org.jetbrains.kotlin.cli.jvm.index.SingleJavaFileRootsIndex                     : loaded 2 times (x 72B)
Class org.jetbrains.kotlin.resolve.jvm.modules.JavaModuleFinder                       : loaded 2 times (x 70B)
Class [Lorg.jetbrains.kotlin.com.intellij.serviceContainer.LazyExtensionInstance;     : loaded 2 times (x 69B)
Class org.jetbrains.kotlin.com.intellij.diagnostic.StartUpMeasurer                    : loaded 2 times (x 71B)
Class org.jetbrains.kotlin.resolve.jvm.NotFoundPackagesCachingStrategy$Default        : loaded 2 times (x 74B)
Class org.jetbrains.kotlin.extensions.DeclarationAttributeAltererExtension$Companion  : loaded 2 times (x 72B)
Class [Lorg.jetbrains.kotlin.com.intellij.util.containers.LinkedCustomHashMap$Entry;  : loaded 2 times (x 69B)
Class [Lorg.jetbrains.kotlin.com.intellij.psi.PsiElement;                             : loaded 2 times (x 69B)
Class org.jetbrains.kotlin.com.intellij.psi.search.GlobalSearchScope$IntersectionScope: loaded 2 times (x 99B)
Class org.jetbrains.kotlin.com.intellij.psi.impl.source.resolve.ResolveCache$StrongValueReference: loaded 2 times (x 81B)
Class org.jetbrains.kotlin.com.intellij.lang.java.lexer.JavaLexer                     : loaded 2 times (x 84B)
Class org.jetbrains.kotlin.com.intellij.util.graph.impl.GraphAlgorithmsImpl           : loaded 2 times (x 71B)
Class org.jetbrains.kotlin.com.intellij.util.KeyedLazyInstanceEP                      : loaded 2 times (x 83B)
Class org.jetbrains.kotlin.com.intellij.openapi.vfs.newvfs.BulkFileListener           : loaded 2 times (x 70B)
Class org.jetbrains.kotlin.com.intellij.openapi.editor.ReadOnlyModificationException  : loaded 2 times (x 82B)
Class org.jetbrains.kotlin.com.intellij.openapi.util.KeyedExtensionCollector          : loaded 2 times (x 86B)
Class org.jetbrains.kotlin.backend.jvm.lower.MarkNecessaryInlinedClassesAsRegeneratedLowering: loaded 2 times (x 339B)
Class org.jetbrains.kotlin.ir.inline.FunctionInlining                                 : loaded 2 times (x 525B)
Class org.jetbrains.kotlin.backend.common.lower.loops.ForLoopsLowering                : loaded 2 times (x 87B)
Class org.jetbrains.kotlin.backend.jvm.lower.FunctionReferenceLowering                : loaded 2 times (x 519B)
Class org.jetbrains.kotlin.ir.visitors.IrElementTransformerVoid                       : loaded 2 times (x 500B)
Class org.jetbrains.kotlin.ir.visitors.IrElementTransformer                           : loaded 2 times (x 70B)
Class [Lkotlin.reflect.jvm.internal.impl.builtins.PrimitiveType;                      : loaded 2 times (x 69B)
Class kotlin.reflect.jvm.internal.impl.builtins.StandardNames                         : loaded 2 times (x 71B)
Class kotlin.reflect.jvm.internal.ReflectProperties$LazySoftVal                       : loaded 2 times (x 78B)
Class [Lkotlin.reflect.KAnnotatedElement;                                             : loaded 2 times (x 69B)
Class org.jetbrains.kotlin.cli.common.arguments.CommonToolArguments$Companion         : loaded 2 times (x 71B)
Class com.google.common.cache.RemovalListener                                         : loaded 2 times (x 70B)
Class org.gradle.api.internal.DefaultClassPathRegistry                                : loaded 2 times (x 76B)
Class org.jetbrains.kotlin.it.unimi.dsi.fastutil.ints.AbstractInt2IntFunction         : loaded 2 times (x 121B)
Class org.jetbrains.kotlin.ir.PsiSourceManager                                        : loaded 2 times (x 71B)
Class org.jetbrains.kotlin.backend.jvm.mapping.IrTypeMappingKt                        : loaded 2 times (x 71B)
Class org.jetbrains.kotlin.backend.jvm.lower.JvmArgumentNullabilityAssertionsLowering$Companion: loaded 2 times (x 71B)
Class org.jetbrains.kotlin.ir.builders.IrGeneratorContextBase                         : loaded 2 times (x 80B)
Class org.jetbrains.kotlin.descriptors.annotations.KotlinRetention                    : loaded 2 times (x 79B)
Class org.jetbrains.kotlin.com.intellij.openapi.util.Getter                           : loaded 2 times (x 70B)
Class org.jetbrains.kotlin.ir.util.PatchDeclarationParentsKt                          : loaded 2 times (x 71B)
Class org.jetbrains.kotlin.ir.builders.IrBuilder                                      : loaded 2 times (x 76B)
Class org.jetbrains.kotlin.ir.declarations.IrTypeAlias                                : loaded 2 times (x 145B)
Class org.jetbrains.kotlin.ir.expressions.impl.IrErrorExpressionImpl                  : loaded 2 times (x 106B)
Class org.jetbrains.kotlin.ir.symbols.IrVariableSymbol                                : loaded 2 times (x 70B)
Class org.jetbrains.kotlin.resolve.ExternalOverridabilityCondition                    : loaded 2 times (x 70B)
Class org.jetbrains.kotlin.descriptors.ModuleDescriptor$DefaultImpls                  : loaded 2 times (x 71B)
Class [Lorg.jetbrains.kotlin.renderer.OverrideRenderingPolicy;                        : loaded 2 times (x 69B)
Class org.jetbrains.kotlin.ir.declarations.IrDeclaration                              : loaded 2 times (x 70B)
Class org.jetbrains.kotlin.diagnostics.rendering.RenderingContext                     : loaded 2 times (x 72B)
Class org.jetbrains.kotlin.diagnostics.PositioningStrategies$DOT_BY_QUALIFIED$1       : loaded 2 times (x 74B)
Class org.jetbrains.kotlin.diagnostics.PositioningStrategies$IMPORT_ALIAS$1           : loaded 2 times (x 74B)
Class org.jetbrains.kotlin.resolve.calls.inference.model.LambdaArgumentConstraintPosition: loaded 2 times (x 72B)
Class kotlin.annotation.AnnotationTarget                                              : loaded 2 times (x 79B)
Class org.jetbrains.kotlin.com.google.common.collect.RegularImmutableBiMap$Inverse$InverseEntrySet$1: loaded 2 times (x 213B)
Class org.jetbrains.kotlin.com.intellij.lang.LighterASTNode                           : loaded 2 times (x 70B)
Class org.jetbrains.kotlin.com.intellij.lang.impl.PsiBuilderImpl                      : loaded 2 times (x 142B)
Class org.jetbrains.kotlin.builtins.PrimitiveType                                     : loaded 2 times (x 79B)
Class org.jetbrains.kotlin.metadata.ProtoBuf$Type$Argument$Projection$1               : loaded 2 times (x 74B)
Class org.jetbrains.kotlin.resolve.calls.checkers.UnsupportedUntilOperatorChecker     : loaded 2 times (x 74B)
Class org.jetbrains.kotlin.descriptors.MemberDescriptor                               : loaded 2 times (x 70B)
Class org.jetbrains.kotlin.psi.KtSimpleNameStringTemplateEntry                        : loaded 2 times (x 444B)
Class org.jetbrains.kotlin.psi.stubs.KotlinCollectionLiteralExpressionStub            : loaded 2 times (x 70B)
Class org.jetbrains.kotlin.psi.stubs.elements.KtConstantExpressionElementType$Companion: loaded 2 times (x 71B)
Class [Lorg.jetbrains.kotlin.psi.KtInitializerList;                                   : loaded 2 times (x 69B)
Class org.jetbrains.kotlin.psi.KtExpressionImplStub                                   : loaded 2 times (x 505B)
Class [Lorg.jetbrains.kotlin.psi.KtClassInitializer;                                  : loaded 2 times (x 69B)
Class org.jetbrains.kotlin.psi.KtVariableDeclaration                                  : loaded 2 times (x 70B)
Class [Lorg.jetbrains.kotlin.com.intellij.psi.tree.TokenSet;                          : loaded 2 times (x 69B)
Class org.jetbrains.kotlin.resolve.checkers.ValueParameterUsageInDefaultArgumentChecker: loaded 2 times (x 74B)
Class org.jetbrains.kotlin.psi.KtClassOrObject                                        : loaded 2 times (x 1099B)
Class org.jetbrains.kotlin.protobuf.SmallSortedMap$EmptySet$1                         : loaded 2 times (x 78B)
Class org.jetbrains.kotlin.protobuf.AbstractMessageLite$Builder$LimitedInputStream    : loaded 2 times (x 92B)
Class [Lorg.jetbrains.kotlin.it.unimi.dsi.fastutil.Function;                          : loaded 2 times (x 69B)
Class org.jetbrains.kotlin.resolve.jvm.modules.JavaModuleInfo$Companion$read$1        : loaded 2 times (x 87B)
Class org.jetbrains.kotlin.com.intellij.psi.impl.PsiFileEx                            : loaded 2 times (x 70B)
Class org.jetbrains.kotlin.com.intellij.psi.search.GlobalSearchScope$FileScope        : loaded 2 times (x 101B)
Class org.jetbrains.kotlin.com.fasterxml.aalto.in.NsBinding                           : loaded 2 times (x 72B)
Class kotlin.ranges.ClosedRange                                                       : loaded 2 times (x 70B)
Class org.jetbrains.kotlin.com.intellij.psi.tree.ILightStubFileElementType            : loaded 2 times (x 110B)
Class org.jetbrains.kotlin.com.intellij.util.pico.CachingConstructorInjectionComponentAdapter: loaded 2 times (x 77B)
Class org.jetbrains.kotlin.com.intellij.psi.impl.source.CharTableImpl$StringHashToCharSequencesMap: loaded 2 times (x 226B)
Class org.jetbrains.kotlin.com.intellij.openapi.application.CachedSingletonsRegistry  : loaded 2 times (x 71B)
Class org.jetbrains.kotlin.com.intellij.util.pico.PicoException                       : loaded 2 times (x 82B)
Class kotlin.reflect.jvm.internal.KPropertyImpl                                       : loaded 2 times (x 115B)
Class org.jetbrains.kotlin.it.unimi.dsi.fastutil.ints.Int2ObjectOpenHashMap           : loaded 2 times (x 226B)
Class kotlin.reflect.KProperty                                                        : loaded 2 times (x 70B)
Class kotlin.jvm.internal.Reflection                                                  : loaded 2 times (x 71B)
Class kotlin.jvm.JvmClassMappingKt                                                    : loaded 2 times (x 71B)
Class org.jetbrains.kotlin.load.java.JvmAbi                                           : loaded 2 times (x 71B)
Class [Lorg.jetbrains.kotlin.config.JvmDefaultMode;                                   : loaded 2 times (x 69B)
Class org.jetbrains.kotlin.psi.KtLiteralStringTemplateEntry                           : loaded 2 times (x 444B)
Class com.google.common.primitives.IntsMethodsForWeb                                  : loaded 2 times (x 71B)
Class com.google.common.collect.Multimap                                              : loaded 2 times (x 70B)
Class org.gradle.api.internal.ClassPathRegistry                                       : loaded 2 times (x 70B)
Class org.gradle.internal.classpath.DefaultClassPath$ImmutableUniqueList              : loaded 2 times (x 199B)
Class [Lorg.jetbrains.kotlin.psi.KtLiteralStringTemplateEntry;                        : loaded 2 times (x 69B)
Class org.jetbrains.kotlin.codegen.inline.InlineCallSiteInfo                          : loaded 2 times (x 72B)
Class org.jetbrains.kotlin.codegen.optimization.temporaryVals.TemporaryValsAnalyzer$StoreTrackingInterpreter: loaded 2 times (x 85B)
Class org.jetbrains.kotlin.backend.jvm.JvmBackendExtension$Default                    : loaded 2 times (x 75B)
Class org.jetbrains.kotlin.codegen.inline.SourcePosition                              : loaded 2 times (x 72B)
Class org.jetbrains.kotlin.backend.jvm.codegen.AnnotationCodegen$Companion            : loaded 2 times (x 71B)
Class org.jetbrains.org.objectweb.asm.ByteVector                                      : loaded 2 times (x 78B)
Class org.jetbrains.kotlin.backend.jvm.extensions.JvmIrDeclarationOriginKt            : loaded 2 times (x 71B)
Class org.jetbrains.kotlin.codegen.state.InlineClassManglingUtilsKt                   : loaded 2 times (x 71B)
Class org.jetbrains.kotlin.ir.builders.IrBlockBuilder                                 : loaded 2 times (x 83B)
Class org.jetbrains.kotlin.backend.jvm.lower.JvmSafeCallChainFoldingLowering$Transformer: loaded 2 times (x 501B)
Class org.jetbrains.kotlin.backend.jvm.intrinsics.UnaryMinus                          : loaded 2 times (x 73B)
Class org.jetbrains.kotlin.backend.jvm.intrinsics.SignatureString                     : loaded 2 times (x 73B)
Class org.jetbrains.kotlin.codegen.AccessorForFunctionDescriptor                      : loaded 2 times (x 356B)
Class org.jetbrains.kotlin.backend.common.lower.DeclarationIrBuilder                  : loaded 2 times (x 80B)
Class org.jetbrains.kotlin.ir.util.DeepCopyIrTreeWithSymbols                          : loaded 2 times (x 556B)
Class [Lorg.jetbrains.kotlin.ir.types.IrTypeArgument;                                 : loaded 2 times (x 69B)
Class org.jetbrains.kotlin.ir.declarations.IrExternalPackageFragment                  : loaded 2 times (x 100B)
Class org.jetbrains.kotlin.backend.jvm.JvmIrDeserializer                              : loaded 2 times (x 70B)
Class org.jetbrains.kotlin.resolve.multiplatform.ExpectActualAnnotationsIncompatibilityType: loaded 2 times (x 72B)
Class org.jetbrains.kotlin.metadata.jvm.JvmProtoBuf$JvmPropertySignature              : loaded 2 times (x 114B)
Class org.jetbrains.kotlin.load.java.structure.impl.classFiles.BinaryJavaMethod       : loaded 2 times (x 144B)
Class org.jetbrains.kotlin.com.intellij.openapi.util.Computable                       : loaded 2 times (x 70B)
Class org.jetbrains.kotlin.load.kotlin.KotlinBinaryClassCache$RequestCache            : loaded 2 times (x 73B)
Class org.jetbrains.kotlin.com.google.common.collect.SingletonImmutableList           : loaded 2 times (x 207B)
Class org.jetbrains.kotlin.com.google.common.math.IntMath                             : loaded 2 times (x 71B)
Class org.jetbrains.kotlin.com.intellij.psi.tree.ILightLazyParseableElementType       : loaded 2 times (x 70B)
Class org.jetbrains.kotlin.it.unimi.dsi.fastutil.ints.IntListIterator                 : loaded 2 times (x 70B)
Class org.jetbrains.kotlin.it.unimi.dsi.fastutil.objects.ObjectArrays$ArrayHashStrategy: loaded 2 times (x 75B)
Class org.jetbrains.kotlin.descriptors.Visibilities$Protected                         : loaded 2 times (x 79B)
Class org.jetbrains.kotlin.descriptors.ClassKind                                      : loaded 2 times (x 79B)
Class kotlin.collections.IntIterator                                                  : loaded 2 times (x 82B)
Class org.jetbrains.kotlin.resolve.ImportPath$Companion                               : loaded 2 times (x 71B)
Class org.jetbrains.kotlin.container.PlatformExtensionsClashResolver$FirstWins        : loaded 2 times (x 73B)
Class org.jetbrains.kotlin.resolve.calls.checkers.VarargWrongExecutionOrderChecker    : loaded 2 times (x 74B)
Class org.jetbrains.kotlin.psi.KtStringTemplateExpression                             : loaded 2 times (x 678B)
Class org.jetbrains.kotlin.psi.KtImportInfo$ImportContent                             : loaded 2 times (x 71B)
Class org.jetbrains.kotlin.KtNodeTypes                                                : loaded 2 times (x 70B)
Class org.jetbrains.kotlin.resolve.checkers.SuspendFunctionAsSupertypeChecker         : loaded 2 times (x 74B)
Class org.jetbrains.kotlin.resolve.checkers.ActualClassifierMustHasTheSameMembersAsNonFinalExpectClassifierChecker: loaded 2 times (x 74B)
Class kotlin.jvm.internal.TypeIntrinsics                                              : loaded 2 times (x 71B)
Class org.jetbrains.kotlin.mpp.TypeRefMarker                                          : loaded 2 times (x 70B)
Class org.jetbrains.kotlin.metadata.ProtoBuf$ValueParameterOrBuilder                  : loaded 2 times (x 70B)
Class org.jetbrains.kotlin.protobuf.SmallSortedMap$EmptySet$2                         : loaded 2 times (x 78B)
Class org.jetbrains.kotlin.metadata.ProtoBuf$PackageOrBuilder                         : loaded 2 times (x 70B)
Class org.jetbrains.kotlin.com.intellij.diagnostic.Activity                           : loaded 2 times (x 70B)
Class [Lorg.jetbrains.kotlin.com.intellij.psi.PsiPackage;                             : loaded 2 times (x 69B)
Class org.jetbrains.kotlin.extensions.StorageComponentContainerContributor            : loaded 2 times (x 70B)
Class org.jetbrains.kotlin.com.intellij.psi.scope.NameHint                            : loaded 2 times (x 70B)
Class org.jetbrains.kotlin.com.intellij.core.JavaCoreProjectEnvironment               : loaded 2 times (x 88B)
Class org.jetbrains.kotlin.com.intellij.openapi.extensions.impl.ExtensionProcessingHelper: loaded 2 times (x 71B)
Class kotlinx.coroutines.DispatchedTaskKt                                             : loaded 2 times (x 71B)
Class kotlinx.coroutines.internal.SystemPropsKt__SystemProps_commonKt                 : loaded 2 times (x 71B)
Class kotlinx.coroutines.ThreadContextElement                                         : loaded 2 times (x 70B)
Class org.jetbrains.kotlin.com.intellij.DynamicBundle$LanguageBundleEP                : loaded 2 times (x 75B)
Class org.jetbrains.kotlin.kotlinx.collections.immutable.implementations.immutableList.SmallPersistentVector$Companion: loaded 2 times (x 71B)
Class org.jetbrains.kotlin.com.intellij.openapi.util.SimpleModificationTracker        : loaded 2 times (x 76B)
Class kotlin.reflect.jvm.internal.impl.resolve.jvm.JvmPrimitiveType                   : loaded 2 times (x 79B)
Class org.jetbrains.kotlin.com.google.common.collect.BiMap                            : loaded 2 times (x 70B)
Class kotlin.text.StringsKt__StringsJVMKt                                             : loaded 2 times (x 71B)
Class com.google.common.base.ExtraObjectsMethodsForWeb                                : loaded 2 times (x 71B)
Class org.jetbrains.kotlin.backend.jvm.codegen.TypeAnnotationPosition$Supertype       : loaded 2 times (x 71B)
Class org.jetbrains.kotlin.codegen.optimization.temporaryVals.TemporaryVariablesEliminationTransformer: loaded 2 times (x 73B)
Class org.jetbrains.kotlin.backend.jvm.codegen.ClassCodegen$typeMapper$1              : loaded 2 times (x 88B)
Class org.jetbrains.org.objectweb.asm.tree.LookupSwitchInsnNode                       : loaded 2 times (x 78B)
Class org.jetbrains.kotlin.backend.jvm.lower.JvmOptimizationLowering$Companion        : loaded 2 times (x 71B)
Class org.jetbrains.kotlin.resolve.jvm.jvmSignature.JvmMethodParameterKind            : loaded 2 times (x 79B)
Class org.jetbrains.kotlin.backend.common.lower.loops.RangeLoopTransformer$headerProcessor$1: loaded 2 times (x 125B)
Class org.jetbrains.kotlin.backend.jvm.intrinsics.IntrinsicMethod$Companion           : loaded 2 times (x 71B)
Class org.jetbrains.kotlin.codegen.AccessorForPropertyBackingField                    : loaded 2 times (x 401B)
Class org.jetbrains.kotlin.resolve.CleanableBindingContext                            : loaded 2 times (x 70B)
Class org.jetbrains.kotlin.ir.util.SymbolRemapper$DefaultImpls                        : loaded 2 times (x 71B)
Class org.jetbrains.kotlin.ir.declarations.impl.IrVariableImpl                        : loaded 2 times (x 140B)
Class org.jetbrains.kotlin.ir.expressions.impl.IrCallImpl                             : loaded 2 times (x 117B)
Class org.jetbrains.kotlin.ir.expressions.IrConstKind$String                          : loaded 2 times (x 72B)
Class org.jetbrains.kotlin.ir.declarations.impl.IrFunctionImpl                        : loaded 2 times (x 215B)
Class org.jetbrains.kotlin.incremental.components.LookupTracker$DO_NOTHING            : loaded 2 times (x 76B)
Class org.jetbrains.kotlin.ir.types.IrSimpleType                                      : loaded 2 times (x 93B)
Class org.jetbrains.kotlin.descriptors.DescriptorVisibilities                         : loaded 2 times (x 71B)
Class org.jetbrains.kotlin.backend.common.ir.BuiltinSymbolsBase                       : loaded 2 times (x 78B)
Class org.jetbrains.kotlin.cli.common.messages.CompilerMessageSourceLocation          : loaded 2 times (x 70B)
Class org.jetbrains.kotlin.diagnostics.PositioningStrategies$DeclarationHeader        : loaded 2 times (x 74B)
Class org.jetbrains.kotlin.types.AbstractTypePreparator                               : loaded 2 times (x 72B)
Class org.jetbrains.kotlin.load.java.JvmAnnotationNamesKt                             : loaded 2 times (x 71B)
Class org.jetbrains.kotlin.metadata.deserialization.VersionRequirementTable           : loaded 2 times (x 72B)
Class org.jetbrains.kotlin.load.kotlin.KotlinJvmBinaryClass$AnnotationArrayArgumentVisitor: loaded 2 times (x 70B)
Class org.jetbrains.kotlin.com.google.common.collect.AbstractMapBasedMultimap$WrappedCollection$WrappedIterator: loaded 2 times (x 84B)
Class org.jetbrains.kotlin.container.ValueDescriptor                                  : loaded 2 times (x 70B)
Class org.jetbrains.kotlin.resolve.calls.checkers.ResolutionToPrivateConstructorOfSealedClassChecker: loaded 2 times (x 74B)
Class org.jetbrains.kotlin.descriptors.DeclarationDescriptor                          : loaded 2 times (x 70B)
Class org.jetbrains.kotlin.psi.KtObjectLiteralExpression                              : loaded 2 times (x 438B)
Class org.jetbrains.kotlin.psi.KtLoopExpression                                       : loaded 2 times (x 440B)
Class org.jetbrains.kotlin.psi.KtConstructorDelegationCall                            : loaded 2 times (x 452B)
Class org.jetbrains.kotlin.psi.KtExpressionImpl                                       : loaded 2 times (x 437B)
Class [Lorg.jetbrains.kotlin.psi.KtContextReceiver;                                   : loaded 2 times (x 69B)
Class org.jetbrains.kotlin.com.intellij.psi.impl.light.LightModifierList              : loaded 2 times (x 375B)
Class org.jetbrains.kotlin.compiler.plugin.CompilerPluginRegistrar$ExtensionStorage   : loaded 2 times (x 72B)
Class org.jetbrains.kotlin.com.intellij.util.containers.LinkedCustomHashMap$RemoveCallback: loaded 2 times (x 70B)
Class org.jetbrains.kotlin.com.intellij.psi.impl.JvmPsiConversionHelperImpl           : loaded 2 times (x 83B)
Class org.jetbrains.kotlin.com.intellij.openapi.extensions.ExtensionPointUtil         : loaded 2 times (x 71B)
Class org.jetbrains.kotlin.com.intellij.openapi.extensions.ProjectExtensionPointName  : loaded 2 times (x 72B)
Class org.jetbrains.kotlin.com.fasterxml.aalto.util.BufferRecycler                    : loaded 2 times (x 72B)
Class org.jetbrains.kotlin.com.intellij.ide.plugins.DescriptorListLoadingContext$expiredPlugins$2: loaded 2 times (x 79B)
Class org.jetbrains.kotlin.com.intellij.psi.impl.compiled.ClsDecompilerImpl           : loaded 2 times (x 78B)
Class org.jetbrains.kotlin.com.intellij.psi.PsiLocalVariable                          : loaded 2 times (x 70B)
Class org.jetbrains.kotlin.com.intellij.psi.presentation.java.ClassPresentationProvider: loaded 2 times (x 76B)
Class org.jetbrains.kotlin.com.intellij.psi.tree.IStubFileElementType                 : loaded 2 times (x 108B)
Class org.jetbrains.kotlin.com.intellij.psi.javadoc.PsiDocToken                       : loaded 2 times (x 70B)
Class org.jetbrains.kotlin.compiler.plugin.CompilerPluginRegistrar$Companion          : loaded 2 times (x 71B)
Class org.jetbrains.kotlin.backend.common.phaser.IrValidationPhase                    : loaded 2 times (x 77B)
Class org.jetbrains.kotlin.it.unimi.dsi.fastutil.objects.AbstractObject2ObjectMap     : loaded 2 times (x 164B)
Class kotlin.collections.SetsKt                                                       : loaded 2 times (x 71B)
Class org.jetbrains.kotlin.config.JvmDefaultMode$Companion                            : loaded 2 times (x 71B)
Class kotlin.text.StringsKt__IndentKt                                                 : loaded 2 times (x 71B)
Class org.jetbrains.kotlin.diagnostics.Diagnostic                                     : loaded 2 times (x 70B)
Class com.google.common.cache.CacheBuilder                                            : loaded 2 times (x 72B)
Class com.google.common.collect.SingletonImmutableList                                : loaded 2 times (x 207B)
Class Settings_gradle$1                                                               : loaded 2 times (x 74B)
Class org.gradle.internal.classpath.ClassPath                                         : loaded 2 times (x 70B)
Class org.gradle.api.UncheckedIOException                                             : loaded 2 times (x 82B)
Class org.jetbrains.kotlin.com.intellij.openapi.Disposable$Parent                     : loaded 2 times (x 70B)
Class [Lorg.jetbrains.kotlin.codegen.inline.FieldSignature;                           : loaded 2 times (x 69B)
Class org.jetbrains.kotlin.descriptors.impl.AbstractClassDescriptor$1                 : loaded 2 times (x 77B)
Class org.jetbrains.kotlin.descriptors.InvalidModuleException                         : loaded 2 times (x 82B)
Class [Lorg.jetbrains.kotlin.backend.common.lower.ConstructorDelegationKind;          : loaded 2 times (x 69B)
Class kotlin.sequences.TakeWhileSequence$iterator$1                                   : loaded 2 times (x 79B)
Class org.jetbrains.kotlin.backend.jvm.intrinsics.HandleResultOfReflectiveAccess      : loaded 2 times (x 73B)
Class org.jetbrains.kotlin.backend.jvm.intrinsics.Increment                           : loaded 2 times (x 73B)
Class org.jetbrains.kotlin.ir.interpreter.preprocessor.IrInterpreterConstGetterPreprocessor: loaded 2 times (x 415B)
Class org.jetbrains.kotlin.codegen.ClassBuilderFactory                                : loaded 2 times (x 70B)
Class org.jetbrains.kotlin.cli.jvm.compiler.NoScopeRecordCliBindingTrace              : loaded 2 times (x 105B)
Class org.jetbrains.kotlin.ir.expressions.IrConstKind$Boolean                         : loaded 2 times (x 72B)
Class org.jetbrains.kotlin.ir.expressions.IrGetValue                                  : loaded 2 times (x 108B)
Class org.jetbrains.kotlin.ir.expressions.IrVararg                                    : loaded 2 times (x 106B)
Class org.jetbrains.kotlin.ir.declarations.impl.IrPropertyImpl                        : loaded 2 times (x 193B)
Class org.jetbrains.kotlin.serialization.deserialization.TypeDeserializer             : loaded 2 times (x 72B)
Class org.jetbrains.kotlin.renderer.DescriptorRendererModifier                        : loaded 2 times (x 79B)
Class org.jetbrains.kotlin.descriptors.annotations.Annotations                        : loaded 2 times (x 70B)
Class org.jetbrains.kotlin.ir.util.KotlinMangler                                      : loaded 2 times (x 70B)
Class org.jetbrains.kotlin.diagnostics.rendering.DiagnosticParameterRendererKt$Renderer$1: loaded 2 times (x 80B)
Class org.jetbrains.kotlin.resolve.calls.inference.model.ReceiverConstraintPosition   : loaded 2 times (x 72B)
Class org.jetbrains.kotlin.metadata.deserialization.TypeTable                         : loaded 2 times (x 72B)
Class org.jetbrains.kotlin.load.java.typeEnhancement.MutabilityQualifier              : loaded 2 times (x 79B)
Class org.jetbrains.kotlin.load.kotlin.FileBasedKotlinClass$1                         : loaded 2 times (x 87B)
Class [Lorg.jetbrains.kotlin.parsing.KotlinParsing$DeclarationParsingMode;            : loaded 2 times (x 69B)
Class kotlin.collections.ArrayDeque                                                   : loaded 2 times (x 207B)
Class org.jetbrains.kotlin.descriptors.annotations.AnnotationDescriptor               : loaded 2 times (x 70B)
Class org.jetbrains.kotlin.resolve.checkers.NullableExtensionOperatorWithSafeCallChecker: loaded 2 times (x 74B)
Class org.jetbrains.kotlin.resolve.calls.checkers.BuilderFunctionsCallChecker         : loaded 2 times (x 74B)
Class org.jetbrains.kotlin.psi.KtSimpleNameExpressionImpl                             : loaded 2 times (x 569B)
Class [Lorg.jetbrains.kotlin.psi.KtDynamicType;                                       : loaded 2 times (x 69B)
Class org.jetbrains.kotlin.resolve.checkers.TrailingCommaCallChecker                  : loaded 2 times (x 74B)
Class org.jetbrains.kotlin.resolve.PlatformConfigurator                               : loaded 2 times (x 70B)
Class kotlin.script.experimental.location.ScriptExpectedLocation                      : loaded 2 times (x 79B)
Class kotlin.reflect.jvm.internal.KPackageImpl                                        : loaded 2 times (x 85B)
Class org.jetbrains.kotlin.extensions.internal.TypeResolutionInterceptor              : loaded 2 times (x 72B)
Class org.jetbrains.kotlin.com.intellij.psi.scope.MethodProcessorSetupFailedException : loaded 2 times (x 82B)
Class org.jetbrains.kotlin.com.intellij.psi.PsiType$Stub                              : loaded 2 times (x 100B)
Class org.jetbrains.kotlin.idea.KotlinLanguage                                        : loaded 2 times (x 107B)
Class org.jetbrains.kotlin.com.fasterxml.aalto.util.DataUtil                          : loaded 2 times (x 71B)
Class org.jetbrains.kotlin.com.intellij.ide.plugins.ActionDescriptorName              : loaded 2 times (x 79B)
Class org.jetbrains.kotlin.com.intellij.lang.java.lexer.BasicJavaLexer                : loaded 2 times (x 84B)
Class org.jetbrains.kotlin.kotlinx.collections.immutable.implementations.immutableSet.PersistentHashSetIterator: loaded 2 times (x 82B)
Class org.jetbrains.kotlin.com.intellij.psi.PsiReferenceProvider                      : loaded 2 times (x 74B)
Class org.jetbrains.kotlin.ir.IrElement                                               : loaded 2 times (x 70B)
Class org.jetbrains.kotlin.com.intellij.util.containers.CollectionFactory             : loaded 2 times (x 71B)
Class [Lkotlin.reflect.jvm.internal.impl.name.FqName;                                 : loaded 2 times (x 69B)
Class org.jetbrains.kotlin.load.java.JavaNullabilityAnnotationSettingsKt              : loaded 2 times (x 71B)
Class org.jetbrains.kotlin.com.google.common.collect.AbstractMapBasedMultimap$WrappedList: loaded 2 times (x 205B)
Class kotlin.reflect.KFunction                                                        : loaded 2 times (x 70B)
Class com.google.common.collect.ImmutableList$ReverseImmutableList                    : loaded 2 times (x 208B)
Class com.google.common.base.JdkPattern                                               : loaded 2 times (x 75B)
Class org.jetbrains.kotlin.resolve.annotations.ThrowUtilKt                            : loaded 2 times (x 71B)
Class org.jetbrains.kotlin.descriptors.impl.AbstractClassDescriptor$2                 : loaded 2 times (x 77B)
Class org.jetbrains.kotlin.codegen.inline.SourceCompilerForInlineKt                   : loaded 2 times (x 71B)
Class org.jetbrains.kotlin.backend.jvm.intrinsics.CompareTo                           : loaded 2 times (x 73B)
Class org.jetbrains.kotlin.util.slicedMap.Slices                                      : loaded 2 times (x 71B)
Class org.jetbrains.kotlin.ir.interpreter.checker.EvaluationMode$OnlyBuiltins         : loaded 2 times (x 80B)
Class org.jetbrains.kotlin.ir.util.ReferenceSymbolTableExtension                      : loaded 2 times (x 83B)
Class [Lorg.jetbrains.kotlin.ir.IrElementBase;                                        : loaded 2 times (x 69B)
Class org.jetbrains.kotlin.renderer.RenderingUtilsKt                                  : loaded 2 times (x 71B)
Class org.jetbrains.kotlin.builtins.BuiltInsLoader                                    : loaded 2 times (x 70B)
Class org.jetbrains.kotlin.descriptors.impl.PackageViewDescriptorFactory$Default      : loaded 2 times (x 74B)
Class org.jetbrains.kotlin.descriptors.deserialization.PlatformDependentDeclarationFilter: loaded 2 times (x 70B)
Class org.jetbrains.kotlin.diagnostics.PositioningStrategies$DELEGATOR_SUPER_CALL$1   : loaded 2 times (x 74B)
Class org.jetbrains.kotlin.resolve.calls.inference.components.TypeCheckerStateForConstraintSystem: loaded 2 times (x 81B)
Class org.jetbrains.kotlin.resolve.calls.model.PostponedCallableReferenceMarker       : loaded 2 times (x 70B)
Class org.jetbrains.kotlin.metadata.deserialization.VersionRequirement                : loaded 2 times (x 72B)
Class org.jetbrains.kotlin.utils.SmartList$EmptyIterator                              : loaded 2 times (x 81B)
Class org.jetbrains.kotlin.load.java.structure.JavaType                               : loaded 2 times (x 70B)
Class org.jetbrains.kotlin.load.kotlin.FileBasedKotlinClass$2                         : loaded 2 times (x 87B)
Class [Lorg.jetbrains.kotlin.com.google.common.collect.ImmutableEntry;                : loaded 2 times (x 69B)
Class org.jetbrains.kotlin.descriptors.Modality$Companion                             : loaded 2 times (x 71B)
Class org.jetbrains.kotlin.metadata.ProtoBuf$Type$ArgumentOrBuilder                   : loaded 2 times (x 70B)
Class org.jetbrains.kotlin.resolve.calls.checkers.CallCheckerContext                  : loaded 2 times (x 78B)
Class [Lorg.jetbrains.kotlin.container.PlatformExtensionsClashResolver;               : loaded 2 times (x 69B)
Class org.jetbrains.kotlin.resolve.calls.checkers.ContractNotAllowedCallChecker       : loaded 2 times (x 74B)
Class org.jetbrains.kotlin.psi.KtWhenExpression                                       : loaded 2 times (x 446B)
Class [Lorg.jetbrains.kotlin.psi.KtContextReceiverList;                               : loaded 2 times (x 69B)
Class org.jetbrains.kotlin.psi.KtValueArgument                                        : loaded 2 times (x 461B)
Class [Lorg.jetbrains.kotlin.psi.KtSecondaryConstructor;                              : loaded 2 times (x 69B)
Class [Lorg.jetbrains.kotlin.psi.KtAnnotated;                                         : loaded 2 times (x 69B)
Class org.jetbrains.kotlin.psi.stubs.elements.KtPrimaryConstructorElementType         : loaded 2 times (x 107B)
Class org.jetbrains.kotlin.resolve.checkers.DataClassDeclarationChecker               : loaded 2 times (x 74B)
Class org.jetbrains.kotlin.protobuf.GeneratedMessageLite$GeneratedExtension           : loaded 2 times (x 79B)
Class org.jetbrains.kotlin.load.kotlin.JvmPackagePartProviderBase                     : loaded 2 times (x 92B)
Class org.jetbrains.kotlin.com.intellij.codeInsight.ExternalAnnotationsManager        : loaded 2 times (x 87B)
Class org.jetbrains.kotlin.com.intellij.psi.impl.PsiModificationTrackerImpl$1         : loaded 2 times (x 74B)
Class org.jetbrains.kotlin.com.intellij.mock.MockProject                              : loaded 2 times (x 208B)
Class org.jetbrains.kotlin.com.intellij.psi.impl.ResolveScopeManager                  : loaded 2 times (x 74B)
Class [Lkotlinx.coroutines.CoroutineStart;                                            : loaded 2 times (x 69B)
Class kotlinx.coroutines.CoroutineDispatcher$Key                                      : loaded 2 times (x 72B)
Class org.jetbrains.kotlin.com.intellij.codeInsight.folding.JavaCodeFoldingSettings   : loaded 2 times (x 71B)
Class org.jetbrains.kotlin.com.intellij.psi.stubs.Stub                                : loaded 2 times (x 70B)
Class org.jetbrains.kotlin.com.intellij.openapi.util.KeyWithDefaultValue              : loaded 2 times (x 78B)
Class org.jetbrains.kotlin.kotlinx.collections.immutable.implementations.immutableSet.TrieNode$Companion: loaded 2 times (x 71B)
Class org.jetbrains.kotlin.com.intellij.util.pico.PicoInitializationException         : loaded 2 times (x 82B)
Class org.jetbrains.kotlin.com.intellij.psi.impl.source.tree.LeafElement              : loaded 2 times (x 204B)
Class [Lorg.jetbrains.kotlin.com.intellij.openapi.vfs.VirtualFileSystem;              : loaded 2 times (x 69B)
Class org.jetbrains.kotlin.com.intellij.openapi.vfs.VirtualFileManagerListener        : loaded 2 times (x 70B)
Class org.jetbrains.kotlin.com.intellij.util.text.CharArrayCharSequence               : loaded 2 times (x 99B)
Class org.jetbrains.kotlin.com.intellij.openapi.diagnostic.Logger                     : loaded 2 times (x 99B)
Class org.jetbrains.kotlin.com.intellij.openapi.util.SystemInfoRt                     : loaded 2 times (x 71B)
Class org.jetbrains.kotlin.config.CommonConfigurationKeys                             : loaded 2 times (x 71B)
Class kotlin.jvm.internal.Lambda                                                      : loaded 2 times (x 75B)
Class [Lkotlin.reflect.KDeclarationContainer;                                         : loaded 2 times (x 69B)
Class kotlin.collections.MapsKt__MapsKt                                               : loaded 2 times (x 71B)
Class org.jetbrains.kotlin.cli.common.arguments.Freezable                             : loaded 2 times (x 72B)
Class org.objectweb.asm.SymbolTable$Entry                                             : loaded 2 times (x 74B)
Class com.google.common.util.concurrent.AbstractFuture$AtomicHelper                   : loaded 2 times (x 78B)
Class org.jetbrains.kotlin.descriptors.SourceElement                                  : loaded 2 times (x 70B)
Class org.jetbrains.kotlin.codegen.optimization.nullCheck.Nullability                 : loaded 2 times (x 79B)
Class org.jetbrains.kotlin.backend.jvm.codegen.FunctionCodegen$generateParameterAnnotations$annotationCodegen$1: loaded 2 times (x 75B)
Class org.jetbrains.kotlin.codegen.optimization.common.InstructionLivenessAnalyzer    : loaded 2 times (x 72B)
Class org.jetbrains.org.objectweb.asm.tree.analysis.Frame                             : loaded 2 times (x 88B)
Class org.jetbrains.kotlin.descriptors.impl.AbstractClassDescriptor$3                 : loaded 2 times (x 77B)
Class org.jetbrains.kotlin.backend.common.lower.loops.ForLoopsLowering$lower$1        : loaded 2 times (x 501B)
Class org.jetbrains.kotlin.backend.common.lower.loops.handlers.DefaultSequenceHandler : loaded 2 times (x 80B)
Class org.jetbrains.kotlin.backend.jvm.intrinsics.ThrowException                      : loaded 2 times (x 74B)
Class org.jetbrains.kotlin.builtins.UnsignedArrayType                                 : loaded 2 times (x 79B)
Class org.jetbrains.kotlin.backend.jvm.NameableMfvcNode                               : loaded 2 times (x 70B)
Class org.jetbrains.kotlin.backend.jvm.extensions.ClassBuilderExtensionAdapter        : loaded 2 times (x 71B)
Class org.jetbrains.kotlin.codegen.intrinsics.Java8UIntRemainder                      : loaded 2 times (x 79B)
Class org.jetbrains.org.objectweb.asm.ClassWriter                                     : loaded 2 times (x 104B)
Class org.jetbrains.kotlin.backend.jvm.JvmLoweredDeclarationOrigin                    : loaded 2 times (x 71B)
Class org.jetbrains.kotlin.resolve.descriptorUtil.DescriptorUtilsKt                   : loaded 2 times (x 71B)
Class org.jetbrains.kotlin.ir.declarations.IrDeclarationWithName                      : loaded 2 times (x 70B)
Class org.jetbrains.kotlin.types.TypeApproximatorConfiguration$IncorporationConfiguration: loaded 2 times (x 88B)
Class org.jetbrains.kotlin.load.kotlin.JvmPackagePartSource                           : loaded 2 times (x 85B)
Class org.jetbrains.kotlin.load.kotlin.FileBasedKotlinClass$3                         : loaded 2 times (x 77B)
Class [Lorg.jetbrains.kotlin.com.intellij.psi.PsiFileSystemItem;                      : loaded 2 times (x 69B)
Class org.jetbrains.kotlin.it.unimi.dsi.fastutil.objects.AbstractObjectList           : loaded 2 times (x 287B)
Class [Lorg.jetbrains.kotlin.com.intellij.psi.PsiElementFinder;                       : loaded 2 times (x 69B)
Class org.jetbrains.kotlin.resolve.checkers.MissingDependencyClassChecker$ClassifierUsage: loaded 2 times (x 74B)
Class org.jetbrains.kotlin.resolve.calls.checkers.NamedFunAsExpressionChecker         : loaded 2 times (x 74B)
Class [Lorg.jetbrains.kotlin.psi.KtSuperTypeList;                                     : loaded 2 times (x 69B)
Class [Lorg.jetbrains.kotlin.com.intellij.extapi.psi.ASTDelegatePsiElement;           : loaded 2 times (x 69B)
Class org.jetbrains.kotlin.psi.stubs.elements.KtStubElementTypes                      : loaded 2 times (x 70B)
Class [Lorg.jetbrains.kotlin.lexer.KtToken;                                           : loaded 2 times (x 69B)
Class org.jetbrains.kotlin.psi.KtNamedDeclarationStub                                 : loaded 2 times (x 912B)
Class org.jetbrains.kotlin.metadata.ProtoBuf$Property$1                               : loaded 2 times (x 144B)
Class org.jetbrains.kotlin.metadata.ProtoBuf$Type                                     : loaded 2 times (x 145B)
Class org.jetbrains.kotlin.metadata.ProtoBuf$Class                                    : loaded 2 times (x 180B)
Class [Lorg.jetbrains.kotlin.com.intellij.serviceContainer.BaseKeyedLazyInstance;     : loaded 2 times (x 69B)
Class org.jetbrains.kotlin.cli.jvm.compiler.CliKotlinAsJavaSupport                    : loaded 2 times (x 104B)
Class org.jetbrains.kotlin.com.intellij.psi.PsiJavaCodeReferenceElement               : loaded 2 times (x 70B)
Class org.jetbrains.kotlin.com.intellij.diagnostic.ImplementationConflictException    : loaded 2 times (x 82B)
Class org.jetbrains.kotlin.com.intellij.openapi.command.CommandListener               : loaded 2 times (x 70B)
Class org.jetbrains.kotlin.com.intellij.openapi.progress.Task$Backgroundable          : loaded 2 times (x 89B)
Class org.jetbrains.kotlin.com.intellij.openapi.util.text.StringUtilRt                : loaded 2 times (x 71B)
Class org.jetbrains.kotlin.backend.jvm.lower.JvmLocalDeclarationsLowering             : loaded 2 times (x 88B)
Class org.jetbrains.kotlin.ir.declarations.IrSymbolOwner                              : loaded 2 times (x 70B)
Class org.jetbrains.kotlin.config.CommonConfigurationKeysKt                           : loaded 2 times (x 71B)
Class org.jetbrains.kotlin.com.google.common.collect.MapDifference                    : loaded 2 times (x 70B)
Class kotlin.jvm.internal.markers.KMutableMap$Entry                                   : loaded 2 times (x 70B)
Class Build_gradle$2$1                                                                : loaded 2 times (x 78B)
Class org.objectweb.asm.Edge                                                          : loaded 2 times (x 72B)
Class com.google.common.base.Suppliers$SupplierOfInstance                             : loaded 2 times (x 79B)
Class com.google.common.collect.Iterators$1                                           : loaded 2 times (x 81B)
Class org.jetbrains.kotlin.com.intellij.util.containers.LinkedCustomHashMap$EntrySet$1: loaded 2 times (x 84B)
Class org.jetbrains.kotlin.codegen.optimization.boxing.TaintedBoxedValue              : loaded 2 times (x 80B)
Class org.jetbrains.kotlin.codegen.inline.MethodInliner$prepareNode$transformationVisitor$1: loaded 2 times (x 188B)
Class org.jetbrains.kotlin.codegen.optimization.common.StrictBasicValue               : loaded 2 times (x 78B)
Class org.jetbrains.kotlin.load.java.SpecialBuiltinMembers                            : loaded 2 times (x 71B)
Class org.jetbrains.kotlin.codegen.optimization.RedundantCheckCastEliminationMethodTransformer: loaded 2 times (x 72B)
Class org.jetbrains.kotlin.codegen.optimization.LabelNormalizationMethodTransformer   : loaded 2 times (x 72B)
Class [Lorg.jetbrains.kotlin.codegen.optimization.transformer.MethodTransformer;      : loaded 2 times (x 69B)
Class [Lorg.jetbrains.kotlin.resolve.jvm.diagnostics.RawSignature;                    : loaded 2 times (x 69B)
Class org.jetbrains.kotlin.descriptors.PropertySetterDescriptor                       : loaded 2 times (x 70B)
Class org.jetbrains.kotlin.backend.common.lower.Closure                               : loaded 2 times (x 72B)
Class org.jetbrains.kotlin.types.model.TypeSystemInferenceExtensionContextDelegate    : loaded 2 times (x 70B)
Class org.jetbrains.kotlin.diagnostics.DiagnosticSink$1                               : loaded 2 times (x 81B)
Class org.jetbrains.kotlin.types.TypeConstructor                                      : loaded 2 times (x 70B)
Class org.jetbrains.kotlin.ir.declarations.IrVariable                                 : loaded 2 times (x 139B)
Class org.jetbrains.kotlin.serialization.deserialization.descriptors.DeserializedMemberScope$OptimizedImplementation: loaded 2 times (x 81B)
Class org.jetbrains.kotlin.renderer.DescriptorRendererOptions                         : loaded 2 times (x 70B)
Class org.jetbrains.kotlin.descriptors.deserialization.AdditionalClassPartsProvider   : loaded 2 times (x 70B)
Class [Lorg.jetbrains.kotlin.backend.common.extensions.IrGenerationExtension;         : loaded 2 times (x 69B)
Class org.jetbrains.kotlin.ir.symbols.impl.IrSymbolWithSignature                      : loaded 2 times (x 83B)
Class org.jetbrains.kotlin.diagnostics.PositioningStrategies$USELESS_ELVIS$1          : loaded 2 times (x 74B)
Class org.jetbrains.kotlin.resolve.calls.inference.model.NewConstraintSystemImpl      : loaded 2 times (x 1349B)
Class org.jetbrains.kotlin.load.kotlin.FileBasedKotlinClass$4                         : loaded 2 times (x 87B)
Class [Lorg.jetbrains.kotlin.com.google.common.collect.ImmutableMapEntry;             : loaded 2 times (x 69B)
Class kotlin.properties.Delegates                                                     : loaded 2 times (x 71B)
Class org.jetbrains.kotlin.psi.KtQualifiedExpression                                  : loaded 2 times (x 70B)
Class org.jetbrains.kotlin.psi.stubs.KotlinTypeProjectionStub                         : loaded 2 times (x 70B)
Class org.jetbrains.kotlin.psi.stubs.KotlinModifierListStub                           : loaded 2 times (x 70B)
Class [Lorg.jetbrains.kotlin.psi.KtClassBody;                                         : loaded 2 times (x 69B)
Class org.jetbrains.kotlin.psi.KtValVarKeywordOwner                                   : loaded 2 times (x 70B)
Class org.jetbrains.kotlin.kdoc.lexer.KDocToken                                       : loaded 2 times (x 75B)
Class org.jetbrains.kotlin.resolve.calls.checkers.SafeCallChecker                     : loaded 2 times (x 74B)
Class org.jetbrains.kotlin.psi.KtExpression                                           : loaded 2 times (x 70B)
Class org.jetbrains.kotlin.types.AbstractTypeApproximator                             : loaded 2 times (x 648B)
Class org.jetbrains.kotlin.util.ArrayMap                                              : loaded 2 times (x 83B)
Class org.jetbrains.kotlin.cli.common.extensions.ReplFactoryExtension                 : loaded 2 times (x 70B)
Class org.jetbrains.kotlin.com.intellij.psi.PsiImportHolder                           : loaded 2 times (x 70B)
Class org.jetbrains.kotlin.com.intellij.openapi.roots.LanguageLevelProjectExtension   : loaded 2 times (x 73B)
Class org.jetbrains.kotlin.com.intellij.openapi.fileTypes.CharsetUtil                 : loaded 2 times (x 71B)
Class org.jetbrains.kotlin.org.codehaus.stax2.typed.TypedValueDecoder                 : loaded 2 times (x 73B)
Class kotlinx.coroutines.ExecutorCoroutineDispatcher$Key$1                            : loaded 2 times (x 78B)
Class [Lorg.jetbrains.kotlin.com.intellij.util.xml.dom.XmlInterner;                   : loaded 2 times (x 69B)
Class org.jetbrains.kotlin.com.intellij.pom.PomTarget                                 : loaded 2 times (x 70B)
Class org.jetbrains.kotlin.com.intellij.psi.javadoc.PsiDocTagValue                    : loaded 2 times (x 70B)
Class org.jetbrains.kotlin.com.intellij.psi.PsiPlainText                              : loaded 2 times (x 70B)
Class org.jetbrains.kotlin.backend.jvm.lower.GenerateMultifileFacades                 : loaded 2 times (x 75B)
Class org.jetbrains.kotlin.backend.jvm.lower.FragmentSharedVariablesLowering          : loaded 2 times (x 518B)
Class org.jetbrains.kotlin.backend.jvm.lower.JvmOptimizationLowering                  : loaded 2 times (x 80B)
Class org.jetbrains.kotlin.backend.jvm.JvmLoweringPhasesKt$jvmFilePhases$60           : loaded 2 times (x 125B)
Class org.jetbrains.kotlin.backend.common.lower.InnerClassesLowering                  : loaded 2 times (x 88B)
Class org.jetbrains.kotlin.config.IrVerificationMode$Companion                        : loaded 2 times (x 71B)
Class kotlin.Metadata                                                                 : loaded 2 times (x 70B)
Class kotlin.collections.AbstractMutableSet                                           : loaded 2 times (x 142B)
Class kotlin.UninitializedPropertyAccessException                                     : loaded 2 times (x 82B)
Class Build_gradle$2$2                                                                : loaded 2 times (x 78B)
Class com.google.common.cache.LocalCache$ComputingValueReference                      : loaded 2 times (x 96B)
Class com.google.common.collect.SingletonImmutableSet                                 : loaded 2 times (x 146B)
Class com.google.common.collect.ImmutableMap$IteratorBasedImmutableMap                : loaded 2 times (x 125B)
Class org.jetbrains.kotlin.descriptors.EffectiveVisibility$PrivateInClass             : loaded 2 times (x 75B)
Class org.jetbrains.kotlin.codegen.inline.coroutines.CoroutineTransformer$Companion   : loaded 2 times (x 71B)
Class org.jetbrains.kotlin.types.NullableSimpleType                                   : loaded 2 times (x 96B)
Class org.jetbrains.kotlin.types.TypeConstructorSubstitution$Companion                : loaded 2 times (x 71B)
Class org.jetbrains.kotlin.types.TypeConstructorSubstitution                          : loaded 2 times (x 78B)
Class org.jetbrains.kotlin.backend.jvm.codegen.IrFrameMap                             : loaded 2 times (x 75B)
Class org.jetbrains.kotlin.backend.jvm.codegen.CoroutineCodegenKt                     : loaded 2 times (x 71B)
Class org.jetbrains.kotlin.types.error.ErrorClassDescriptor                           : loaded 2 times (x 269B)
Class org.jetbrains.org.objectweb.asm.tree.LocalVariableNode                          : loaded 2 times (x 73B)
Class org.jetbrains.kotlin.backend.jvm.intrinsics.StringGetChar                       : loaded 2 times (x 73B)
Class org.jetbrains.kotlin.backend.jvm.intrinsics.JvmDebuggerInvokeSpecial            : loaded 2 times (x 73B)
Class org.jetbrains.kotlin.codegen.StackValue$Field                                   : loaded 2 times (x 89B)
Class org.jetbrains.kotlin.codegen.intrinsics.Not                                     : loaded 2 times (x 78B)
Class org.jetbrains.kotlin.diagnostics.DiagnosticSink$2                               : loaded 2 times (x 81B)
Class org.jetbrains.kotlin.codegen.CodegenFactory$Companion                           : loaded 2 times (x 71B)
Class org.jetbrains.kotlin.ir.expressions.impl.IrBlockBodyImpl                        : loaded 2 times (x 92B)
Class [Lorg.jetbrains.kotlin.ir.expressions.IrVarargElement;                          : loaded 2 times (x 69B)
Class org.jetbrains.kotlin.serialization.deserialization.ContractDeserializer         : loaded 2 times (x 70B)
Class org.jetbrains.kotlin.descriptors.annotations.AnnotatedImpl                      : loaded 2 times (x 76B)
Class org.jetbrains.kotlin.resolve.calls.inference.model.ConstraintKind               : loaded 2 times (x 79B)
Class org.jetbrains.kotlin.metadata.jvm.JvmProtoBuf$JvmMethodSignatureOrBuilder       : loaded 2 times (x 70B)
Class org.jetbrains.kotlin.parsing.KotlinExpressionParsing$Precedence$1               : loaded 2 times (x 81B)
Class org.jetbrains.kotlin.parsing.AbstractTokenStreamPredicate                       : loaded 2 times (x 77B)
Class org.jetbrains.kotlin.resolve.checkers.PlatformDiagnosticSuppressor              : loaded 2 times (x 70B)
Class org.jetbrains.kotlin.resolve.calls.checkers.CoroutineSuspendCallChecker         : loaded 2 times (x 74B)
Class org.jetbrains.kotlin.descriptors.DeclarationDescriptorWithSource                : loaded 2 times (x 70B)
Class [Lorg.jetbrains.kotlin.psi.KtStringTemplateEntryWithExpression;                 : loaded 2 times (x 69B)
Class org.jetbrains.kotlin.psi.KtTypeProjection                                       : loaded 2 times (x 584B)
Class org.jetbrains.kotlin.metadata.ProtoBuf$Annotation$Argument                      : loaded 2 times (x 108B)
Class org.jetbrains.kotlin.protobuf.GeneratedMessageLite$Builder                      : loaded 2 times (x 128B)
Class org.jetbrains.kotlin.protobuf.WireFormat$FieldType$1                            : loaded 2 times (x 83B)
Class org.jetbrains.kotlin.protobuf.ByteString                                        : loaded 2 times (x 108B)
Class org.jetbrains.kotlin.metadata.ProtoBuf$Class$Kind                               : loaded 2 times (x 82B)
Class org.jetbrains.kotlin.com.intellij.util.containers.SLRUMap                       : loaded 2 times (x 82B)
Class org.jetbrains.kotlin.com.intellij.psi.PsiType                                   : loaded 2 times (x 100B)
Class org.jetbrains.kotlin.com.intellij.psi.search.SearchScope                        : loaded 2 times (x 77B)
Class org.jetbrains.kotlin.com.intellij.psi.impl.DocumentCommitProcessor              : loaded 2 times (x 70B)
Class org.jetbrains.kotlin.org.codehaus.stax2.ri.typed.ValueDecoderFactory            : loaded 2 times (x 72B)
Class [Lorg.jetbrains.kotlin.com.intellij.ide.plugins.ActionDescriptorName;           : loaded 2 times (x 69B)
Class org.jetbrains.kotlin.com.intellij.ide.plugins.DescriptorListLoadingContext      : loaded 2 times (x 79B)
Class org.jetbrains.kotlin.com.intellij.psi.FileContextProvider                       : loaded 2 times (x 74B)
Class org.jetbrains.kotlin.com.intellij.lang.folding.CustomFoldingBuilder             : loaded 2 times (x 75B)
Class org.jetbrains.kotlin.com.intellij.lang.jvm.JvmElement                           : loaded 2 times (x 70B)
Class org.jetbrains.kotlin.com.intellij.core.CoreJavaDirectoryService                 : loaded 2 times (x 85B)
Class org.jetbrains.kotlin.com.intellij.psi.impl.source.JavaLightStubBuilder          : loaded 2 times (x 80B)
Class org.jetbrains.kotlin.com.intellij.util.containers.ContainerUtil$9               : loaded 2 times (x 80B)
Class org.jetbrains.kotlin.backend.jvm.JvmLoweringPhasesKt$jvmFilePhases$61           : loaded 2 times (x 125B)
Class kotlin.reflect.KProperty$Getter                                                 : loaded 2 times (x 70B)
Class org.jetbrains.kotlin.load.java.SpecialGenericSignatures                         : loaded 2 times (x 71B)
Class com.google.common.cache.LocalCache$Segment                                      : loaded 2 times (x 154B)
Class org.jetbrains.kotlin.com.intellij.lexer.LexerPosition                           : loaded 2 times (x 70B)
Class org.jetbrains.kotlin.codegen.optimization.boxing.BoxingFrame                    : loaded 2 times (x 88B)
Class org.jetbrains.kotlin.codegen.inline.LocalVarRemapper$RemapInfo                  : loaded 2 times (x 72B)
Class org.jetbrains.kotlin.codegen.coroutines.UninitializedStoresProcessor$UninitializedNewValueMarkerInterpreter: loaded 2 times (x 94B)
Class org.jetbrains.kotlin.it.unimi.dsi.fastutil.ints.AbstractInt2IntMap              : loaded 2 times (x 220B)
Class org.jetbrains.kotlin.codegen.FrameMapBase                                       : loaded 2 times (x 75B)
Class org.jetbrains.kotlin.descriptors.FunctionDescriptor$CopyBuilder                 : loaded 2 times (x 70B)
Class org.jetbrains.kotlin.backend.common.lower.LocalDeclarationsLowering$LocalClassMemberContext: loaded 2 times (x 73B)
Class org.jetbrains.kotlin.codegen.inline.SMAPAndMethodNode                           : loaded 2 times (x 72B)
Class org.jetbrains.kotlin.descriptors.VariableDescriptorWithAccessors                : loaded 2 times (x 70B)
Class org.jetbrains.kotlin.codegen.intrinsics.ArrayOf                                 : loaded 2 times (x 78B)
Class org.jetbrains.kotlin.com.intellij.util.CachedValueImpl                          : loaded 2 times (x 92B)
Class org.jetbrains.kotlin.ir.util.DescriptorsRemapper                                : loaded 2 times (x 70B)
Class org.jetbrains.kotlin.ir.builders.IrGenerator                                    : loaded 2 times (x 70B)
Class org.jetbrains.kotlin.backend.common.CompilationException                        : loaded 2 times (x 82B)
Class org.jetbrains.kotlin.ir.interpreter.exceptions.InterpreterError                 : loaded 2 times (x 82B)
Class org.jetbrains.kotlin.diagnostics.PositioningStrategies$COMMAS$1                 : loaded 2 times (x 74B)
Class [Lorg.jetbrains.kotlin.diagnostics.Severity;                                    : loaded 2 times (x 69B)
Class org.jetbrains.kotlin.diagnostics.Severity                                       : loaded 2 times (x 79B)
Class org.jetbrains.kotlin.resolve.calls.inference.model.MutableVariableWithConstraints: loaded 2 times (x 77B)
Class org.jetbrains.kotlin.types.AbstractStrictEqualityTypeChecker                    : loaded 2 times (x 71B)
Class org.jetbrains.kotlin.parsing.KotlinExpressionParsing$Precedence$2               : loaded 2 times (x 81B)
Class org.jetbrains.kotlin.com.google.common.collect.ImmutableMapEntry                : loaded 2 times (x 85B)
Class org.jetbrains.kotlin.com.intellij.lexer.FlexLexer                               : loaded 2 times (x 70B)
Class org.jetbrains.kotlin.builtins.PrimitiveType$Companion                           : loaded 2 times (x 71B)
Class org.jetbrains.kotlin.container.ClassInfo                                        : loaded 2 times (x 72B)
Class org.jetbrains.kotlin.descriptors.CallableMemberDescriptor                       : loaded 2 times (x 70B)
Class org.jetbrains.kotlin.psi.KtCatchClause                                          : loaded 2 times (x 379B)
Class org.jetbrains.kotlin.psi.stubs.KotlinScriptStub                                 : loaded 2 times (x 70B)
Class [Lorg.jetbrains.kotlin.psi.KtDelegatedSuperTypeEntry;                           : loaded 2 times (x 69B)
Class org.jetbrains.kotlin.psi.stubs.KotlinObjectStub                                 : loaded 2 times (x 70B)
Class org.jetbrains.kotlin.psi.stubs.elements.KtAnnotationUseSiteTargetElementType    : loaded 2 times (x 100B)
Class org.jetbrains.kotlin.psi.stubs.elements.KtClassElementType                      : loaded 2 times (x 106B)
Class org.jetbrains.kotlin.load.kotlin.VirtualFileFinderFactory$SERVICE               : loaded 2 times (x 71B)
Class org.jetbrains.kotlin.protobuf.UnmodifiableLazyStringList$2                      : loaded 2 times (x 83B)
Class org.jetbrains.kotlin.metadata.ProtoBuf$TypeParameter                            : loaded 2 times (x 130B)
Class org.jetbrains.kotlin.metadata.ProtoBuf$ValueParameter$1                         : loaded 2 times (x 144B)
Class [Lorg.jetbrains.kotlin.protobuf.WireFormat$FieldType;                           : loaded 2 times (x 69B)
Class org.jetbrains.kotlin.protobuf.WireFormat$FieldType$2                            : loaded 2 times (x 83B)
Class org.jetbrains.kotlin.extensions.ProcessSourcesBeforeCompilingExtension          : loaded 2 times (x 70B)
Class org.jetbrains.kotlin.com.intellij.util.containers.ConcurrentSoftHashMap         : loaded 2 times (x 154B)
Class org.jetbrains.kotlin.com.intellij.mock.MockResolveScopeManager                  : loaded 2 times (x 75B)
Class org.jetbrains.kotlin.com.intellij.openapi.extensions.ExtensionPointAndAreaListener: loaded 2 times (x 70B)
Class org.jetbrains.kotlin.com.intellij.openapi.progress.Task$WithResult              : loaded 2 times (x 85B)
Class [Lorg.jetbrains.kotlin.com.intellij.openapi.fileTypes.FileType;                 : loaded 2 times (x 69B)
Class org.jetbrains.kotlin.com.intellij.lang.LanguageExtension                        : loaded 2 times (x 96B)
Class org.jetbrains.kotlin.com.intellij.core.CoreFileTypeRegistry                     : loaded 2 times (x 81B)
Class org.jetbrains.kotlin.cli.jvm.compiler.KotlinCoreEnvironment                     : loaded 2 times (x 72B)
Class org.jetbrains.kotlin.it.unimi.dsi.fastutil.objects.ObjectSpliterator            : loaded 2 times (x 70B)
Class [Lorg.jetbrains.kotlin.config.JvmSerializeIrMode;                               : loaded 2 times (x 69B)
Class org.jetbrains.kotlin.backend.jvm.JvmLoweringPhasesKt$jvmFilePhases$62           : loaded 2 times (x 125B)
Class org.jetbrains.kotlin.backend.common.LoggingContext                              : loaded 2 times (x 70B)
Class org.jetbrains.kotlin.it.unimi.dsi.fastutil.objects.Object2ObjectFunction        : loaded 2 times (x 70B)
Class [Lorg.jetbrains.kotlin.config.LanguageFeature$State;                            : loaded 2 times (x 69B)
Class kotlin.SafePublicationLazyImpl                                                  : loaded 2 times (x 76B)
Class [Lorg.jetbrains.kotlin.config.IrVerificationMode;                               : loaded 2 times (x 69B)
Class org.jetbrains.kotlin.com.google.common.collect.ImmutableEntry                   : loaded 2 times (x 82B)
Class kotlin.reflect.jvm.internal.ReflectProperties                                   : loaded 2 times (x 71B)
Class org.jetbrains.kotlin.utils.DescriptionAware                                     : loaded 2 times (x 70B)
Class com.google.common.collect.SortedIterable                                        : loaded 2 times (x 70B)
Class [Lorg.objectweb.asm.SymbolTable$Entry;                                          : loaded 2 times (x 69B)
Class com.google.common.cache.CacheLoader                                             : loaded 2 times (x 74B)
Class com.google.common.collect.Iterators$4                                           : loaded 2 times (x 82B)
Class com.google.common.collect.ImmutableBiMap                                        : loaded 2 times (x 143B)
Class com.google.common.collect.AbstractListMultimap                                  : loaded 2 times (x 172B)
Class org.gradle.internal.installation.GradleInstallation$1                           : loaded 2 times (x 75B)
Class org.gradle.api.internal.classpath.ModuleRegistry                                : loaded 2 times (x 70B)
Class org.jetbrains.kotlin.com.intellij.lang.impl.PsiBuilderImpl$Node                 : loaded 2 times (x 70B)
Class org.jetbrains.kotlin.codegen.inline.FieldRemapper                               : loaded 2 times (x 79B)
Class org.jetbrains.kotlin.codegen.optimization.DeadCodeEliminationMethodTransformer  : loaded 2 times (x 72B)
Class org.jetbrains.kotlin.resolve.jvm.jvmSignature.JvmMethodSignature                : loaded 2 times (x 75B)
Class org.jetbrains.kotlin.backend.common.lower.LocalClassPopupLowering$lower$1       : loaded 2 times (x 510B)
Class org.jetbrains.kotlin.backend.common.lower.LocalDeclarationsLowering$LocalContextWithClosureAsParameters: loaded 2 times (x 75B)
Class org.jetbrains.kotlin.backend.jvm.intrinsics.ArrayGet                            : loaded 2 times (x 73B)
Class org.jetbrains.kotlin.backend.jvm.intrinsics.IrNoWhenBranchMatchedException      : loaded 2 times (x 73B)
Class org.jetbrains.kotlin.backend.common.IrValidationContext                         : loaded 2 times (x 70B)
Class org.jetbrains.kotlin.descriptors.InlineClassRepresentation                      : loaded 2 times (x 75B)
Class org.jetbrains.kotlin.ir.util.NameProvider$DEFAULT                               : loaded 2 times (x 74B)
Class org.jetbrains.kotlin.ir.symbols.IrAnonymousInitializerSymbol                    : loaded 2 times (x 70B)
Class org.jetbrains.kotlin.ir.declarations.impl.IrTypeParameterImpl                   : loaded 2 times (x 131B)
Class [Lorg.jetbrains.kotlin.diagnostics.rendering.LanguageFeatureMessageRenderer$Type;: loaded 2 times (x 69B)
Class org.jetbrains.kotlin.diagnostics.PositioningStrategies$CALL_EXPRESSION$1        : loaded 2 times (x 74B)
Class org.jetbrains.kotlin.diagnostics.PositioningStrategies$WHEN_EXPRESSION$1        : loaded 2 times (x 74B)
Class [Lorg.jetbrains.kotlin.types.TypeCheckerState$LowerCapturedTypePolicy;          : loaded 2 times (x 69B)
Class org.jetbrains.org.objectweb.asm.AnnotationVisitor                               : loaded 2 times (x 77B)
Class org.jetbrains.kotlin.parsing.BindAll                                            : loaded 2 times (x 74B)
Class org.jetbrains.kotlin.parsing.KotlinExpressionParsing$Precedence$3               : loaded 2 times (x 81B)
Class org.jetbrains.kotlin.com.google.common.collect.RegularImmutableMap$BucketOverflowException: loaded 2 times (x 82B)
Class org.jetbrains.kotlin.psi.KtStatementExpression                                  : loaded 2 times (x 70B)
Class org.jetbrains.kotlin.resolve.calls.inference.components.PostponedArgumentInputTypesResolver$Companion: loaded 2 times (x 71B)
Class org.jetbrains.kotlin.util.AbstractArrayMapOwner$AbstractArrayMapAccessor        : loaded 2 times (x 71B)
Class org.jetbrains.kotlin.protobuf.WireFormat$FieldType$3                            : loaded 2 times (x 83B)
Class org.jetbrains.kotlin.psi.KtDeclarationContainer                                 : loaded 2 times (x 70B)
Class org.jetbrains.kotlin.cli.jvm.modules.JavaModuleGraph                            : loaded 2 times (x 72B)
Class org.jetbrains.kotlin.com.intellij.util.containers.ImmutableList$SubList         : loaded 2 times (x 199B)
Class org.jetbrains.kotlin.utils.PlatformUtilsKt                                      : loaded 2 times (x 71B)
Class org.jetbrains.kotlin.com.intellij.pom.java.LanguageLevel                        : loaded 2 times (x 80B)
Class org.jetbrains.kotlin.com.intellij.psi.PsiExpression                             : loaded 2 times (x 70B)
Class org.jetbrains.kotlin.com.intellij.psi.PsiTypeElement                            : loaded 2 times (x 70B)
Class org.jetbrains.kotlin.com.intellij.psi.search.impl.VirtualFileEnumeration        : loaded 2 times (x 70B)
Class org.jetbrains.kotlin.com.intellij.psi.search.EverythingGlobalScope              : loaded 2 times (x 96B)
Class org.jetbrains.kotlin.com.intellij.openapi.vfs.InvalidVirtualFileAccessException : loaded 2 times (x 82B)
Class [Lorg.jetbrains.kotlin.com.intellij.openapi.util.LowMemoryWatcher$LowMemoryWatcherType;: loaded 2 times (x 69B)
Class org.jetbrains.kotlin.com.intellij.ide.plugins.ContainerDescriptor               : loaded 2 times (x 72B)
Class org.jetbrains.kotlin.com.intellij.core.CorePsiPackageImplementationHelper       : loaded 2 times (x 77B)
Class org.jetbrains.kotlin.com.intellij.psi.stubs.ObjectStubSerializer                : loaded 2 times (x 70B)
Class org.jetbrains.kotlin.com.intellij.psi.PsiFragment                               : loaded 2 times (x 70B)
Class org.jetbrains.kotlin.com.intellij.psi.PsiReferenceContributor                   : loaded 2 times (x 76B)
Class org.jetbrains.kotlin.com.intellij.psi.stubs.BinaryFileStubBuilders              : loaded 2 times (x 90B)
Class org.jetbrains.kotlin.com.intellij.openapi.application.ex.ApplicationEx          : loaded 2 times (x 70B)
Class org.jetbrains.kotlin.cli.jvm.compiler.KotlinCoreApplicationEnvironmentMode      : loaded 2 times (x 70B)
Class org.jetbrains.kotlin.cli.jvm.modules.CoreJrtFileSystem                          : loaded 2 times (x 101B)
Class org.jetbrains.kotlin.backend.jvm.JvmLoweringPhasesKt$jvmFilePhases$63           : loaded 2 times (x 125B)
Class org.jetbrains.kotlin.backend.jvm.lower.JvmInnerClassesLowering                  : loaded 2 times (x 88B)
Class org.jetbrains.kotlin.backend.common.lower.EnumWhenLowering                      : loaded 2 times (x 522B)
Class org.jetbrains.kotlin.backend.common.phaser.PhaseBuildersKt                      : loaded 2 times (x 71B)
Class org.jetbrains.kotlin.storage.SimpleLock$Companion                               : loaded 2 times (x 71B)
Class com.google.common.util.concurrent.internal.InternalFutureFailureAccess          : loaded 2 times (x 72B)
Class com.google.common.collect.Iterators$5                                           : loaded 2 times (x 82B)
Class com.google.common.collect.ImmutableSet$JdkBackedSetBuilderImpl                  : loaded 2 times (x 76B)
Class com.google.common.base.Splitter$SplittingIterator                               : loaded 2 times (x 84B)
Class org.jetbrains.org.objectweb.asm.tree.analysis.SourceValue                       : loaded 2 times (x 76B)
Class org.jetbrains.kotlin.it.unimi.dsi.fastutil.ints.Int2IntOpenHashMap              : loaded 2 times (x 224B)
Class org.jetbrains.kotlin.backend.jvm.JvmIrCodegenFactory$JvmIrCodegenInput          : loaded 2 times (x 75B)
Class [Lorg.jetbrains.kotlin.ir.declarations.IrMutableAnnotationContainer;            : loaded 2 times (x 69B)
Class org.jetbrains.kotlin.resolve.jvm.AsmTypes                                       : loaded 2 times (x 71B)
Class kotlin.reflect.jvm.internal.KMutableProperty2Impl                               : loaded 2 times (x 135B)
Class org.jetbrains.kotlin.codegen.intrinsics.TrimIndent                              : loaded 2 times (x 78B)
Class org.jetbrains.kotlin.codegen.state.KotlinTypeMapperBase                         : loaded 2 times (x 74B)
Class org.jetbrains.kotlin.resolve.diagnostics.MutableDiagnosticsWithSuppression      : loaded 2 times (x 98B)
Class org.jetbrains.kotlin.ir.interpreter.UtilsKt                                     : loaded 2 times (x 71B)
Class org.jetbrains.kotlin.ir.interpreter.DefaultCallInterceptor                      : loaded 2 times (x 83B)
Class org.jetbrains.kotlin.ir.interpreter.IrInterpreterEnvironment                    : loaded 2 times (x 72B)
Class org.jetbrains.kotlin.platform.jvm.JvmPlatformKt                                 : loaded 2 times (x 71B)
Class org.jetbrains.kotlin.serialization.deserialization.FlexibleTypeDeserializer     : loaded 2 times (x 70B)
Class org.jetbrains.kotlin.descriptors.PackageFragmentDescriptor                      : loaded 2 times (x 70B)
Class org.jetbrains.kotlin.resolve.calls.inference.components.ConstraintInjector$TypeCheckerStateForConstraintInjector$addNewIncorporatedConstraint$2: loaded 2 times (x 125B)
Class [Lkotlin.jvm.internal.markers.KMappedMarker;                                    : loaded 2 times (x 69B)
Class org.jetbrains.kotlin.resolve.calls.results.TypeWithConversion                   : loaded 2 times (x 72B)
Class org.jetbrains.kotlin.metadata.ProtoBuf$VersionRequirement$Level                 : loaded 2 times (x 82B)
Class org.jetbrains.kotlin.metadata.ProtoBuf$VersionRequirementOrBuilder              : loaded 2 times (x 70B)
Class org.jetbrains.kotlin.metadata.jvm.JvmProtoBuf$JvmMethodSignature$1              : loaded 2 times (x 144B)
Class org.jetbrains.kotlin.load.kotlin.FileBasedKotlinClass$3$1                       : loaded 2 times (x 77B)
Class org.jetbrains.kotlin.descriptors.Visibilities$Internal                          : loaded 2 times (x 79B)
Class [Lorg.jetbrains.org.objectweb.asm.Type;                                         : loaded 2 times (x 69B)
Class org.jetbrains.kotlin.load.java.structure.impl.source.JavaElementSourceFactory$Companion: loaded 2 times (x 71B)
Class org.jetbrains.kotlin.types.model.IntersectionTypeConstructorMarker              : loaded 2 times (x 70B)
Class org.jetbrains.kotlin.load.java.SpecialGenericSignatures$Companion               : loaded 2 times (x 71B)
Class org.jetbrains.kotlin.mpp.TypeAliasSymbolMarker                                  : loaded 2 times (x 70B)
Class org.jetbrains.kotlin.resolve.calls.checkers.BuilderInferenceAssignmentChecker   : loaded 2 times (x 74B)
Class org.jetbrains.kotlin.psi.KtAnnotationUseSiteTarget                              : loaded 2 times (x 443B)
Class [Lorg.jetbrains.kotlin.psi.KtPrimaryConstructor;                                : loaded 2 times (x 69B)
Class [Lorg.jetbrains.kotlin.com.intellij.psi.impl.ElementBase;                       : loaded 2 times (x 69B)
Class org.jetbrains.kotlin.resolve.checkers.FunInterfaceDeclarationChecker            : loaded 2 times (x 74B)
Class org.jetbrains.kotlin.psi.KtPropertyAccessor                                     : loaded 2 times (x 882B)
Class org.jetbrains.kotlin.resolve.calls.inference.components.TrivialConstraintTypeInferenceOracle: loaded 2 times (x 460B)
Class [Lorg.jetbrains.kotlin.metadata.ProtoBuf$Annotation$Argument$Value$Type;        : loaded 2 times (x 69B)
Class org.jetbrains.kotlin.metadata.ProtoBuf$Contract$1                               : loaded 2 times (x 144B)
Class org.jetbrains.kotlin.metadata.ProtoBuf$Type$1                                   : loaded 2 times (x 144B)
Class org.jetbrains.kotlin.protobuf.WireFormat$FieldType$4                            : loaded 2 times (x 83B)
Class org.jetbrains.kotlin.psi.KtElement                                              : loaded 2 times (x 70B)
Class org.jetbrains.kotlin.cli.jvm.compiler.CliVirtualFileFinderFactory               : loaded 2 times (x 80B)
Class org.jetbrains.kotlin.resolve.extensions.AssignResolutionAltererExtension        : loaded 2 times (x 70B)
Class org.jetbrains.kotlin.extensions.ProjectExtensionDescriptor                      : loaded 2 times (x 72B)
Class org.jetbrains.kotlin.resolve.jvm.JvmCodeAnalyzerInitializer                     : loaded 2 times (x 76B)
Class org.jetbrains.kotlin.com.intellij.psi.scope.ElementClassHint                    : loaded 2 times (x 70B)
Class org.jetbrains.kotlin.cli.jvm.compiler.KotlinCoreEnvironment$ProjectEnvironment  : loaded 2 times (x 90B)
Class org.jetbrains.kotlin.parsing.KotlinParserDefinition                             : loaded 2 times (x 95B)
Class org.jetbrains.kotlin.com.intellij.ide.plugins.PluginContentDescriptor           : loaded 2 times (x 72B)
Class kotlin.coroutines.intrinsics.IntrinsicsKt__IntrinsicsKt                         : loaded 2 times (x 71B)
Class kotlinx.coroutines.Job$Key                                                      : loaded 2 times (x 71B)
Class kotlinx.coroutines.DefaultExecutor                                              : loaded 2 times (x 120B)
Class org.jetbrains.kotlin.com.intellij.openapi.extensions.SimpleSmartExtensionPoint$1: loaded 2 times (x 74B)
Class org.jetbrains.kotlin.com.intellij.psi.PsiMethod                                 : loaded 2 times (x 70B)
Class org.jetbrains.kotlin.com.intellij.lang.jvm.JvmTypeParametersOwner               : loaded 2 times (x 70B)
Class org.jetbrains.kotlin.com.intellij.psi.stubs.StubInputStream                     : loaded 2 times (x 113B)
Class org.jetbrains.kotlin.com.intellij.util.messages.impl.CompositeMessageBus$WhenMappings: loaded 2 times (x 71B)
Class org.jetbrains.kotlin.kotlinx.collections.immutable.implementations.immutableMap.TrieNode: loaded 2 times (x 72B)
Class org.jetbrains.kotlin.kotlinx.collections.immutable.ExtensionsKt                 : loaded 2 times (x 71B)
Class org.jetbrains.kotlin.com.intellij.mock.MockComponentManager$1                   : loaded 2 times (x 77B)
Class org.jetbrains.kotlin.com.intellij.openapi.application.ApplicationManager        : loaded 2 times (x 71B)
Class org.jetbrains.kotlin.backend.common.phaser.IrValidationBeforeLoweringPhase      : loaded 2 times (x 77B)
Class org.jetbrains.kotlin.backend.jvm.lower.FakeLocalVariablesForIrInlinerLowering   : loaded 2 times (x 347B)
Class org.jetbrains.kotlin.backend.jvm.JvmLoweringPhasesKt$jvmFilePhases$64           : loaded 2 times (x 125B)
Class org.jetbrains.kotlin.backend.common.ModuleLoweringPass                          : loaded 2 times (x 70B)
Class org.jetbrains.kotlin.com.intellij.util.containers.ConcurrentWeakHashMap         : loaded 2 times (x 154B)
Class org.jetbrains.kotlin.com.intellij.openapi.util.Key                              : loaded 2 times (x 77B)
Class kotlin.reflect.jvm.internal.KDeclarationContainerImpl                           : loaded 2 times (x 84B)
Class org.jetbrains.kotlin.name.FqNameUnsafe                                          : loaded 2 times (x 72B)
Class Build_gradle$1$2$1                                                              : loaded 2 times (x 78B)
Class com.google.common.io.Closer$SuppressingSuppressor                               : loaded 2 times (x 75B)
Class com.google.common.util.concurrent.AbstractFuture$UnsafeAtomicHelper             : loaded 2 times (x 78B)
Class com.google.common.cache.LocalCache$LocalManualCache$1                           : loaded 2 times (x 75B)
Class com.google.common.base.CharMatcher$ForPredicate                                 : loaded 2 times (x 112B)
Class org.jetbrains.kotlin.parsing.KotlinParsing$2                                    : loaded 2 times (x 78B)
Class [Lorg.jetbrains.kotlin.incremental.components.NoLookupLocation;                 : loaded 2 times (x 69B)
Class org.jetbrains.kotlin.codegen.optimization.fixStack.StackTransformationUtilsKt   : loaded 2 times (x 71B)
Class org.jetbrains.kotlin.codegen.pseudoInsns.PseudoInsn                             : loaded 2 times (x 79B)
Class kotlin.collections.ArraysKt___ArraysJvmKt$asList$3                              : loaded 2 times (x 198B)
Class org.jetbrains.kotlin.codegen.intrinsics.ArrayIterator                           : loaded 2 times (x 78B)
Class org.jetbrains.kotlin.codegen.intrinsics.HashCode                                : loaded 2 times (x 78B)
Class org.jetbrains.kotlin.backend.common.lower.AbstractVariableRemapper              : loaded 2 times (x 501B)
Class org.jetbrains.kotlin.ir.builders.IrGeneratorContext$DefaultImpls                : loaded 2 times (x 71B)
Class org.jetbrains.kotlin.ir.types.IrStarProjection                                  : loaded 2 times (x 70B)
Class org.jetbrains.kotlin.ir.expressions.IrClassReference                            : loaded 2 times (x 108B)
Class org.jetbrains.kotlin.ir.AbstractIrFileEntry                                     : loaded 2 times (x 88B)
Class org.jetbrains.kotlin.resolve.DescriptorUtils                                    : loaded 2 times (x 71B)
Class [Lorg.jetbrains.kotlin.renderer.DescriptorRendererModifier;                     : loaded 2 times (x 69B)
Class org.jetbrains.kotlin.serialization.deserialization.DeserializedPackageFragmentImpl: loaded 2 times (x 144B)
Class org.jetbrains.kotlin.descriptors.impl.CompositePackageFragmentProvider          : loaded 2 times (x 80B)
Class org.jetbrains.kotlin.types.TypeCheckerState$LowerCapturedTypePolicy             : loaded 2 times (x 79B)
Class org.jetbrains.kotlin.descriptors.Visibilities                                   : loaded 2 times (x 71B)
Class org.jetbrains.kotlin.metadata.ProtoBuf$Expression                               : loaded 2 times (x 120B)
Class org.jetbrains.kotlin.load.java.structure.impl.source.JavaSourceFactoryOwner     : loaded 2 times (x 70B)
Class org.jetbrains.kotlin.load.java.structure.MapBasedJavaAnnotationOwner            : loaded 2 times (x 70B)
Class org.jetbrains.kotlin.it.unimi.dsi.fastutil.objects.ObjectArrays                 : loaded 2 times (x 71B)
Class org.jetbrains.kotlin.psi.KtPackageDirective                                     : loaded 2 times (x 592B)
Class org.jetbrains.kotlin.psi.stubs.elements.KtUserTypeElementType                   : loaded 2 times (x 103B)
Class org.jetbrains.kotlin.com.intellij.util.io.ResourceHandle                        : loaded 2 times (x 79B)
Class org.jetbrains.kotlin.metadata.ProtoBuf$StringTable$1                            : loaded 2 times (x 144B)
Class org.jetbrains.kotlin.resolve.jvm.modules.JavaModuleResolver                     : loaded 2 times (x 70B)
Class org.jetbrains.kotlin.resolve.jvm.modules.JavaModuleInfo$Companion               : loaded 2 times (x 71B)
Class org.jetbrains.kotlin.com.intellij.util.text.CharArrayUtil                       : loaded 2 times (x 71B)
Class org.jetbrains.kotlin.com.intellij.util.containers.SoftKeySoftValueHashMap       : loaded 2 times (x 110B)
Class org.jetbrains.kotlin.com.intellij.core.CoreJavaFileCodeStyleFacade              : loaded 2 times (x 99B)
Class org.jetbrains.kotlin.com.intellij.psi.impl.JavaPsiImplementationHelper          : loaded 2 times (x 79B)
Class org.jetbrains.kotlin.com.intellij.psi.search.ProjectScopeBuilder                : loaded 2 times (x 76B)
Class org.jetbrains.kotlin.com.intellij.ide.plugins.ModuleDependenciesDescriptor$Companion: loaded 2 times (x 71B)
Class org.jetbrains.kotlin.cli.jvm.compiler.DummyJavaFileCodeStyleFacadeFactory       : loaded 2 times (x 74B)
Class org.jetbrains.kotlin.com.intellij.openapi.extensions.SimpleSmartExtensionPoint$2: loaded 2 times (x 74B)
Class org.jetbrains.kotlin.com.intellij.psi.PsiMember                                 : loaded 2 times (x 70B)
Class org.jetbrains.kotlin.com.intellij.util.containers.Unsafe                        : loaded 2 times (x 71B)
Class org.jetbrains.kotlin.com.intellij.psi.PsiReferenceRegistrar                     : loaded 2 times (x 80B)
Class org.jetbrains.kotlin.kotlinx.collections.immutable.ImmutableCollection          : loaded 2 times (x 70B)
Class org.jetbrains.kotlin.config.JvmAbiStability                                     : loaded 2 times (x 79B)
Class kotlin.io.FilesKt__UtilsKt                                                      : loaded 2 times (x 71B)
Class org.jetbrains.kotlin.backend.jvm.JvmLoweringPhasesKt$jvmFilePhases$65           : loaded 2 times (x 125B)
Class org.jetbrains.kotlin.backend.jvm.FileCodegen                                    : loaded 2 times (x 81B)
Class org.jetbrains.kotlin.com.intellij.util.containers.RefHashMap$Key                : loaded 2 times (x 70B)
Class org.jetbrains.kotlin.storage.LockBasedStorageManager$1                          : loaded 2 times (x 108B)
Class org.jetbrains.kotlin.config.AnalysisFlag                                        : loaded 2 times (x 72B)
Class org.jetbrains.kotlin.com.google.common.collect.UnmodifiableIterator             : loaded 2 times (x 80B)
Class org.jetbrains.kotlin.com.google.common.collect.Maps                             : loaded 2 times (x 71B)
Class org.jetbrains.kotlin.com.intellij.util.containers.ImmutableList                 : loaded 2 times (x 198B)
Class kotlin.collections.CollectionsKt__CollectionsJVMKt                              : loaded 2 times (x 71B)
Class com.google.common.collect.ImmutableCollection                                   : loaded 2 times (x 125B)
Class com.google.common.base.CharMatcher$AnyOf                                        : loaded 2 times (x 112B)
Class org.gradle.api.internal.classpath.DefaultModuleRegistry                         : loaded 2 times (x 86B)
Class org.jetbrains.kotlin.types.TypeApproximatorConfiguration$PublicDeclaration$SaveAnonymousTypes: loaded 2 times (x 87B)
Class org.jetbrains.kotlin.com.intellij.util.containers.WeakHashMap$WeakKey           : loaded 2 times (x 84B)
Class org.jetbrains.kotlin.descriptors.impl.AbstractClassDescriptor$1$1               : loaded 2 times (x 77B)
Class org.jetbrains.kotlin.codegen.inline.InlineMethodInstructionAdapter              : loaded 2 times (x 187B)
Class [Lorg.jetbrains.kotlin.types.model.TypeParameterMarker;                         : loaded 2 times (x 69B)
Class org.jetbrains.kotlin.metadata.serialization.MutableTable                        : loaded 2 times (x 74B)
Class org.jetbrains.kotlin.codegen.optimization.RedundantNopsCleanupMethodTransformer : loaded 2 times (x 72B)
Class org.jetbrains.kotlin.backend.jvm.codegen.ExpressionCodegen$Companion            : loaded 2 times (x 71B)
Class org.jetbrains.kotlin.codegen.ClassFileFactory$OutAndSourceFileList              : loaded 2 times (x 74B)
Class org.jetbrains.org.objectweb.asm.AnnotationWriter                                : loaded 2 times (x 78B)
Class org.jetbrains.kotlin.descriptors.impl.ClassDescriptorImpl                       : loaded 2 times (x 269B)
Class org.jetbrains.kotlin.backend.common.lower.SharedVariablesLowering$SharedVariablesTransformer$collectSharedVariables$1: loaded 2 times (x 159B)
Class [Lorg.jetbrains.kotlin.ir.visitors.IrElementVisitor;                            : loaded 2 times (x 69B)
Class org.jetbrains.kotlin.utils.ThreadLocalDelegate                                  : loaded 2 times (x 79B)
Class org.jetbrains.kotlin.descriptors.PackageFragmentProvider                        : loaded 2 times (x 70B)
Class org.jetbrains.kotlin.resolve.constants.ClassLiteralValue                        : loaded 2 times (x 72B)
Class org.jetbrains.kotlin.resolve.calls.inference.components.ConstraintInjector$TypeCheckerStateForConstraintInjector: loaded 2 times (x 617B)
Class org.jetbrains.kotlin.resolve.calls.inference.model.ConstraintPosition           : loaded 2 times (x 71B)
Class kotlin.collections.IndexedValue                                                 : loaded 2 times (x 72B)
Class org.jetbrains.kotlin.metadata.jvm.deserialization.JvmProtoBufUtil               : loaded 2 times (x 71B)
Class org.jetbrains.kotlin.load.java.structure.impl.classFiles.ClassifierResolutionContext$Result: loaded 2 times (x 72B)
Class org.jetbrains.kotlin.load.kotlin.KotlinJvmBinaryClass$AnnotationVisitor         : loaded 2 times (x 70B)
Class org.jetbrains.kotlin.com.google.common.collect.Hashing                          : loaded 2 times (x 71B)
Class org.jetbrains.kotlin.com.google.common.collect.ImmutableCollection              : loaded 2 times (x 125B)
Class kotlin.collections.AbstractMutableMap                                           : loaded 2 times (x 128B)
Class org.jetbrains.kotlin.name.JvmStandardClassIds                                   : loaded 2 times (x 71B)
Class org.jetbrains.kotlin.resolve.calls.checkers.AssigningNamedArgumentToVarargChecker: loaded 2 times (x 74B)
Class org.jetbrains.kotlin.psi.KtFinallySection                                       : loaded 2 times (x 377B)
Class org.jetbrains.kotlin.psi.KtCallElement                                          : loaded 2 times (x 70B)
Class org.jetbrains.kotlin.psi.stubs.KotlinParameterStub                              : loaded 2 times (x 70B)
Class org.jetbrains.kotlin.psi.KtTypeAlias                                            : loaded 2 times (x 1069B)
Class org.jetbrains.kotlin.resolve.checkers.ConstModifierChecker                      : loaded 2 times (x 74B)
Class org.jetbrains.kotlin.metadata.ProtoBuf$Annotation$Argument$1                    : loaded 2 times (x 144B)
Class org.jetbrains.kotlin.metadata.jvm.JvmModuleProtoBuf$Module$1                    : loaded 2 times (x 144B)
Class org.jetbrains.kotlin.metadata.ProtoBuf$Function$1                               : loaded 2 times (x 144B)
Class org.jetbrains.kotlin.cli.jvm.index.JvmDependenciesIndexImpl                     : loaded 2 times (x 77B)
Class org.jetbrains.kotlin.metadata.deserialization.Flags$BooleanFlagField            : loaded 2 times (x 76B)
Class org.jetbrains.kotlin.resolve.calls.checkers.AdditionalTypeChecker               : loaded 2 times (x 70B)
Class org.jetbrains.kotlin.asJava.LightClassGenerationSupport$Companion               : loaded 2 times (x 71B)
Class org.jetbrains.kotlin.com.intellij.psi.search.ProjectScope                       : loaded 2 times (x 71B)
Class org.jetbrains.kotlin.com.intellij.psi.PsiPrimitiveType                          : loaded 2 times (x 102B)
Class org.jetbrains.kotlin.com.intellij.psi.search.GlobalSearchScope                  : loaded 2 times (x 96B)
Class org.jetbrains.kotlin.com.intellij.openapi.util.io.FileTooBigException           : loaded 2 times (x 82B)
Class org.jetbrains.kotlin.com.intellij.openapi.application.TransactionGuard          : loaded 2 times (x 73B)
Class org.jetbrains.kotlin.com.fasterxml.aalto.impl.IoStreamException                 : loaded 2 times (x 85B)
Class kotlinx.coroutines.EventLoop                                                    : loaded 2 times (x 105B)
Class org.jetbrains.kotlin.com.intellij.lang.jvm.JvmNamedElement                      : loaded 2 times (x 70B)
Class kotlin.collections.AbstractSet                                                  : loaded 2 times (x 135B)
Class org.jetbrains.kotlin.com.intellij.lang.Language$1                               : loaded 2 times (x 107B)
Class org.jetbrains.kotlin.com.intellij.openapi.vfs.encoding.EncodingProjectManager   : loaded 2 times (x 74B)
Class [Lorg.jetbrains.kotlin.types.TypeApproximatorConfiguration$IntersectionStrategy;: loaded 2 times (x 69B)
Class kotlin.sequences.SequencesKt                                                    : loaded 2 times (x 71B)
Class org.jetbrains.kotlin.backend.jvm.lower.MakePropertyDelegateMethodsStaticLowering: loaded 2 times (x 509B)
Class org.jetbrains.kotlin.backend.jvm.JvmLoweringPhasesKt$jvmFilePhases$66           : loaded 2 times (x 125B)
Class kotlin.reflect.jvm.internal.impl.name.SpecialNames                              : loaded 2 times (x 71B)
Class kotlin.KotlinVersionCurrentValue                                                : loaded 2 times (x 71B)
Class kotlin.collections.builders.MapBuilder$Itr                                      : loaded 2 times (x 72B)
Class kotlin.collections.CollectionsKt__IteratorsKt                                   : loaded 2 times (x 71B)
Class com.google.common.util.concurrent.ListenableFuture                              : loaded 2 times (x 70B)
Class com.google.common.cache.ReferenceEntry                                          : loaded 2 times (x 70B)
Class com.google.common.collect.ImmutableSet$CachingAsList                            : loaded 2 times (x 147B)
Class com.google.common.base.Converter                                                : loaded 2 times (x 90B)
Class com.google.common.collect.Lists                                                 : loaded 2 times (x 71B)
Class com.google.common.base.CharMatcher$Any                                          : loaded 2 times (x 112B)
Class jdk.internal.jimage.BasicImageReader$2                                          : loaded 2 times (x 77B)
Class org.jetbrains.kotlin.descriptors.PackageFragmentProviderKt                      : loaded 2 times (x 71B)
Class org.jetbrains.kotlin.codegen.inline.FieldRemapper$Companion                     : loaded 2 times (x 71B)
Class org.jetbrains.kotlin.backend.common.CommonCoroutineCodegenUtilKt                : loaded 2 times (x 71B)
Class org.jetbrains.org.objectweb.asm.tree.analysis.Value                             : loaded 2 times (x 70B)
Class org.jetbrains.kotlin.codegen.AbstractClassBuilder                               : loaded 2 times (x 100B)
Class org.jetbrains.kotlin.backend.common.DeclarationTransformer$Visitor              : loaded 2 times (x 331B)
Class [Lorg.jetbrains.kotlin.ir.declarations.IrDeclarationWithName;                   : loaded 2 times (x 69B)
Class org.jetbrains.kotlin.backend.common.lower.LocalDeclarationsLoweringKt           : loaded 2 times (x 71B)
Class org.jetbrains.kotlin.backend.common.lower.loops.handlers.StepHandler            : loaded 2 times (x 80B)
Class org.jetbrains.kotlin.backend.jvm.MfvcNodeKt                                     : loaded 2 times (x 71B)
Class org.jetbrains.kotlin.resolve.jvm.checkers.PolymorphicSignatureCallChecker       : loaded 2 times (x 74B)
Class org.jetbrains.kotlin.backend.jvm.JvmIrCodegenFactory$JvmIrBackendInput          : loaded 2 times (x 72B)
Class org.jetbrains.kotlin.codegen.DelegatingClassBuilder                             : loaded 2 times (x 100B)
Class org.jetbrains.kotlin.codegen.optimization.OptimizationClassBuilderFactory       : loaded 2 times (x 86B)
Class org.jetbrains.kotlin.codegen.state.KotlinTypeMapper                             : loaded 2 times (x 75B)
Class org.jetbrains.kotlin.ir.util.StubGeneratorExtensions                            : loaded 2 times (x 83B)
Class org.jetbrains.kotlin.backend.jvm.JvmIrCodegenFactory                            : loaded 2 times (x 85B)
Class org.jetbrains.kotlin.ir.descriptors.IrBasedDeclarationDescriptor                : loaded 2 times (x 96B)
Class org.jetbrains.kotlin.ir.expressions.IrStatementOriginImpl$Companion             : loaded 2 times (x 74B)
Class org.jetbrains.kotlin.descriptors.ClassifierDescriptorWithTypeParameters         : loaded 2 times (x 70B)
Class org.jetbrains.kotlin.ir.symbols.IrSymbolKt                                      : loaded 2 times (x 71B)
Class org.jetbrains.kotlin.ir.util.IrUtilsKt                                          : loaded 2 times (x 71B)
Class org.jetbrains.kotlin.com.intellij.psi.impl.source.tree.LazyParseablePsiElement  : loaded 2 times (x 342B)
Class org.jetbrains.kotlin.diagnostics.PositioningStrategies$NAME_OF_NAMED_ARGUMENT$1 : loaded 2 times (x 74B)
Class org.jetbrains.kotlin.load.java.structure.impl.classFiles.BinaryJavaMethodBase$Companion$MethodInfo: loaded 2 times (x 72B)
Class kotlin.properties.NotNullVar                                                    : loaded 2 times (x 79B)
Class org.jetbrains.kotlin.serialization.deserialization.builtins.BuiltInSerializerProtocol: loaded 2 times (x 72B)
Class org.jetbrains.kotlin.resolve.calls.checkers.SuspendConversionCallChecker        : loaded 2 times (x 74B)
Class org.jetbrains.kotlin.psi.KtContractEffect                                       : loaded 2 times (x 443B)
Class org.jetbrains.kotlin.kdoc.lexer.KDocTokens                                      : loaded 2 times (x 70B)
Class org.jetbrains.kotlin.resolve.checkers.EnumCompanionInEnumConstructorCallChecker : loaded 2 times (x 74B)
Class org.jetbrains.kotlin.resolve.checkers.ContractDescriptionBlockChecker           : loaded 2 times (x 74B)
Class org.jetbrains.kotlin.container.StorageComponentContainer                        : loaded 2 times (x 86B)
Class org.jetbrains.kotlin.extensions.CompilerConfigurationExtension$Companion        : loaded 2 times (x 72B)
Class org.jetbrains.kotlin.com.intellij.codeInsight.ExternalAnnotationsListener       : loaded 2 times (x 70B)
Class org.jetbrains.kotlin.com.intellij.psi.impl.PsiElementFinderImpl                 : loaded 2 times (x 84B)
Class org.jetbrains.kotlin.cli.jvm.compiler.CliLightClassGenerationSupport$CliLightClassSupport: loaded 2 times (x 81B)
Class org.jetbrains.kotlin.com.intellij.AbstractBundle                                : loaded 2 times (x 76B)
Class org.jetbrains.kotlin.com.intellij.psi.scope.PsiScopeProcessor                   : loaded 2 times (x 70B)
Class org.jetbrains.kotlin.com.intellij.psi.search.GlobalSearchScope$1                : loaded 2 times (x 96B)
Class org.jetbrains.kotlin.com.intellij.lang.folding.FoldingBuilderEx                 : loaded 2 times (x 71B)
Class org.jetbrains.kotlin.com.intellij.psi.stubs.LightStubBuilder                    : loaded 2 times (x 80B)
Class org.jetbrains.kotlin.com.intellij.psi.impl.source.tree.java.PsiIdentifierImpl   : loaded 2 times (x 434B)
Class org.jetbrains.kotlin.com.intellij.mock.MockComponentManager                     : loaded 2 times (x 158B)
Class org.jetbrains.kotlin.com.intellij.openapi.progress.ProgressIndicatorProvider    : loaded 2 times (x 73B)
Class org.jetbrains.kotlin.com.intellij.openapi.diagnostic.Logger$DefaultFactory      : loaded 2 times (x 74B)
Class org.jetbrains.kotlin.it.unimi.dsi.fastutil.objects.AbstractObjectCollection     : loaded 2 times (x 143B)
Class org.jetbrains.kotlin.backend.jvm.JvmLoweringPhasesKt$jvmFilePhases$67           : loaded 2 times (x 125B)
Class org.jetbrains.kotlin.backend.jvm.lower.InterfaceDefaultCallsLowering            : loaded 2 times (x 518B)
Class org.jetbrains.kotlin.backend.jvm.JvmLoweringPhasesKt$jvmFilePhases$30           : loaded 2 times (x 125B)
Class org.jetbrains.kotlin.backend.jvm.lower.VarargLowering                           : loaded 2 times (x 518B)
Class kotlin.jvm.internal.markers.KMutableSet                                         : loaded 2 times (x 70B)
Class kotlin.text.StringsKt                                                           : loaded 2 times (x 71B)
Class com.google.common.util.concurrent.AbstractFuture                                : loaded 2 times (x 106B)
Class com.google.common.base.FunctionalEquivalence                                    : loaded 2 times (x 83B)
Class com.google.common.collect.Iterators$9                                           : loaded 2 times (x 81B)
Class com.google.common.collect.AbstractMapBasedMultimap                              : loaded 2 times (x 139B)
Class com.google.common.collect.ImmutableAsList                                       : loaded 2 times (x 209B)
Class org.jetbrains.kotlin.codegen.inline.GlobalInlineContext$InlineFunctionSource    : loaded 2 times (x 71B)
Class org.jetbrains.kotlin.codegen.BaseExpressionCodegen                              : loaded 2 times (x 70B)
Class org.jetbrains.org.objectweb.asm.signature.SignatureVisitor                      : loaded 2 times (x 87B)
Class org.jetbrains.kotlin.types.TypeSubstitutionKt                                   : loaded 2 times (x 71B)
Class org.jetbrains.kotlin.descriptors.FieldDescriptor                                : loaded 2 times (x 70B)
Class org.jetbrains.kotlin.types.error.ErrorType                                      : loaded 2 times (x 94B)
Class org.jetbrains.kotlin.codegen.intrinsics.Java8ULongRemainder                     : loaded 2 times (x 79B)
Class org.jetbrains.kotlin.config.JvmClosureGenerationScheme                          : loaded 2 times (x 79B)
Class org.jetbrains.kotlin.ir.symbols.IrClassifierEqualityChecker                     : loaded 2 times (x 70B)
Class org.jetbrains.kotlin.ir.util.KotlinMangler$IrMangler                            : loaded 2 times (x 70B)
Class org.jetbrains.kotlin.ir.declarations.IrDeclarationOriginImpl                    : loaded 2 times (x 79B)
Class org.jetbrains.kotlin.resolve.calls.model.LambdaWithTypeVariableAsExpectedTypeMarker: loaded 2 times (x 70B)
Class org.jetbrains.kotlin.load.java.typeEnhancement.SignatureEnhancementBuilder$ClassEnhancementBuilder$FunctionEnhancementBuilder: loaded 2 times (x 72B)
Class org.jetbrains.kotlin.builtins.jvm.JvmBuiltInsSignatures                         : loaded 2 times (x 71B)
Class org.jetbrains.kotlin.resolve.jvm.NotFoundPackagesCachingStrategy$CacheType      : loaded 2 times (x 79B)
Class org.jetbrains.kotlin.descriptors.Visibilities$Private                           : loaded 2 times (x 79B)
Class org.jetbrains.kotlin.psi.KtNameReferenceExpression                              : loaded 2 times (x 632B)
Class kotlin.io.FileTreeWalk$FileTreeWalkIterator$SingleFileState                     : loaded 2 times (x 74B)
Class kotlin.coroutines.jvm.internal.RestrictedContinuationImpl                       : loaded 2 times (x 87B)
Class org.jetbrains.kotlin.com.intellij.mock.MockDumbService                          : loaded 2 times (x 77B)
Class org.jetbrains.kotlin.com.intellij.psi.search.GlobalSearchScope$2                : loaded 2 times (x 105B)
Class org.jetbrains.kotlin.com.intellij.ide.plugins.PluginManagerCore                 : loaded 2 times (x 71B)
Class org.jetbrains.kotlin.org.codehaus.stax2.LocationInfo                            : loaded 2 times (x 70B)
Class kotlin.coroutines.CoroutineContext$Key                                          : loaded 2 times (x 70B)
Class org.jetbrains.kotlin.com.intellij.util.messages.impl.MessageBusImpl$syncPublisher$1: loaded 2 times (x 79B)
Class org.jetbrains.kotlin.com.intellij.model.psi.UrlReferenceHost                    : loaded 2 times (x 70B)
Class org.jetbrains.kotlin.cli.jvm.compiler.KotlinCoreApplicationEnvironment$Companion: loaded 2 times (x 71B)
Class org.jetbrains.kotlin.com.intellij.lang.LanguageParserDefinitions                : loaded 2 times (x 96B)
Class org.jetbrains.kotlin.com.intellij.util.containers.MultiMap$2                    : loaded 2 times (x 75B)
Class org.jetbrains.kotlin.backend.jvm.lower.InlinedClassReferencesBoxingLowering     : loaded 2 times (x 339B)
Class org.jetbrains.kotlin.backend.jvm.JvmLoweringPhasesKt$jvmFilePhases$68           : loaded 2 times (x 125B)
Class org.jetbrains.kotlin.backend.jvm.lower.JvmInnerClassConstructorCallsLowering    : loaded 2 times (x 86B)
Class org.jetbrains.kotlin.backend.jvm.JvmLoweringPhasesKt$jvmFilePhases$31           : loaded 2 times (x 125B)
Class org.jetbrains.kotlin.backend.jvm.lower.JvmAnnotationImplementationLowering      : loaded 2 times (x 81B)
Class kotlin.LazyKt__LazyJVMKt                                                        : loaded 2 times (x 71B)
Class org.jetbrains.kotlin.config.ExplicitApiMode                                     : loaded 2 times (x 79B)
Class org.objectweb.asm.RecordComponentVisitor                                        : loaded 2 times (x 77B)
Class com.google.common.cache.CacheLoader$SupplierToCacheLoader                       : loaded 2 times (x 75B)
Class org.jetbrains.kotlin.diagnostics.PositioningStrategies$PROPERTY_INITIALIZER$1   : loaded 2 times (x 74B)
Class [Lorg.jetbrains.kotlin.ir.linkage.IrDeserializer$IrLinkerExtension;             : loaded 2 times (x 69B)
Class org.jetbrains.kotlin.serialization.deserialization.ProtoContainer               : loaded 2 times (x 73B)
Class org.jetbrains.kotlin.codegen.optimization.boxing.BoxedBasicValue                : loaded 2 times (x 80B)
Class org.jetbrains.kotlin.codegen.inline.InlineResult                                : loaded 2 times (x 72B)
Class org.jetbrains.kotlin.codegen.inline.SourceCompilerForInline                     : loaded 2 times (x 70B)
Class org.jetbrains.kotlin.util.slicedMap.OpenAddressLinearProbingHashTable$Companion : loaded 2 times (x 71B)
Class [Lorg.jetbrains.org.objectweb.asm.tree.analysis.Value;                          : loaded 2 times (x 69B)
Class org.jetbrains.kotlin.codegen.inline.InplaceArgumentsMethodTransformer           : loaded 2 times (x 72B)
Class org.jetbrains.kotlin.ir.descriptors.IrBasedPropertyAccessorDescriptor           : loaded 2 times (x 442B)
Class org.jetbrains.kotlin.storage.LockBasedStorageManager$5                          : loaded 2 times (x 93B)
Class org.jetbrains.kotlin.backend.jvm.lower.TailCallOptimizationLowering$lower$1     : loaded 2 times (x 246B)
Class org.jetbrains.kotlin.ir.PsiIrFileEntry                                          : loaded 2 times (x 89B)
Class org.jetbrains.kotlin.codegen.intrinsics.JavaClassProperty                       : loaded 2 times (x 79B)
Class org.jetbrains.kotlin.ir.expressions.IrComposite                                 : loaded 2 times (x 109B)
Class org.jetbrains.kotlin.load.java.JavaDescriptorVisibilities$1                     : loaded 2 times (x 79B)
Class org.jetbrains.kotlin.ir.expressions.IrBlockBody                                 : loaded 2 times (x 91B)
Class org.jetbrains.kotlin.serialization.deserialization.DeserializedPackageFragment  : loaded 2 times (x 143B)
Class org.jetbrains.kotlin.ir.builders.declarations.IrClassBuilder                    : loaded 2 times (x 73B)
Class org.jetbrains.kotlin.load.java.structure.JavaLoadingKt                          : loaded 2 times (x 71B)
Class org.jetbrains.kotlin.metadata.ProtoBuf$VersionRequirement$VersionKind$1         : loaded 2 times (x 74B)
Class org.jetbrains.kotlin.com.google.common.collect.ImmutableMapEntry$NonTerminalImmutableMapEntry: loaded 2 times (x 85B)
Class org.jetbrains.kotlin.psi.KtConstructorDelegationReferenceExpression             : loaded 2 times (x 499B)
Class org.jetbrains.kotlin.psi.stubs.KotlinNameReferenceExpressionStub                : loaded 2 times (x 70B)
Class org.jetbrains.kotlin.psi.KtModifierList                                         : loaded 2 times (x 510B)
Class org.jetbrains.kotlin.types.model.TypeSystemContext                              : loaded 2 times (x 70B)
Class org.jetbrains.kotlin.metadata.ProtoBuf$QualifiedNameTable$QualifiedName$Kind    : loaded 2 times (x 82B)
Class org.jetbrains.kotlin.metadata.ProtoBuf$Annotation$1                             : loaded 2 times (x 144B)
Class org.jetbrains.kotlin.protobuf.AbstractParser                                    : loaded 2 times (x 144B)
Class org.jetbrains.kotlin.compiler.plugin.CompilerPluginRegistrarKt                  : loaded 2 times (x 71B)
Class org.jetbrains.kotlin.extensions.internal.TypeResolutionInterceptor$Companion    : loaded 2 times (x 72B)
Class org.jetbrains.kotlin.extensions.DeclarationAttributeAltererExtension            : loaded 2 times (x 70B)
Class org.jetbrains.kotlin.codegen.extensions.ClassBuilderInterceptorExtension$Companion: loaded 2 times (x 72B)
Class org.jetbrains.kotlin.com.intellij.psi.PsiConstantEvaluationHelper               : loaded 2 times (x 74B)
Class org.jetbrains.kotlin.com.intellij.core.CoreJavaPsiImplementationHelper          : loaded 2 times (x 80B)
Class [Lorg.jetbrains.kotlin.com.intellij.psi.PsiAnnotationMemberValue;               : loaded 2 times (x 69B)
Class org.jetbrains.kotlin.com.intellij.psi.impl.AnyPsiChangeListener                 : loaded 2 times (x 70B)
Class kotlinx.coroutines.ChildJob                                                     : loaded 2 times (x 70B)
Class kotlinx.coroutines.scheduling.TasksKt                                           : loaded 2 times (x 71B)
Class kotlinx.coroutines.internal.SystemPropsKt__SystemPropsKt                        : loaded 2 times (x 71B)
Class org.jetbrains.kotlin.com.intellij.lang.jvm.JvmClass                             : loaded 2 times (x 70B)
Class org.jetbrains.kotlin.com.intellij.psi.impl.source.tree.java.PsiJavaTokenImpl    : loaded 2 times (x 378B)
Class org.jetbrains.kotlin.org.picocontainer.ComponentAdapter                         : loaded 2 times (x 70B)
Class org.jetbrains.kotlin.it.unimi.dsi.fastutil.objects.Object2ObjectOpenCustomHashMap: loaded 2 times (x 168B)
Class org.jetbrains.kotlin.com.intellij.lang.java.JavaLanguage                        : loaded 2 times (x 107B)
Class org.jetbrains.kotlin.com.intellij.util.Function                                 : loaded 2 times (x 70B)
Class [Lorg.jetbrains.kotlin.cli.common.ExitCode;                                     : loaded 2 times (x 69B)
Class kotlin.io.FilesKt__FileReadWriteKt                                              : loaded 2 times (x 71B)
Class org.jetbrains.kotlin.backend.jvm.JvmLoweringPhasesKt$jvmFilePhases$69           : loaded 2 times (x 125B)
Class org.jetbrains.kotlin.backend.common.lower.InitializersLowering                  : loaded 2 times (x 87B)
Class org.jetbrains.kotlin.backend.jvm.JvmLoweringPhasesKt$jvmFilePhases$32           : loaded 2 times (x 125B)
Class org.jetbrains.kotlin.backend.common.lower.AnnotationImplementationLowering      : loaded 2 times (x 81B)
Class kotlin.jvm.internal.markers.KMutableList                                        : loaded 2 times (x 70B)
Class org.jetbrains.kotlin.utils.DFS$NodeHandler                                      : loaded 2 times (x 70B)
Class org.jetbrains.kotlin.load.java.ReportLevel$Companion                            : loaded 2 times (x 71B)
Class [Lkotlin.Pair;                                                                  : loaded 2 times (x 69B)
Class [Lorg.jetbrains.kotlin.config.LanguageVersion;                                  : loaded 2 times (x 69B)
Class kotlin.text.StringsKt__StringNumberConversionsKt                                : loaded 2 times (x 71B)
Class org.jetbrains.kotlin.cli.common.CompilerSystemProperties$value$1                : loaded 2 times (x 125B)
Class com.google.common.collect.Maps$EntryTransformer                                 : loaded 2 times (x 70B)
Class org.gradle.internal.service.ServiceLookupException                              : loaded 2 times (x 82B)
Class org.jetbrains.kotlin.descriptors.impl.DeclarationDescriptorImpl                 : loaded 2 times (x 96B)
Class [Lorg.jetbrains.kotlin.incremental.components.LookupLocation;                   : loaded 2 times (x 69B)
Class org.jetbrains.kotlin.types.checker.KotlinTypeRefinerKt                          : loaded 2 times (x 71B)
Class org.jetbrains.kotlin.codegen.optimization.nullCheck.NullabilityValuesKt         : loaded 2 times (x 71B)
Class org.jetbrains.kotlin.types.UtilsKt                                              : loaded 2 times (x 71B)
Class org.jetbrains.kotlin.codegen.StackValue$Shared                                  : loaded 2 times (x 91B)
Class org.jetbrains.kotlin.codegen.optimization.NegatedJumpsMethodTransformer         : loaded 2 times (x 73B)
Class org.jetbrains.kotlin.codegen.optimization.MethodVerifier                        : loaded 2 times (x 73B)
Class org.jetbrains.kotlin.backend.jvm.codegen.BlockInfo                              : loaded 2 times (x 72B)
Class org.jetbrains.kotlin.backend.jvm.JvmSyntheticAccessorGenerator                  : loaded 2 times (x 78B)
Class org.jetbrains.kotlin.backend.common.lower.MaskedDefaultArgumentFunctionFactory  : loaded 2 times (x 74B)
Class org.jetbrains.kotlin.backend.common.lower.Transformer                           : loaded 2 times (x 510B)
Class org.jetbrains.kotlin.backend.jvm.lower.JvmBuiltInsLowering$lower$transformer$1  : loaded 2 times (x 510B)
Class org.jetbrains.kotlin.backend.jvm.codegen.EnumEntriesIntrinsicMappingsCacheImpl  : loaded 2 times (x 74B)
Class [Lorg.jetbrains.kotlin.ir.types.IrSimpleType;                                   : loaded 2 times (x 69B)
Class org.jetbrains.kotlin.codegen.context.InlineLambdaContext                        : loaded 2 times (x 119B)
Class org.jetbrains.kotlin.codegen.intrinsics.NumberCast                              : loaded 2 times (x 78B)
Class org.jetbrains.kotlin.codegen.inline.InlineCache                                 : loaded 2 times (x 72B)
Class org.jetbrains.kotlin.diagnostics.GenericDiagnostics                             : loaded 2 times (x 70B)
Class org.jetbrains.kotlin.ir.builders.declarations.IrTypeParameterBuilder            : loaded 2 times (x 73B)
Class org.jetbrains.kotlin.load.java.JavaDescriptorVisibilities$2                     : loaded 2 times (x 79B)
Class org.jetbrains.kotlin.ir.expressions.IrConstKind$Null                            : loaded 2 times (x 72B)
Class [Lorg.jetbrains.kotlin.mpp.DeclarationSymbolMarker;                             : loaded 2 times (x 69B)
Class org.jetbrains.kotlin.renderer.ClassifierNamePolicy$SHORT                        : loaded 2 times (x 74B)
Class [Lorg.jetbrains.kotlin.renderer.PropertyAccessorRenderingPolicy;                : loaded 2 times (x 69B)
Class org.jetbrains.kotlin.diagnostics.rendering.DiagnosticParameterRenderer          : loaded 2 times (x 70B)
Class org.jetbrains.kotlin.resolve.calls.results.FlatSignatureKt                      : loaded 2 times (x 71B)
Class org.jetbrains.kotlin.types.TypeCheckerState$SupertypesPolicy$None               : loaded 2 times (x 72B)
Class org.jetbrains.kotlin.types.TypeCheckerState$SupertypesPolicy$DoCustomTransform  : loaded 2 times (x 72B)
Class org.jetbrains.kotlin.metadata.deserialization.VersionRequirement$Version        : loaded 2 times (x 71B)
Class org.jetbrains.kotlin.metadata.jvm.deserialization.JvmFlags                      : loaded 2 times (x 71B)
Class org.jetbrains.kotlin.metadata.ProtoBuf$Expression$ConstantValue                 : loaded 2 times (x 82B)
Class org.jetbrains.kotlin.load.java.FakePureImplementationsProvider                  : loaded 2 times (x 71B)
Class org.jetbrains.kotlin.load.java.structure.JavaPackage                            : loaded 2 times (x 70B)
Class org.jetbrains.kotlin.resolve.jvm.KotlinSafeClassFinder                          : loaded 2 times (x 70B)
Class org.jetbrains.kotlin.parsing.AllCommentsBinder                                  : loaded 2 times (x 74B)
Class org.jetbrains.kotlin.com.google.common.collect.RegularImmutableMap$Values       : loaded 2 times (x 207B)
Class org.jetbrains.kotlin.it.unimi.dsi.fastutil.ints.IntSpliterator                  : loaded 2 times (x 70B)
Class kotlin.jvm.internal.MutablePropertyReference1Impl                               : loaded 2 times (x 137B)
Class org.jetbrains.kotlin.mpp.RegularClassSymbolMarker                               : loaded 2 times (x 70B)
Class org.jetbrains.kotlin.load.java.AbstractJavaClassFinder$FilterOutKotlinSourceFilesScope: loaded 2 times (x 101B)
Class [Lorg.jetbrains.kotlin.builtins.functions.FunctionTypeKind;                     : loaded 2 times (x 69B)
Class org.jetbrains.kotlin.psi.stubs.KotlinContractEffectStub                         : loaded 2 times (x 70B)
Class org.jetbrains.kotlin.psi.KtClassBody                                            : loaded 2 times (x 446B)
Class org.jetbrains.kotlin.resolve.checkers.PrivateInlineFunctionsReturningAnonymousObjectsChecker: loaded 2 times (x 74B)
Class org.jetbrains.kotlin.resolve.checkers.DynamicReceiverChecker                    : loaded 2 times (x 74B)
Class [Lkotlin.sequences.Sequence;                                                    : loaded 2 times (x 69B)
Class [Lorg.jetbrains.kotlin.protobuf.Internal$EnumLite;                              : loaded 2 times (x 69B)
Class org.jetbrains.kotlin.cli.jvm.compiler.CliTraceHolder                            : loaded 2 times (x 77B)
Class org.jetbrains.kotlin.com.intellij.psi.codeStyle.JavaCodeStyleSettingsFacade     : loaded 2 times (x 73B)
Class org.jetbrains.kotlin.com.intellij.psi.impl.source.resolve.PsiResolveHelperImpl  : loaded 2 times (x 111B)
Class [Lorg.jetbrains.kotlin.com.intellij.psi.ResolveResult;                          : loaded 2 times (x 69B)
Class org.jetbrains.kotlin.com.intellij.psi.ResolveResult                             : loaded 2 times (x 70B)
Class org.jetbrains.kotlin.com.intellij.psi.impl.PsiManagerImpl                       : loaded 2 times (x 126B)
Class kotlinx.coroutines.ChildHandleNode                                              : loaded 2 times (x 94B)
Class org.jetbrains.kotlin.com.intellij.ide.plugins.IdeaPluginDescriptor              : loaded 2 times (x 70B)
Class kotlinx.coroutines.scheduling.SchedulerCoroutineDispatcher                      : loaded 2 times (x 108B)
Class org.jetbrains.kotlin.com.intellij.lang.jvm.JvmModifiersOwner                    : loaded 2 times (x 70B)
Class org.jetbrains.kotlin.com.intellij.lexer.DelegateLexer                           : loaded 2 times (x 84B)
Class org.jetbrains.kotlin.com.intellij.openapi.diagnostic.LogLevel                   : loaded 2 times (x 79B)
Class org.jetbrains.kotlin.com.intellij.util.containers.MultiMap$4                    : loaded 2 times (x 75B)
Class org.jetbrains.kotlin.backend.common.lower.LocalDeclarationsLowering             : loaded 2 times (x 88B)
Class org.jetbrains.kotlin.backend.jvm.JvmLoweringPhasesKt$jvmFilePhases$33           : loaded 2 times (x 125B)
Class org.jetbrains.kotlin.backend.common.phaser.ActionState                          : loaded 2 times (x 72B)
Class org.jetbrains.kotlin.com.google.common.collect.Multimaps$Entries                : loaded 2 times (x 118B)
Class com.google.common.collect.ImmutableSortedSet                                    : loaded 2 times (x 299B)
Class [Lcom.google.common.cache.LocalCache$EntryFactory;                              : loaded 2 times (x 69B)
Class com.google.common.base.CharMatcher$JavaLetter                                   : loaded 2 times (x 111B)
Class org.gradle.internal.classloader.ClassLoaderFactory                              : loaded 2 times (x 70B)
Class org.jetbrains.kotlin.serialization.deserialization.descriptors.DeserializedClassDescriptor$DeserializedClassMemberScope: loaded 2 times (x 109B)
Class [Lorg.jetbrains.kotlin.descriptors.ClassifierDescriptor;                        : loaded 2 times (x 69B)
Class org.jetbrains.kotlin.backend.jvm.codegen.TypeAnnotationPosition$ValueParameterType: loaded 2 times (x 72B)
Class org.jetbrains.kotlin.codegen.optimization.common.UtilKt$updateMaxStack$1        : loaded 2 times (x 104B)
Class org.jetbrains.org.objectweb.asm.commons.InstructionAdapter                      : loaded 2 times (x 187B)
Class org.jetbrains.kotlin.codegen.inline.InlineCodegenUtilsKt                        : loaded 2 times (x 71B)
Class org.jetbrains.kotlin.backend.jvm.MultifileFacadesKt                             : loaded 2 times (x 71B)
Class org.jetbrains.kotlin.backend.jvm.lower.JvmLocalClassPopupLowering$lower$$inlined$findInlineLambdas$1: loaded 2 times (x 330B)
Class org.jetbrains.kotlin.codegen.StackValue                                         : loaded 2 times (x 87B)
Class org.jetbrains.kotlin.codegen.intrinsics.Java8UIntDivide                         : loaded 2 times (x 79B)
Class org.jetbrains.kotlin.codegen.intrinsics.IteratorNext                            : loaded 2 times (x 78B)
Class org.jetbrains.kotlin.ir.util.DeepCopySymbolRemapper                             : loaded 2 times (x 658B)
Class org.jetbrains.kotlin.load.java.JavaDescriptorVisibilities$3                     : loaded 2 times (x 79B)
Class org.jetbrains.kotlin.ir.declarations.IrScript                                   : loaded 2 times (x 157B)
Class org.jetbrains.kotlin.ir.symbols.IrEnumEntrySymbol                               : loaded 2 times (x 70B)
Class org.jetbrains.kotlin.ir.expressions.IrStatementOriginImpl                       : loaded 2 times (x 78B)
Class org.jetbrains.kotlin.descriptors.ClassOrPackageFragmentDescriptor               : loaded 2 times (x 70B)
Class org.jetbrains.kotlin.ir.symbols.IrClassifierSymbol                              : loaded 2 times (x 70B)
Class org.jetbrains.kotlin.load.java.structure.JavaLiteralAnnotationArgument          : loaded 2 times (x 70B)
Class org.jetbrains.kotlin.resolve.calls.checkers.LambdaWithSuspendModifierCallChecker: loaded 2 times (x 74B)
Class org.jetbrains.kotlin.psi.KtWhenConditionWithExpression                          : loaded 2 times (x 377B)
Class org.jetbrains.kotlin.psi.ValueArgument                                          : loaded 2 times (x 70B)
Class [Lorg.jetbrains.kotlin.psi.KtEnumEntrySuperclassReferenceExpression;            : loaded 2 times (x 69B)
Class org.jetbrains.kotlin.psi.KtDotQualifiedExpression                               : loaded 2 times (x 573B)
Class org.jetbrains.kotlin.psi.KtReferenceExpression                                  : loaded 2 times (x 70B)
Class org.jetbrains.kotlin.psi.KtImportList                                           : loaded 2 times (x 444B)
Class [Lorg.jetbrains.kotlin.psi.KtParameterList;                                     : loaded 2 times (x 69B)
Class org.jetbrains.kotlin.psi.stubs.KotlinFunctionStub                               : loaded 2 times (x 70B)
Class org.jetbrains.kotlin.util.EmptyArrayMap                                         : loaded 2 times (x 83B)
Class org.jetbrains.kotlin.platform.jvm.JdkPlatform                                   : loaded 2 times (x 75B)
Class [Lorg.jetbrains.kotlin.com.intellij.lang.jvm.JvmAnnotatedElement;               : loaded 2 times (x 69B)
Class org.jetbrains.kotlin.cli.jvm.compiler.MockInferredAnnotationsManager$Companion  : loaded 2 times (x 71B)
Class org.jetbrains.kotlin.asJava.finder.JavaElementFinder$Companion                  : loaded 2 times (x 71B)
Class org.jetbrains.kotlin.com.intellij.util.lang.JavaVersion                         : loaded 2 times (x 74B)
Class org.jetbrains.kotlin.com.intellij.psi.PsiClassType                              : loaded 2 times (x 119B)
Class org.jetbrains.kotlin.com.intellij.testFramework.LightVirtualFile$1              : loaded 2 times (x 94B)
Class org.jetbrains.kotlin.com.intellij.openapi.util.Factory                          : loaded 2 times (x 70B)
Class org.jetbrains.kotlin.com.intellij.openapi.extensions.impl.ExtensionsAreaImplKt  : loaded 2 times (x 71B)
Class kotlinx.coroutines.CompletionHandlerBase                                        : loaded 2 times (x 80B)
Class org.jetbrains.kotlin.com.fasterxml.aalto.in.ReaderConfig$EncodingContext        : loaded 2 times (x 72B)
Class kotlinx.coroutines.internal.ThreadContextKt$findOne$1                           : loaded 2 times (x 78B)
Class org.jetbrains.kotlin.com.intellij.util.containers.UnsafeWeakList                : loaded 2 times (x 122B)
Class org.jetbrains.kotlin.com.intellij.lang.jvm.JvmField                             : loaded 2 times (x 70B)
Class org.jetbrains.kotlin.kotlinx.collections.immutable.ImmutableSet                 : loaded 2 times (x 70B)
Class org.jetbrains.kotlin.com.intellij.psi.impl.source.tree.PsiWhiteSpaceImpl        : loaded 2 times (x 376B)
Class org.jetbrains.kotlin.com.intellij.openapi.extensions.impl.ImplementationClassResolver: loaded 2 times (x 70B)
Class org.jetbrains.kotlin.cli.jvm.modules.CoreJrtVirtualFile                         : loaded 2 times (x 154B)
Class org.jetbrains.kotlin.com.intellij.ide.plugins.PluginEnabler                     : loaded 2 times (x 70B)
Class org.jetbrains.kotlin.cli.jvm.modules.CoreJrtFileSystem$Companion                : loaded 2 times (x 71B)
Class org.jetbrains.kotlin.backend.jvm.lower.JvmInnerClassesMemberBodyLowering        : loaded 2 times (x 86B)
Class org.jetbrains.kotlin.backend.common.lower.FlattenStringConcatenationLowering    : loaded 2 times (x 509B)
Class org.jetbrains.kotlin.backend.jvm.JvmLoweringPhasesKt$jvmFilePhases$34           : loaded 2 times (x 125B)
Class org.jetbrains.kotlin.backend.common.phaser.PhaseBuildersKt$createSimpleNamedCompilerPhase$1: loaded 2 times (x 86B)
Class kotlin.reflect.jvm.internal.impl.builtins.PrimitiveType                         : loaded 2 times (x 79B)
Class org.jetbrains.kotlin.config.AnalysisFlag$Delegates$Boolean                      : loaded 2 times (x 71B)
Class org.jetbrains.kotlin.cli.common.arguments.ArgumentParseErrors                   : loaded 2 times (x 72B)
Class com.google.common.cache.LocalCache$LocalManualCache                             : loaded 2 times (x 99B)
Class com.google.common.base.CharMatcher$IsNot                                        : loaded 2 times (x 111B)
Class com.google.common.base.CommonPattern                                            : loaded 2 times (x 74B)
Class org.gradle.internal.service.CachingServiceLocator                               : loaded 2 times (x 82B)
Class org.jetbrains.kotlin.com.intellij.util.containers.LinkedCustomHashMap$LinkedHashIterator: loaded 2 times (x 83B)
Class org.jetbrains.kotlin.codegen.inline.RootInliningContext                         : loaded 2 times (x 74B)
Class org.jetbrains.kotlin.utils.SmartSet$ArrayIterator                               : loaded 2 times (x 81B)
Class org.jetbrains.kotlin.backend.jvm.codegen.ClassCodegen                           : loaded 2 times (x 72B)
Class org.jetbrains.kotlin.resolve.jvm.jvmSignature.JvmMethodParameterSignature       : loaded 2 times (x 72B)
Class [Lorg.jetbrains.kotlin.ir.declarations.IrValueParameter;                        : loaded 2 times (x 69B)
Class org.jetbrains.kotlin.codegen.ClassBuilderFactories$1                            : loaded 2 times (x 78B)
Class org.jetbrains.kotlin.backend.jvm.JvmGeneratorExtensionsImpl$JvmSamConversion    : loaded 2 times (x 74B)
Class org.jetbrains.kotlin.ir.expressions.IrGetEnumValue                              : loaded 2 times (x 106B)
Class org.jetbrains.kotlin.descriptors.TypeAliasDescriptor                            : loaded 2 times (x 70B)
Class org.jetbrains.kotlin.renderer.DescriptorRendererOptionsImpl                     : loaded 2 times (x 176B)
Class org.jetbrains.kotlin.incremental.components.LookupLocation                      : loaded 2 times (x 70B)
Class org.jetbrains.kotlin.backend.common.ir.Symbols                                  : loaded 2 times (x 99B)
Class org.jetbrains.kotlin.diagnostics.PositioningStrategies$ELSE_ENTRY$1             : loaded 2 times (x 74B)
Class org.jetbrains.kotlin.diagnostics.PositioningStrategies$DECLARATION_WITH_BODY$1  : loaded 2 times (x 74B)
Class org.jetbrains.kotlin.diagnostics.PositioningStrategies$DECLARATION_NAME$1       : loaded 2 times (x 74B)
Class org.jetbrains.kotlin.load.kotlin.header.ReadKotlinClassHeaderAnnotationVisitor$KotlinMetadataArgumentVisitor$1: loaded 2 times (x 85B)
Class org.jetbrains.kotlin.com.google.common.collect.ImmutableMapEntry$NonTerminalImmutableBiMapEntry: loaded 2 times (x 85B)
Class org.jetbrains.kotlin.psi.KtPsiUtil                                              : loaded 2 times (x 71B)
Class org.jetbrains.kotlin.com.intellij.openapi.util.Ref                              : loaded 2 times (x 72B)
Class org.jetbrains.kotlin.com.google.common.collect.ImmutableMapEntrySet             : loaded 2 times (x 152B)
Class org.jetbrains.kotlin.com.intellij.psi.text.BlockSupport$ReparsedSuccessfullyException: loaded 2 times (x 83B)
Class org.jetbrains.kotlin.descriptors.Visibilities$Public                            : loaded 2 times (x 79B)
Class org.jetbrains.kotlin.descriptors.ModuleDescriptor                               : loaded 2 times (x 70B)
Class [Lorg.jetbrains.kotlin.psi.KtEscapeStringTemplateEntry;                         : loaded 2 times (x 69B)
Class org.jetbrains.kotlin.psi.stubs.KotlinTypeParameterStub                          : loaded 2 times (x 70B)
Class org.jetbrains.kotlin.psi.stubs.KotlinPropertyStub                               : loaded 2 times (x 70B)
Class org.jetbrains.kotlin.psi.KtBlockCodeFragmentType                                : loaded 2 times (x 84B)
Class org.jetbrains.kotlin.com.intellij.psi.impl.source.tree.ICodeFragmentElementType : loaded 2 times (x 84B)
Class org.jetbrains.kotlin.protobuf.ExtensionRegistryLite$ObjectIntPair               : loaded 2 times (x 72B)
Class org.jetbrains.kotlin.metadata.ProtoBuf$Class$1                                  : loaded 2 times (x 144B)
Class [Lorg.jetbrains.kotlin.com.intellij.util.KeyedLazyInstance;                     : loaded 2 times (x 69B)
Class org.jetbrains.kotlin.com.intellij.openapi.util.NotNullLazyKey                   : loaded 2 times (x 77B)
Class org.jetbrains.kotlin.com.intellij.psi.scope.processor.MethodCandidatesProcessor : loaded 2 times (x 112B)
Class org.jetbrains.kotlin.load.kotlin.KotlinBinaryClassCache                         : loaded 2 times (x 75B)
Class org.jetbrains.kotlin.com.intellij.psi.PsiIdentifier                             : loaded 2 times (x 70B)
Class org.jetbrains.kotlin.com.intellij.psi.stubs.BinaryFileStubBuilder               : loaded 2 times (x 70B)
Class org.jetbrains.kotlin.kotlinx.collections.immutable.implementations.immutableSet.TrieNodeIterator: loaded 2 times (x 72B)
Class org.jetbrains.kotlin.com.intellij.ide.highlighter.ArchiveFileType               : loaded 2 times (x 85B)
Class org.jetbrains.kotlin.com.intellij.util.pico.TooManySatisfiableConstructorsException: loaded 2 times (x 82B)
Class org.jetbrains.kotlin.com.intellij.openapi.progress.impl.CoreProgressManager$1   : loaded 2 times (x 84B)
Class org.jetbrains.kotlin.com.intellij.lang.impl.PsiBuilderFactoryImpl               : loaded 2 times (x 76B)
Class kotlin.collections.AbstractMap                                                  : loaded 2 times (x 122B)
Class org.jetbrains.kotlin.com.intellij.openapi.util.text.Strings                     : loaded 2 times (x 71B)
Class org.jetbrains.kotlin.com.intellij.core.JavaCoreApplicationEnvironment           : loaded 2 times (x 94B)
Class org.jetbrains.kotlin.com.intellij.util.containers.MultiMap$6                    : loaded 2 times (x 75B)
Class org.jetbrains.kotlin.backend.jvm.lower.ProcessOptionalAnnotations               : loaded 2 times (x 80B)
Class org.jetbrains.kotlin.backend.jvm.lower.JvmInitializersLowering                  : loaded 2 times (x 87B)
Class org.jetbrains.kotlin.backend.jvm.JvmLoweringPhasesKt$jvmFilePhases$35           : loaded 2 times (x 125B)
Class org.jetbrains.kotlin.backend.jvm.lower.AssertionLowering                        : loaded 2 times (x 254B)
Class [Lkotlin.jvm.functions.Function3;                                               : loaded 2 times (x 69B)
Class kotlin.collections.AbstractList$IteratorImpl                                    : loaded 2 times (x 82B)
Class kotlin.jvm.internal.CallableReference                                           : loaded 2 times (x 106B)
Class org.gradle.kotlin.dsl.Accessors8rihyt52ywg47pk3ez2ijmcwzKt                      : loaded 2 times (x 71B)
Class com.google.common.collect.AbstractMapBasedMultimap$KeySet                       : loaded 2 times (x 137B)
Class com.google.common.collect.RegularImmutableSortedSet                             : loaded 2 times (x 299B)
Class com.google.common.math.IntMath                                                  : loaded 2 times (x 71B)
Class org.jetbrains.kotlin.types.StarProjectionImpl                                   : loaded 2 times (x 84B)
Class org.jetbrains.kotlin.metadata.serialization.Interner                            : loaded 2 times (x 72B)
Class org.jetbrains.org.objectweb.asm.tree.AnnotationNode                             : loaded 2 times (x 79B)
Class org.jetbrains.kotlin.ir.builders.IrElementBuilderKt                             : loaded 2 times (x 71B)
Class org.jetbrains.kotlin.backend.jvm.lower.JvmStaticAnnotationLoweringKt            : loaded 2 times (x 71B)
Class org.jetbrains.kotlin.ir.util.ExternalDependenciesGenerator                      : loaded 2 times (x 72B)
Class org.jetbrains.kotlin.backend.common.lower.SpecialBridgeMethods$specialMethodsWithDefaults$10: loaded 2 times (x 125B)
Class org.jetbrains.kotlin.codegen.ClassBuilderFactories$2                            : loaded 2 times (x 78B)
Class org.jetbrains.kotlin.ir.declarations.IrLocalDelegatedProperty                   : loaded 2 times (x 137B)
Class [Lorg.jetbrains.kotlin.mpp.ClassLikeSymbolMarker;                               : loaded 2 times (x 69B)
Class org.jetbrains.kotlin.ir.declarations.MetadataSource                             : loaded 2 times (x 70B)
Class [Lorg.jetbrains.kotlin.descriptors.annotations.AnnotatedImpl;                   : loaded 2 times (x 69B)
Class org.jetbrains.kotlin.load.java.JavaIncompatibilityRulesOverridabilityCondition  : loaded 2 times (x 75B)
Class org.jetbrains.kotlin.descriptors.ModuleCapability                               : loaded 2 times (x 72B)
Class org.jetbrains.kotlin.diagnostics.PositioningStrategies$OBJECT_KEYWORD$1         : loaded 2 times (x 74B)
Class org.jetbrains.kotlin.diagnostics.PositioningStrategies$DECLARATION_NAME_ONLY$1  : loaded 2 times (x 74B)
Class org.jetbrains.kotlin.resolve.calls.inference.model.NewConstraintSystemImpl$State: loaded 2 times (x 79B)
Class org.jetbrains.kotlin.SpecialJvmAnnotations                                      : loaded 2 times (x 71B)
Class org.jetbrains.kotlin.metadata.ProtoBuf$VersionRequirement$1                     : loaded 2 times (x 144B)
Class org.jetbrains.kotlin.metadata.jvm.JvmProtoBuf$StringTableTypes$Record$1         : loaded 2 times (x 144B)
Class org.jetbrains.kotlin.load.kotlin.header.ReadKotlinClassHeaderAnnotationVisitor$KotlinMetadataArgumentVisitor$2: loaded 2 times (x 85B)
Class org.jetbrains.kotlin.load.java.structure.impl.classFiles.CommonMixinsKt         : loaded 2 times (x 71B)
Class org.jetbrains.kotlin.com.intellij.lang.SyntaxTreeBuilder$Marker                 : loaded 2 times (x 70B)
Class org.jetbrains.kotlin.builtins.StandardNames$FqNames                             : loaded 2 times (x 71B)
Class org.jetbrains.kotlin.psi.KtIfExpression                                         : loaded 2 times (x 444B)
Class org.jetbrains.kotlin.psi.KtAnonymousInitializer                                 : loaded 2 times (x 70B)
Class org.jetbrains.kotlin.resolve.checkers.ValueClassDeclarationChecker              : loaded 2 times (x 74B)
Class org.jetbrains.kotlin.resolve.checkers.ExpectActualInTheSameModuleChecker        : loaded 2 times (x 74B)
Class org.jetbrains.kotlin.com.intellij.util.keyFMap.PairElementsFMap                 : loaded 2 times (x 80B)
Class org.jetbrains.kotlin.cli.jvm.compiler.CliJavaModuleUtilsKt                      : loaded 2 times (x 71B)
Class kotlin.script.dependencies.ScriptDependenciesResolver                           : loaded 2 times (x 70B)
Class org.jetbrains.kotlin.codegen.extensions.ClassFileFactoryFinalizerExtension$Companion: loaded 2 times (x 72B)
Class org.jetbrains.kotlin.com.intellij.psi.controlFlow.ControlFlow                   : loaded 2 times (x 70B)
Class org.jetbrains.kotlin.com.intellij.psi.PsiElementVisitor                         : loaded 2 times (x 81B)
Class kotlinx.coroutines.BlockingEventLoop                                            : loaded 2 times (x 117B)
Class kotlin.coroutines.AbstractCoroutineContextElement                               : loaded 2 times (x 89B)
Class kotlinx.coroutines.ThreadLocalEventLoop                                         : loaded 2 times (x 71B)
Class org.jetbrains.kotlin.com.intellij.openapi.util.AtomicNotNullLazyValue           : loaded 2 times (x 77B)
Class kotlin.ranges.IntRange                                                          : loaded 2 times (x 93B)
Class org.jetbrains.kotlin.com.intellij.openapi.progress.impl.CoreProgressManager$2   : loaded 2 times (x 84B)
Class org.jetbrains.kotlin.com.intellij.psi.PsiReferenceServiceImpl                   : loaded 2 times (x 73B)
Class org.jetbrains.kotlin.com.intellij.openapi.extensions.impl.InterfaceExtensionPoint: loaded 2 times (x 91B)
Class org.jetbrains.kotlin.com.intellij.openapi.util.ModificationTracker              : loaded 2 times (x 70B)
Class org.jetbrains.kotlin.com.intellij.util.containers.FastUtilHashingStrategies$1   : loaded 2 times (x 81B)
Class org.jetbrains.kotlin.cli.common.config.ContentRoot                              : loaded 2 times (x 70B)
Class org.jetbrains.kotlin.backend.common.DeclarationTransformer                      : loaded 2 times (x 70B)
Class org.jetbrains.kotlin.backend.jvm.JvmLoweringPhasesKt$jvmFilePhases$36           : loaded 2 times (x 125B)
Class org.jetbrains.kotlin.backend.jvm.lower.MoveOrCopyCompanionObjectFieldsLowering  : loaded 2 times (x 85B)
Class kotlin.reflect.jvm.internal.impl.descriptors.runtime.structure.ReflectClassUtilKt: loaded 2 times (x 71B)
Class org.jetbrains.kotlin.config.LanguageFeature$Companion                           : loaded 2 times (x 71B)
Class org.jetbrains.kotlin.load.java.NullabilityAnnotationStates                      : loaded 2 times (x 70B)
Class kotlin.properties.ReadOnlyProperty                                              : loaded 2 times (x 70B)
Class kotlin.jvm.internal.markers.KMutableMap                                         : loaded 2 times (x 70B)
Class com.google.common.collect.Iterators$10                                          : loaded 2 times (x 81B)
Class com.google.common.collect.ImmutableMapEntry                                     : loaded 2 times (x 85B)
Class com.google.common.base.CharMatcher$JavaDigit                                    : loaded 2 times (x 111B)
Class org.jetbrains.kotlin.codegen.inline.MethodInliner$PointForExternalFinallyBlocks : loaded 2 times (x 72B)
Class org.jetbrains.kotlin.codegen.optimization.boxing.BoxedBasicValueKt              : loaded 2 times (x 71B)
Class org.jetbrains.kotlin.types.DelegatingSimpleTypeImpl                             : loaded 2 times (x 96B)
Class org.jetbrains.kotlin.codegen.inline.ReifiedTypeInliner                          : loaded 2 times (x 72B)
Class org.jetbrains.kotlin.codegen.TransformationMethodVisitor$EndIgnoringMethodVisitorDecorator: loaded 2 times (x 104B)
Class org.jetbrains.kotlin.descriptors.CallableMemberDescriptor$Kind                  : loaded 2 times (x 79B)
Class org.jetbrains.kotlin.types.AbstractTypeMapper$WhenMappings                      : loaded 2 times (x 71B)
Class org.jetbrains.kotlin.backend.jvm.lower.JvmDefaultArgumentFunctionFactory        : loaded 2 times (x 74B)
Class org.jetbrains.kotlin.codegen.when.MappingClassesForWhenByEnumCodegen            : loaded 2 times (x 73B)
Class org.jetbrains.kotlin.codegen.intrinsics.Java8ULongDivide                        : loaded 2 times (x 79B)
Class [Lorg.jetbrains.kotlin.config.JvmClosureGenerationScheme;                       : loaded 2 times (x 69B)
Class org.jetbrains.kotlin.util.slicedMap.RewritePolicy$1                             : loaded 2 times (x 75B)
Class org.jetbrains.kotlin.ir.declarations.IrPackageFragmentsKt                       : loaded 2 times (x 71B)
Class org.jetbrains.kotlin.builtins.UnsignedType                                      : loaded 2 times (x 79B)
Class org.jetbrains.kotlin.ir.symbols.impl.IrFileSymbolImpl                           : loaded 2 times (x 93B)
Class org.jetbrains.kotlin.ir.expressions.IrConstructorCall                           : loaded 2 times (x 118B)
Class org.jetbrains.kotlin.descriptors.impl.ModuleDependencies                        : loaded 2 times (x 70B)
Class [Lorg.jetbrains.kotlin.descriptors.impl.ModuleDescriptorImpl;                   : loaded 2 times (x 69B)
Class org.jetbrains.kotlin.serialization.deserialization.ErrorReporter$1              : loaded 2 times (x 75B)
Class org.jetbrains.kotlin.ir.symbols.IrValueParameterSymbol                          : loaded 2 times (x 70B)
Class org.jetbrains.kotlin.ir.builders.declarations.DeclarationBuildersKt             : loaded 2 times (x 71B)
Class org.jetbrains.kotlin.ir.symbols.IrSymbol                                        : loaded 2 times (x 70B)
Class org.jetbrains.kotlin.diagnostics.PositioningStrategies$NOT_SUPPORTED_IN_INLINE_MOST_RELEVANT$1: loaded 2 times (x 74B)
Class org.jetbrains.kotlin.load.java.structure.impl.classFiles.BinaryClassSignatureParser$JavaSignatureVariance: loaded 2 times (x 79B)
Class org.jetbrains.org.objectweb.asm.Type                                            : loaded 2 times (x 72B)
Class org.jetbrains.kotlin.parsing.KotlinParsing$AnnotationParsingMode                : loaded 2 times (x 79B)
Class org.jetbrains.kotlin.psi.KtCallExpression                                       : loaded 2 times (x 571B)
Class org.jetbrains.kotlin.psi.KtWhileExpressionBase                                  : loaded 2 times (x 441B)
Class org.jetbrains.kotlin.psi.KtEscapeStringTemplateEntry                            : loaded 2 times (x 445B)
Class org.jetbrains.kotlin.psi.KotlinStringLiteralTextEscaper                         : loaded 2 times (x 76B)
Class org.jetbrains.kotlin.psi.KtContextReceiver                                      : loaded 2 times (x 443B)
Class [Lorg.jetbrains.kotlin.psi.KtQualifiedExpression;                               : loaded 2 times (x 69B)
Class [Lorg.jetbrains.kotlin.psi.KtClass;                                             : loaded 2 times (x 69B)
Class org.jetbrains.kotlin.KtNodeType$KtLeftBoundNodeType                             : loaded 2 times (x 76B)
Class org.jetbrains.kotlin.lexer.KtSingleValueToken                                   : loaded 2 times (x 77B)
Class org.jetbrains.kotlin.metadata.ProtoBuf$TypeParameterOrBuilder                   : loaded 2 times (x 70B)
Class org.jetbrains.kotlin.metadata.ProtoBuf$Property                                 : loaded 2 times (x 148B)
Class org.jetbrains.kotlin.resolve.jvm.modules.JavaModuleInfo$Companion$read$1$visitModule$1: loaded 2 times (x 80B)
Class org.jetbrains.kotlin.fir.extensions.FirExtensionRegistrarAdapter                : loaded 2 times (x 71B)
Class org.jetbrains.kotlin.extensions.PreprocessedVirtualFileFactoryExtension$Companion: loaded 2 times (x 72B)
Class org.jetbrains.kotlin.com.intellij.psi.impl.source.resolve.JavaResolveCache      : loaded 2 times (x 74B)
Class org.jetbrains.kotlin.com.intellij.psi.PsiManager                                : loaded 2 times (x 113B)
Class kotlinx.coroutines.CompletionStateKt                                            : loaded 2 times (x 71B)
Class org.jetbrains.kotlin.com.intellij.psi.presentation.java.VariablePresentationProvider: loaded 2 times (x 76B)
Class org.jetbrains.kotlin.com.intellij.openapi.command.CommandProcessorEx            : loaded 2 times (x 74B)
Class org.jetbrains.kotlin.com.intellij.openapi.progress.impl.CoreProgressManager$3   : loaded 2 times (x 89B)
Class org.jetbrains.kotlin.com.intellij.util.pico.AmbiguousComponentResolutionException: loaded 2 times (x 82B)
Class org.jetbrains.kotlin.backend.jvm.JvmLoweringPhasesKt$jvmFilePhases$37           : loaded 2 times (x 125B)
Class org.jetbrains.kotlin.it.unimi.dsi.fastutil.objects.Reference2ObjectMap$FastEntrySet: loaded 2 times (x 70B)
Class org.jetbrains.kotlin.config.AnalysisFlag$Delegates$ApiModeDisabledByDefault     : loaded 2 times (x 71B)
Class org.jetbrains.kotlin.config.LanguageVersionSettingsImpl                         : loaded 2 times (x 81B)
Class org.jetbrains.kotlin.name.FqName                                                : loaded 2 times (x 72B)
Class org.jetbrains.kotlin.cli.common.arguments.CommonCompilerArguments$Companion     : loaded 2 times (x 71B)
Class kotlin.enums.EnumEntries                                                        : loaded 2 times (x 70B)
Class com.google.common.base.Equivalence                                              : loaded 2 times (x 82B)
Class com.google.common.collect.ImmutableMapEntry$NonTerminalImmutableMapEntry        : loaded 2 times (x 85B)
Class com.google.common.base.Function                                                 : loaded 2 times (x 70B)
Class org.jetbrains.kotlin.cli.common.messages.AnalyzerWithCompilerReport$Companion   : loaded 2 times (x 71B)
Class org.jetbrains.kotlin.serialization.deserialization.descriptors.DeserializedClassDescriptor$memberScopeHolder$1: loaded 2 times (x 125B)
Class org.jetbrains.kotlin.codegen.inline.InternalFinallyBlockInliner                 : loaded 2 times (x 75B)
Class org.jetbrains.org.objectweb.asm.commons.MethodRemapper                          : loaded 2 times (x 105B)
Class org.jetbrains.kotlin.descriptors.impl.ModuleAwareClassDescriptorKt              : loaded 2 times (x 71B)
Class org.jetbrains.kotlin.backend.jvm.codegen.FunctionCodegenKt                      : loaded 2 times (x 71B)
Class org.jetbrains.kotlin.backend.jvm.codegen.PromisedValue                          : loaded 2 times (x 74B)
Class org.jetbrains.org.objectweb.asm.TypePath                                        : loaded 2 times (x 72B)
Class org.jetbrains.kotlin.resolve.jvm.annotations.JvmAnnotationUtilKt                : loaded 2 times (x 71B)
Class org.jetbrains.kotlin.backend.common.lower.ComparableRangeToHandler              : loaded 2 times (x 80B)
Class org.jetbrains.kotlin.backend.jvm.IntermediateMfvcNode                           : loaded 2 times (x 89B)
Class org.jetbrains.kotlin.codegen.PackageCodegen                                     : loaded 2 times (x 70B)
Class org.jetbrains.kotlin.codegen.intrinsics.KClassJavaObjectTypeProperty            : loaded 2 times (x 79B)
Class org.jetbrains.kotlin.resolve.DelegatingBindingTrace                             : loaded 2 times (x 105B)
Class org.jetbrains.kotlin.backend.common.extensions.IrPluginContextImpl              : loaded 2 times (x 123B)
Class org.jetbrains.kotlin.ir.overrides.IrUnimplementedOverridesStrategy              : loaded 2 times (x 70B)
Class [Lorg.jetbrains.kotlin.ir.declarations.IrAttributeContainer;                    : loaded 2 times (x 69B)
Class org.jetbrains.kotlin.ir.symbols.IrPropertySymbol                                : loaded 2 times (x 70B)
Class org.jetbrains.kotlin.serialization.deserialization.DeserializedClassDataFinder  : loaded 2 times (x 75B)
Class org.jetbrains.kotlin.ir.types.IrTypeArgument                                    : loaded 2 times (x 70B)
Class org.jetbrains.kotlin.ir.IrBuiltIns$Companion                                    : loaded 2 times (x 71B)
Class org.jetbrains.kotlin.diagnostics.PositioningStrategies$TYPEALIAS_TYPE_REFERENCE$1: loaded 2 times (x 74B)
Class org.jetbrains.kotlin.resolve.calls.inference.model.FixVariableConstraintPosition: loaded 2 times (x 72B)
Class org.jetbrains.kotlin.types.model.TypeVariableTypeConstructorMarker              : loaded 2 times (x 70B)
Class org.jetbrains.kotlin.metadata.jvm.deserialization.UtfEncodingKt                 : loaded 2 times (x 71B)
Class org.jetbrains.kotlin.metadata.jvm.JvmProtoBuf$JvmFieldSignature$1               : loaded 2 times (x 144B)
Class org.jetbrains.kotlin.metadata.jvm.JvmProtoBuf$JvmMethodSignature                : loaded 2 times (x 108B)
Class org.jetbrains.kotlin.load.kotlin.header.ReadKotlinClassHeaderAnnotationVisitor$KotlinMetadataArgumentVisitor: loaded 2 times (x 86B)
Class org.jetbrains.kotlin.com.google.common.collect.ImmutableMapKeySet               : loaded 2 times (x 152B)
Class org.jetbrains.kotlin.parsing.Consumer                                           : loaded 2 times (x 70B)
Class org.jetbrains.kotlin.resolve.ImportPath                                         : loaded 2 times (x 72B)
Class org.jetbrains.kotlin.psi.stubs.KotlinConstantExpressionStub                     : loaded 2 times (x 70B)
Class org.jetbrains.kotlin.psi.KtImportAlias                                          : loaded 2 times (x 560B)
Class [Lorg.jetbrains.kotlin.psi.KtTypeParameter;                                     : loaded 2 times (x 69B)
Class org.jetbrains.kotlin.com.intellij.psi.tree.ICompositeElementType                : loaded 2 times (x 70B)
Class org.jetbrains.kotlin.container.UnresolvedServiceException                       : loaded 2 times (x 82B)
Class org.jetbrains.kotlin.metadata.ProtoBuf$TypeTable                                : loaded 2 times (x 109B)
Class org.jetbrains.kotlin.utils.MetadataHelpersKt                                    : loaded 2 times (x 71B)
Class org.jetbrains.kotlin.protobuf.MessageLiteOrBuilder                              : loaded 2 times (x 70B)
Class org.jetbrains.kotlin.resolve.CompilerDeserializationConfiguration               : loaded 2 times (x 85B)
Class org.jetbrains.kotlin.serialization.deserialization.DeserializationConfiguration : loaded 2 times (x 70B)
Class org.jetbrains.kotlin.com.intellij.openapi.util.io.FileUtil                      : loaded 2 times (x 71B)
Class org.jetbrains.kotlin.com.intellij.openapi.vfs.PersistentFSConstants             : loaded 2 times (x 71B)
Class org.jetbrains.kotlin.it.unimi.dsi.fastutil.objects.ObjectOpenHashSet            : loaded 2 times (x 183B)
Class org.jetbrains.kotlin.com.intellij.core.CoreJavaCodeStyleManager$1               : loaded 2 times (x 208B)
Class org.jetbrains.kotlin.com.intellij.psi.impl.source.resolve.JavaResolveCache$1    : loaded 2 times (x 78B)
Class org.jetbrains.kotlin.com.intellij.psi.util.CachedValueProvider                  : loaded 2 times (x 70B)
Class org.jetbrains.kotlin.com.intellij.openapi.vfs.NonPhysicalFileSystem             : loaded 2 times (x 70B)
Class kotlinx.coroutines.CoroutineDispatcher$Key$1                                    : loaded 2 times (x 78B)
Class kotlinx.coroutines.CoroutineDispatcher                                          : loaded 2 times (x 99B)
Class org.jetbrains.kotlin.com.intellij.pom.PomNamedTarget                            : loaded 2 times (x 70B)
Class org.jetbrains.kotlin.com.intellij.openapi.progress.impl.CoreProgressManager     : loaded 2 times (x 113B)
Class org.jetbrains.kotlin.backend.jvm.JvmLoweringPhasesKt$jvmFilePhases$38           : loaded 2 times (x 125B)
Class org.jetbrains.kotlin.backend.jvm.lower.RemoveDuplicatedInlinedLocalClassesLowering: loaded 2 times (x 80B)
Class org.jetbrains.kotlin.ir.declarations.IrDeclarationContainer                     : loaded 2 times (x 70B)
Class kotlin.jvm.internal.markers.KMutableListIterator                                : loaded 2 times (x 70B)
Class org.jetbrains.kotlin.name.ClassId$Companion                                     : loaded 2 times (x 71B)
Class org.jetbrains.kotlin.ir.expressions.impl.IrExpressionBodyImpl                   : loaded 2 times (x 91B)
Class com.google.common.collect.IndexedImmutableSet$1                                 : loaded 2 times (x 212B)
Class com.google.common.cache.CacheBuilder$OneWeigher                                 : loaded 2 times (x 82B)
Class com.google.common.collect.RegularImmutableList                                  : loaded 2 times (x 212B)
Class org.jetbrains.kotlin.ir.expressions.IrStatementContainer                        : loaded 2 times (x 70B)
Class org.jetbrains.kotlin.ir.util.DeclaredSymbolRemapper                             : loaded 2 times (x 70B)
Class org.jetbrains.kotlin.serialization.deserialization.descriptors.DeserializedClassDescriptor: loaded 2 times (x 277B)
Class org.jetbrains.kotlin.resolve.scopes.ChainedMemberScope                          : loaded 2 times (x 89B)
Class org.jetbrains.kotlin.backend.jvm.codegen.ClassCodegen$Companion                 : loaded 2 times (x 71B)
Class org.jetbrains.kotlin.types.ClassTypeConstructorImpl                             : loaded 2 times (x 99B)
Class org.jetbrains.kotlin.backend.common.phaser.CompilerPhaseKt                      : loaded 2 times (x 71B)
Class org.jetbrains.kotlin.backend.jvm.intrinsics.IrIntrinsicMethods                  : loaded 2 times (x 72B)
Class org.jetbrains.kotlin.backend.jvm.MemoizedInlineClassReplacements                : loaded 2 times (x 77B)
Class org.jetbrains.kotlin.codegen.PackagePartRegistry                                : loaded 2 times (x 72B)
Class org.jetbrains.kotlin.descriptors.impl.VariableDescriptorWithInitializerImpl     : loaded 2 times (x 229B)
Class org.jetbrains.kotlin.codegen.context.RootContext                                : loaded 2 times (x 110B)
Class org.jetbrains.kotlin.renderer.ClassifierNamePolicy$SOURCE_CODE_QUALIFIED        : loaded 2 times (x 74B)
Class org.jetbrains.kotlin.ir.types.SimpleTypeNullability                             : loaded 2 times (x 79B)
Class org.jetbrains.kotlin.ir.declarations.IrClass                                    : loaded 2 times (x 188B)
Class org.jetbrains.kotlin.resolve.AnnotationTargetLists$TargetListBuilder            : loaded 2 times (x 72B)
Class org.jetbrains.kotlin.load.java.structure.impl.classFiles.BinaryJavaConstructor  : loaded 2 times (x 129B)
Class org.jetbrains.kotlin.load.kotlin.FileBasedKotlinClass                           : loaded 2 times (x 88B)
Class org.jetbrains.kotlin.com.google.common.collect.ImmutableSet$EmptySetBuilderImpl : loaded 2 times (x 76B)
Class org.jetbrains.kotlin.builtins.functions.FunctionTypeKind$Function               : loaded 2 times (x 76B)
Class org.jetbrains.kotlin.psi.KtWhenEntry                                            : loaded 2 times (x 383B)
Class [Lorg.jetbrains.kotlin.psi.KtFunction;                                          : loaded 2 times (x 69B)
Class org.jetbrains.kotlin.psi.KtTypeParameterListOwnerStub                           : loaded 2 times (x 994B)
Class org.jetbrains.kotlin.types.model.TypeSystemCommonSuperTypesContext              : loaded 2 times (x 70B)
Class org.jetbrains.kotlin.metadata.ProtoBuf$AnnotationOrBuilder                      : loaded 2 times (x 70B)
Class org.jetbrains.kotlin.protobuf.WireFormat$FieldType                              : loaded 2 times (x 83B)
Class [Lorg.jetbrains.kotlin.it.unimi.dsi.fastutil.objects.Object2ObjectFunction;     : loaded 2 times (x 69B)
Class org.jetbrains.kotlin.cli.jvm.compiler.ClasspathRootsResolver$RootsAndModules    : loaded 2 times (x 72B)
Class org.jetbrains.kotlin.fir.extensions.FirAnalysisHandlerExtension                 : loaded 2 times (x 73B)
Class org.jetbrains.kotlin.asJava.KotlinAsJavaSupportBase                             : loaded 2 times (x 104B)
Class org.jetbrains.kotlin.com.intellij.core.CoreJavaCodeStyleManager$2               : loaded 2 times (x 73B)
Class org.jetbrains.kotlin.com.intellij.psi.impl.PsiTreeChangePreprocessor            : loaded 2 times (x 70B)
Class org.jetbrains.kotlin.com.intellij.lang.jvm.JvmMethod                            : loaded 2 times (x 70B)
Class org.jetbrains.kotlin.com.intellij.pom.PomRenameableTarget                       : loaded 2 times (x 70B)
Class org.jetbrains.kotlin.com.intellij.openapi.fileTypes.PlainTextParserDefinition$1 : loaded 2 times (x 84B)
Class org.jetbrains.kotlin.com.intellij.lang.PsiBuilderFactory                        : loaded 2 times (x 76B)
Class org.jetbrains.kotlin.com.intellij.openapi.diagnostic.Logger$Factory             : loaded 2 times (x 70B)
Class org.jetbrains.kotlin.config.JvmSerializeIrMode$Companion                        : loaded 2 times (x 71B)
Class org.jetbrains.kotlin.backend.jvm.JvmLoweringPhasesKt$jvmFilePhases$39           : loaded 2 times (x 125B)
Class org.jetbrains.kotlin.it.unimi.dsi.fastutil.ints.AbstractInt2ObjectFunction      : loaded 2 times (x 118B)
Class kotlin.reflect.jvm.internal.KDeclarationContainerImpl$Companion                 : loaded 2 times (x 71B)
Class com.google.common.collect.ImmutableBiMapFauxverideShim                          : loaded 2 times (x 120B)
Class org.gradle.internal.classloader.ClasspathUtil                                   : loaded 2 times (x 71B)
Class org.jetbrains.kotlin.descriptors.SupertypeLoopChecker                           : loaded 2 times (x 70B)
Class [Lorg.jetbrains.kotlin.types.error.ErrorEntity;                                 : loaded 2 times (x 69B)
Class kotlin.sequences.EmptySequence                                                  : loaded 2 times (x 78B)
Class org.jetbrains.kotlin.backend.common.lower.ReturnableBlockTransformer            : loaded 2 times (x 511B)
Class org.jetbrains.kotlin.backend.common.lower.FloatingPointRangeToHandler           : loaded 2 times (x 79B)
Class org.jetbrains.kotlin.backend.jvm.JvmReflectSymbols                              : loaded 2 times (x 72B)
Class org.jetbrains.kotlin.backend.common.lower.LocalDeclarationsLowering$LocalScopeWithCounterMap: loaded 2 times (x 72B)
Class [Lorg.jetbrains.kotlin.resolve.jvm.diagnostics.JvmDeclarationOriginKind;        : loaded 2 times (x 69B)
Class org.jetbrains.kotlin.codegen.state.GenerationStateEventCallback                 : loaded 2 times (x 70B)
Class org.jetbrains.kotlin.resolve.diagnostics.KotlinSuppressCache$Companion          : loaded 2 times (x 71B)
Class org.jetbrains.kotlin.serialization.deserialization.descriptors.DescriptorWithContainerSource: loaded 2 times (x 70B)
Class org.jetbrains.kotlin.platform.JsPlatformKt                                      : loaded 2 times (x 71B)
Class org.jetbrains.kotlin.ir.expressions.impl.IrGetValueImpl                         : loaded 2 times (x 109B)
Class org.jetbrains.kotlin.types.checker.KotlinTypeChecker                            : loaded 2 times (x 70B)
Class org.jetbrains.kotlin.renderer.RenderingFormat$PLAIN                             : loaded 2 times (x 80B)
Class org.jetbrains.kotlin.resolve.calls.results.FlatSignature$Companion              : loaded 2 times (x 71B)
Class org.jetbrains.kotlin.resolve.calls.tasks.ExplicitReceiverKind                   : loaded 2 times (x 79B)
Class org.jetbrains.kotlin.metadata.jvm.deserialization.JvmMemberSignature            : loaded 2 times (x 74B)
Class kotlin.collections.builders.SetBuilder                                          : loaded 2 times (x 143B)
Class org.jetbrains.kotlin.metadata.ProtoBuf$TypeAlias                                : loaded 2 times (x 137B)
Class org.jetbrains.kotlin.load.kotlin.header.KotlinClassHeader$Kind                  : loaded 2 times (x 79B)
Class org.jetbrains.kotlin.load.kotlin.KotlinJvmBinaryClass$AnnotationArgumentVisitor : loaded 2 times (x 70B)
Class org.jetbrains.kotlin.com.intellij.lang.impl.MarkerOptionalData                  : loaded 2 times (x 99B)
Class org.jetbrains.kotlin.metadata.ProtoBuf$PackageFragment                          : loaded 2 times (x 125B)
Class org.jetbrains.kotlin.psi.KtContractEffectList                                   : loaded 2 times (x 443B)
Class [Lorg.jetbrains.kotlin.psi.KtNamed;                                             : loaded 2 times (x 69B)
Class org.jetbrains.kotlin.resolve.checkers.SuspendLimitationsChecker                 : loaded 2 times (x 74B)
Class [Lorg.jetbrains.kotlin.metadata.ProtoBuf$QualifiedNameTable$QualifiedName$Kind; : loaded 2 times (x 69B)
Class [Lorg.jetbrains.kotlin.metadata.ProtoBuf$TypeParameter$Variance;                : loaded 2 times (x 69B)
Class org.jetbrains.kotlin.metadata.ProtoBuf$Constructor                              : loaded 2 times (x 124B)
Class org.jetbrains.kotlin.resolve.jvm.modules.JavaModuleInfo$Requires                : loaded 2 times (x 72B)
Class org.jetbrains.kotlin.cli.jvm.modules.JavaVersionUtilsKt                         : loaded 2 times (x 71B)
Class org.jetbrains.kotlin.resolve.jvm.KotlinJavaPsiFacade$KotlinPsiElementFinderWrapper: loaded 2 times (x 70B)
Class org.jetbrains.kotlin.extensions.CollectAdditionalSourcesExtension               : loaded 2 times (x 70B)
Class org.jetbrains.kotlin.com.intellij.psi.search.GlobalSearchScope$AbstractFilesScope: loaded 2 times (x 105B)
Class org.jetbrains.kotlin.com.intellij.openapi.extensions.ExtensionPointDescriptor   : loaded 2 times (x 72B)
Class kotlinx.coroutines.NonDisposableHandle                                          : loaded 2 times (x 78B)
Class org.jetbrains.kotlin.com.intellij.openapi.project.PossiblyDumbAware             : loaded 2 times (x 70B)
Class org.jetbrains.kotlin.com.intellij.lang.jvm.JvmMember                            : loaded 2 times (x 70B)
Class org.jetbrains.kotlin.com.intellij.openapi.progress.PerformInBackgroundOption    : loaded 2 times (x 70B)
Class org.jetbrains.kotlin.com.intellij.openapi.util.UserDataHolderUnprotected        : loaded 2 times (x 70B)
Class org.jetbrains.kotlin.kotlinx.collections.immutable.implementations.immutableList.AbstractPersistentList: loaded 2 times (x 296B)
Class org.jetbrains.kotlin.kotlinx.collections.immutable.ImmutableMap                 : loaded 2 times (x 70B)
Class org.jetbrains.kotlin.config.JvmAbiStability$Companion                           : loaded 2 times (x 71B)
Class org.jetbrains.kotlin.com.intellij.openapi.extensions.ExtensionPointName         : loaded 2 times (x 72B)
Class kotlin.io.FileSystemException                                                   : loaded 2 times (x 82B)
Class org.jetbrains.kotlin.backend.jvm.lower.JvmStaticInObjectLowering                : loaded 2 times (x 80B)
Class org.jetbrains.kotlin.ir.declarations.IrMetadataSourceOwner                      : loaded 2 times (x 70B)
Class org.jetbrains.kotlin.backend.jvm.CodegenMultifileFacades                        : loaded 2 times (x 81B)
Class kotlin.jvm.internal.PropertyReference0                                          : loaded 2 times (x 127B)
Class org.jetbrains.kotlin.cli.common.arguments.ParseCommandLineArgumentsKt           : loaded 2 times (x 71B)
Class com.google.common.base.Charsets                                                 : loaded 2 times (x 71B)
Class com.google.common.util.concurrent.Uninterruptibles                              : loaded 2 times (x 71B)
Class org.jetbrains.kotlin.backend.jvm.codegen.IrCodegenUtilsKt$WhenMappings          : loaded 2 times (x 71B)
Class org.jetbrains.kotlin.descriptors.CallableDescriptor$UserDataKey                 : loaded 2 times (x 70B)
Class org.jetbrains.kotlin.backend.jvm.codegen.BooleanValue                           : loaded 2 times (x 76B)
Class org.jetbrains.kotlin.codegen.StackValue$Local                                   : loaded 2 times (x 87B)
Class org.jetbrains.kotlin.codegen.BranchedValue                                      : loaded 2 times (x 91B)
Class org.jetbrains.kotlin.ir.SourceRangeInfo                                         : loaded 2 times (x 72B)
Class org.jetbrains.kotlin.backend.jvm.lower.UpdateFunctionCallSites                  : loaded 2 times (x 167B)
Class org.jetbrains.kotlin.load.kotlin.TypeMappingConfigurationImpl                   : loaded 2 times (x 81B)
Class org.jetbrains.kotlin.types.error.ErrorScope                                     : loaded 2 times (x 102B)
Class org.jetbrains.kotlin.ir.expressions.impl.IrSetFieldImpl                         : loaded 2 times (x 115B)
Class org.jetbrains.kotlin.types.AbstractClassTypeConstructor                         : loaded 2 times (x 99B)
Class org.jetbrains.kotlin.ir.util.SymbolTableSlice                                   : loaded 2 times (x 74B)
Class org.jetbrains.kotlin.ir.expressions.IrFunctionExpression                        : loaded 2 times (x 107B)
Class org.jetbrains.kotlin.ir.declarations.IrField                                    : loaded 2 times (x 151B)
Class org.jetbrains.kotlin.backend.jvm.JvmIrTypeSystemContext                         : loaded 2 times (x 591B)
Class org.jetbrains.kotlin.descriptors.DeclarationDescriptorVisitor                   : loaded 2 times (x 70B)
Class org.jetbrains.kotlin.diagnostics.PositioningStrategies$FIELD_KEYWORD$1          : loaded 2 times (x 74B)
Class org.jetbrains.kotlin.diagnostics.PositioningStrategies$DECLARATION_RETURN_TYPE$1: loaded 2 times (x 74B)
Class org.jetbrains.kotlin.resolve.calls.tower.CandidateApplicabilityKt               : loaded 2 times (x 71B)
Class org.jetbrains.kotlin.serialization.deserialization.ValueClassUtilKt             : loaded 2 times (x 71B)
Class org.jetbrains.kotlin.metadata.jvm.JvmProtoBuf$JvmMethodSignature$Builder        : loaded 2 times (x 134B)
Class org.jetbrains.kotlin.metadata.jvm.JvmProtoBuf$JvmFieldSignatureOrBuilder        : loaded 2 times (x 70B)
Class org.jetbrains.kotlin.psi.KtVisitor                                              : loaded 2 times (x 191B)
Class org.jetbrains.kotlin.com.intellij.lang.impl.PsiBuilderImpl$TokenRange           : loaded 2 times (x 95B)
Class org.jetbrains.kotlin.metadata.ProtoBuf$PackageFragment$1                        : loaded 2 times (x 144B)
Class org.jetbrains.kotlin.resolve.scopes.receivers.ReceiverValue                     : loaded 2 times (x 70B)
Class [Lorg.jetbrains.kotlin.psi.KtAnnotationUseSiteTarget;                           : loaded 2 times (x 69B)
Class org.jetbrains.kotlin.psi.KtClassInitializer                                     : loaded 2 times (x 784B)
Class [Lorg.jetbrains.kotlin.com.intellij.psi.PsiNameIdentifierOwner;                 : loaded 2 times (x 69B)
Class org.jetbrains.kotlin.mpp.FunctionSymbolMarker                                   : loaded 2 times (x 70B)
Class org.jetbrains.kotlin.metadata.ProtoBuf$VersionRequirementTableOrBuilder         : loaded 2 times (x 70B)
Class org.jetbrains.org.objectweb.asm.ModuleVisitor                                   : loaded 2 times (x 80B)
Class org.jetbrains.kotlin.com.intellij.psi.impl.PsiElementBase                       : loaded 2 times (x 291B)
Class org.jetbrains.kotlin.com.intellij.psi.impl.source.JavaDummyHolder               : loaded 2 times (x 797B)
Class org.jetbrains.kotlin.com.intellij.util.containers.ConcurrentSoftKeySoftValueHashMap: loaded 2 times (x 149B)
Class org.jetbrains.kotlin.com.intellij.psi.impl.file.impl.FileManagerImpl            : loaded 2 times (x 84B)
Class org.jetbrains.kotlin.com.intellij.openapi.roots.FileIndexFacade                 : loaded 2 times (x 84B)
Class org.jetbrains.kotlin.com.fasterxml.aalto.in.ByteBasedPName                      : loaded 2 times (x 79B)
Class org.jetbrains.kotlin.com.intellij.util.xml.dom.XmlInterner                      : loaded 2 times (x 70B)
Class org.jetbrains.kotlin.com.intellij.util.QueryExecutor                            : loaded 2 times (x 70B)
Class [Lorg.jetbrains.kotlin.kotlinx.collections.immutable.implementations.immutableSet.TrieNodeIterator;: loaded 2 times (x 69B)
Class org.jetbrains.kotlin.com.intellij.openapi.extensions.impl.BeanExtensionPoint    : loaded 2 times (x 94B)
Class org.jetbrains.kotlin.com.intellij.openapi.extensions.ExtensionPoint$Kind        : loaded 2 times (x 79B)
Class [Lorg.jetbrains.kotlin.com.intellij.openapi.util.Key;                           : loaded 2 times (x 69B)
Class org.jetbrains.kotlin.cli.jvm.compiler.IdeaStandaloneExecutionSetup              : loaded 2 times (x 71B)
Class org.jetbrains.kotlin.backend.jvm.lower.JvmSafeCallChainFoldingLowering          : loaded 2 times (x 80B)
Class org.jetbrains.kotlin.backend.common.lower.DefaultArgumentStubGenerator          : loaded 2 times (x 98B)
Class org.jetbrains.kotlin.backend.jvm.lower.PolymorphicSignatureLowering             : loaded 2 times (x 254B)
Class kotlin.reflect.full.IllegalCallableAccessException                              : loaded 2 times (x 82B)
Class kotlin.jvm.internal.DefaultConstructorMarker                                    : loaded 2 times (x 71B)
Class kotlin.jvm.internal.PropertyReference1                                          : loaded 2 times (x 127B)
Class org.jetbrains.kotlin.com.intellij.openapi.diagnostic.ControlFlowException       : loaded 2 times (x 70B)
Class com.google.common.collect.Maps                                                  : loaded 2 times (x 71B)
Class com.google.common.base.CharMatcher$JavaUpperCase                                : loaded 2 times (x 111B)
Class org.gradle.api.specs.Spec                                                       : loaded 2 times (x 70B)
Class org.jetbrains.kotlin.ir.builders.IrGeneratorContextInterface                    : loaded 2 times (x 70B)
Class org.jetbrains.kotlin.metadata.ProtoBuf$QualifiedNameTable$Builder               : loaded 2 times (x 134B)
Class org.jetbrains.kotlin.serialization.deserialization.ProtoEnumFlagsUtilsKt$WhenMappings: loaded 2 times (x 71B)
Class org.jetbrains.kotlin.com.google.common.collect.Sets                             : loaded 2 times (x 71B)
Class org.jetbrains.kotlin.ir.types.IrTypeUtilsKt$WhenMappings                        : loaded 2 times (x 71B)
Class org.jetbrains.kotlin.types.TypeUtils                                            : loaded 2 times (x 71B)
Class org.jetbrains.kotlin.backend.common.lower.InitializersLowering$lower$1          : loaded 2 times (x 330B)
Class org.jetbrains.kotlin.backend.jvm.caches.StubsForCollectionClass                 : loaded 2 times (x 70B)
Class org.jetbrains.kotlin.backend.common.lower.loops.handlers.ArrayIterationHandler  : loaded 2 times (x 85B)
Class org.jetbrains.kotlin.backend.jvm.intrinsics.RangeUntil                          : loaded 2 times (x 73B)
Class org.jetbrains.kotlin.backend.common.descriptors.DescriptorUtilsKt               : loaded 2 times (x 71B)
Class org.jetbrains.kotlin.com.google.common.collect.Iterators                        : loaded 2 times (x 71B)
Class org.jetbrains.kotlin.codegen.ClassBuilderFactories                              : loaded 2 times (x 71B)
Class org.jetbrains.kotlin.com.intellij.util.CachedValueBase                          : loaded 2 times (x 83B)
Class org.jetbrains.kotlin.resolve.diagnostics.Diagnostics$Companion$EMPTY$1          : loaded 2 times (x 100B)
Class org.jetbrains.kotlin.util.slicedMap.AbstractWritableSlice                       : loaded 2 times (x 99B)
Class org.jetbrains.kotlin.ir.symbols.impl.IrEnumEntrySymbolImpl                      : loaded 2 times (x 94B)
Class org.jetbrains.kotlin.resolve.OverridingUtil$OverrideCompatibilityInfo$Result    : loaded 2 times (x 79B)
Class org.jetbrains.kotlin.ir.expressions.IrContainerExpression                       : loaded 2 times (x 109B)
Class org.jetbrains.kotlin.ir.declarations.lazy.IrLazyDeclarationBase                 : loaded 2 times (x 70B)
Class org.jetbrains.kotlin.ir.IrFileEntry                                             : loaded 2 times (x 70B)
Class org.jetbrains.kotlin.descriptors.DelegatedDescriptorVisibility                  : loaded 2 times (x 79B)
Class org.jetbrains.kotlin.diagnostics.rendering.LanguageFeatureMessageRenderer       : loaded 2 times (x 75B)
Class org.jetbrains.kotlin.types.TypeCheckerState$SupertypesPolicy$LowerIfFlexible    : loaded 2 times (x 72B)
Class org.jetbrains.kotlin.load.java.structure.impl.classFiles.AnnotationsAndParameterCollectorMethodVisitor: loaded 2 times (x 105B)
Class org.jetbrains.kotlin.load.kotlin.header.KotlinClassHeader                       : loaded 2 times (x 72B)
Class org.jetbrains.kotlin.com.google.common.collect.ImmutableSet$SetBuilderImpl      : loaded 2 times (x 76B)
Class kotlin.UnsafeLazyImpl                                                           : loaded 2 times (x 76B)
Class org.jetbrains.kotlin.com.google.common.collect.ImmutableMap$Builder             : loaded 2 times (x 82B)
Class org.jetbrains.kotlin.it.unimi.dsi.fastutil.ints.IntOpenHashSet                  : loaded 2 times (x 219B)
Class org.jetbrains.kotlin.name.CallableId                                            : loaded 2 times (x 72B)
Class org.jetbrains.kotlin.com.intellij.util.containers.IntArrayList                  : loaded 2 times (x 72B)
Class org.jetbrains.kotlin.resolve.calls.checkers.EqualityCallChecker                 : loaded 2 times (x 74B)
Class org.jetbrains.kotlin.resolve.calls.checkers.CompanionInParenthesesLHSCallChecker: loaded 2 times (x 74B)
Class org.jetbrains.kotlin.psi.KtSafeQualifiedExpression                              : loaded 2 times (x 508B)
Class [Lorg.jetbrains.kotlin.psi.KtTypeArgumentList;                                  : loaded 2 times (x 69B)
Class [Lorg.jetbrains.kotlin.psi.KtPackageDirective;                                  : loaded 2 times (x 69B)
Class [Lorg.jetbrains.kotlin.psi.KtAnnotationsContainer;                              : loaded 2 times (x 69B)
Class org.jetbrains.kotlin.psi.stubs.elements.KtImportAliasElementType                : loaded 2 times (x 100B)
Class org.jetbrains.kotlin.kdoc.lexer.KDocLexer                                       : loaded 2 times (x 87B)
Class [Lorg.jetbrains.kotlin.container.ComponentStorageState;                         : loaded 2 times (x 69B)
Class org.jetbrains.kotlin.protobuf.ProtocolStringList                                : loaded 2 times (x 70B)
Class org.jetbrains.kotlin.cli.jvm.compiler.CoreEnvironmentUtilsKt                    : loaded 2 times (x 71B)
Class org.jetbrains.kotlin.com.intellij.psi.impl.source.PsiClassReferenceType         : loaded 2 times (x 120B)
Class org.jetbrains.kotlin.com.fasterxml.aalto.in.InputCharTypes                      : loaded 2 times (x 72B)
Class org.jetbrains.kotlin.com.intellij.psi.PsiPackage                                : loaded 2 times (x 70B)
Class org.jetbrains.kotlin.com.intellij.psi.tree.StubFileElementType                  : loaded 2 times (x 102B)
Class org.jetbrains.kotlin.com.intellij.lang.java.JavaParserDefinition                : loaded 2 times (x 95B)
Class org.jetbrains.kotlin.com.intellij.openapi.command.CommandProcessor              : loaded 2 times (x 74B)
Class org.jetbrains.kotlin.com.intellij.util.CharTable                                : loaded 2 times (x 70B)
Class org.jetbrains.kotlin.com.intellij.openapi.util.registry.EarlyAccessRegistryManager: loaded 2 times (x 71B)
Class org.jetbrains.kotlin.com.intellij.openapi.vfs.DeprecatedVirtualFileSystem       : loaded 2 times (x 101B)
Class org.jetbrains.kotlin.backend.common.lower.DefaultParameterInjector              : loaded 2 times (x 522B)
Class org.jetbrains.kotlin.backend.common.phaser.PerformByIrFilePhase                 : loaded 2 times (x 81B)
Class kotlin.LazyKt__LazyJVMKt$WhenMappings                                           : loaded 2 times (x 71B)
Class kotlin.jvm.internal.PropertyReference2                                          : loaded 2 times (x 127B)
Class kotlin.jvm.internal.MutablePropertyReference                                    : loaded 2 times (x 119B)
Class org.jetbrains.kotlin.name.Name                                                  : loaded 2 times (x 75B)
Class [Lcom.google.common.collect.ImmutableEntry;                                     : loaded 2 times (x 69B)
Class [Lorg.jetbrains.kotlin.codegen.inline.LocalVarRemapper$RemapStatus;             : loaded 2 times (x 69B)
Class org.jetbrains.kotlin.codegen.StackValue$OnStack                                 : loaded 2 times (x 87B)
Class org.jetbrains.kotlin.it.unimi.dsi.fastutil.objects.Object2IntOpenHashMap        : loaded 2 times (x 210B)
Class org.jetbrains.org.objectweb.asm.Symbol                                          : loaded 2 times (x 73B)
Class org.jetbrains.kotlin.backend.jvm.lower.JvmArgumentNullabilityAssertionsLowering$AssertionScope: loaded 2 times (x 79B)
Class org.jetbrains.kotlin.backend.common.lower.InitializersLowering$lower$2          : loaded 2 times (x 501B)
Class org.jetbrains.kotlin.backend.common.lower.LocalDeclarationsLowering$ScopeWithCounter: loaded 2 times (x 72B)
Class org.jetbrains.kotlin.backend.jvm.lower.FunctionReferenceLowering$lower$$inlined$findInlineLambdas$1: loaded 2 times (x 330B)
Class [Lorg.jetbrains.kotlin.descriptors.annotations.KotlinRetention;                 : loaded 2 times (x 69B)
Class org.jetbrains.kotlin.backend.common.lower.InnerClassesSupport                   : loaded 2 times (x 70B)
Class org.jetbrains.kotlin.ir.expressions.impl.IrDelegatingConstructorCallImpl        : loaded 2 times (x 115B)
Class [Lorg.jetbrains.kotlin.ir.IrStatement;                                          : loaded 2 times (x 69B)
Class org.jetbrains.kotlin.ir.symbols.IrFieldSymbol                                   : loaded 2 times (x 70B)
Class org.jetbrains.kotlin.serialization.deserialization.EnumEntriesDeserializationSupport$Default: loaded 2 times (x 74B)
Class org.jetbrains.kotlin.serialization.deserialization.DeserializationConfiguration$Default: loaded 2 times (x 91B)
Class org.jetbrains.kotlin.serialization.deserialization.builtins.BuiltInsPackageFragmentImpl$Companion: loaded 2 times (x 71B)
Class org.jetbrains.kotlin.builtins.KotlinBuiltIns                                    : loaded 2 times (x 161B)
Class [Lorg.jetbrains.kotlin.ir.types.SimpleTypeNullability;                          : loaded 2 times (x 69B)
Class org.jetbrains.kotlin.backend.jvm.JvmSymbols$Companion                           : loaded 2 times (x 71B)
Class org.jetbrains.kotlin.diagnostics.PositioningStrategies$UNUSED_VALUE$1           : loaded 2 times (x 74B)
Class org.jetbrains.kotlin.util.EmptyArrayMap$iterator$1                              : loaded 2 times (x 78B)
Class org.jetbrains.kotlin.load.java.structure.JavaEnumValueAnnotationArgument        : loaded 2 times (x 70B)
Class org.jetbrains.kotlin.load.java.structure.impl.classFiles.PlainJavaArrayAnnotationArgument: loaded 2 times (x 79B)
Class org.jetbrains.kotlin.com.intellij.lang.impl.TokenSequence$Builder               : loaded 2 times (x 73B)
Class org.jetbrains.kotlin.builtins.functions.FunctionTypeKindExtractor               : loaded 2 times (x 72B)
Class org.jetbrains.kotlin.descriptors.VariableDescriptor                             : loaded 2 times (x 70B)
Class org.jetbrains.kotlin.container.PlatformExtensionsClashResolver$FallbackToDefault: loaded 2 times (x 73B)
Class org.jetbrains.kotlin.psi.KtElementImpl                                          : loaded 2 times (x 376B)
Class org.jetbrains.kotlin.psi.KtDelegatedSuperTypeEntry                              : loaded 2 times (x 447B)
Class [Lorg.jetbrains.kotlin.psi.KtModifierListOwner;                                 : loaded 2 times (x 69B)
Class org.jetbrains.kotlin.com.intellij.lang.PsiParser                                : loaded 2 times (x 70B)
Class org.jetbrains.kotlin.resolve.checkers.DataObjectContentChecker                  : loaded 2 times (x 74B)
Class org.jetbrains.kotlin.resolve.checkers.DeprecationInheritanceChecker             : loaded 2 times (x 74B)
Class org.jetbrains.kotlin.psi.KtPrimaryConstructor                                   : loaded 2 times (x 1274B)
Class org.jetbrains.kotlin.metadata.ProtoBuf$TypeTable$1                              : loaded 2 times (x 144B)
Class org.jetbrains.kotlin.cli.jvm.index.JvmDependenciesIndexImpl$Cache               : loaded 2 times (x 72B)
Class org.jetbrains.kotlin.metadata.deserialization.Flags                             : loaded 2 times (x 71B)
Class org.jetbrains.kotlin.com.intellij.util.containers.ConcurrentWeakKeySoftValueHashMap: loaded 2 times (x 149B)
Class org.jetbrains.kotlin.com.intellij.openapi.project.DumbService$DumbModeListener  : loaded 2 times (x 70B)
Class kotlinx.coroutines.CoroutineContextKt                                           : loaded 2 times (x 71B)
Class org.jetbrains.kotlin.com.intellij.psi.PsiJvmMember                              : loaded 2 times (x 70B)
Class org.jetbrains.kotlin.com.intellij.navigation.ItemPresentation                   : loaded 2 times (x 70B)
Class org.jetbrains.kotlin.com.intellij.psi.impl.ConstantExpressionEvaluator          : loaded 2 times (x 70B)
Class org.jetbrains.kotlin.com.intellij.psi.impl.source.JavaFileElementType           : loaded 2 times (x 113B)
Class org.jetbrains.kotlin.com.intellij.openapi.command.impl.CoreCommandProcessor     : loaded 2 times (x 79B)
Class org.jetbrains.kotlin.com.intellij.lang.DefaultASTFactory                        : loaded 2 times (x 70B)
Class org.jetbrains.kotlin.com.intellij.util.EventDispatcher                          : loaded 2 times (x 72B)
Class org.jetbrains.kotlin.com.intellij.openapi.vfs.local.CoreLocalFileSystem         : loaded 2 times (x 103B)
Class org.jetbrains.kotlin.com.intellij.psi.impl.LanguageConstantExpressionEvaluator  : loaded 2 times (x 96B)
Class org.jetbrains.kotlin.ir.declarations.IrDeclarationParent                        : loaded 2 times (x 70B)
Class org.jetbrains.kotlin.backend.jvm.JvmPhasesKt                                    : loaded 2 times (x 71B)
Class org.jetbrains.kotlin.com.intellij.openapi.util.ObjectTree                       : loaded 2 times (x 72B)
Class [Lkotlin.reflect.jvm.internal.impl.builtins.jvm.JavaToKotlinClassMap$PlatformMutabilityMapping;: loaded 2 times (x 69B)
Class org.jetbrains.kotlin.name.FqNamesUtilKt                                         : loaded 2 times (x 71B)
Class kotlin.LazyThreadSafetyMode                                                     : loaded 2 times (x 79B)
Class kotlin.reflect.full.IllegalPropertyDelegateAccessException                      : loaded 2 times (x 82B)
Class org.jetbrains.kotlin.com.intellij.util.containers.ContainerUtil                 : loaded 2 times (x 71B)
Class kotlin.jvm.internal.ArrayIterator                                               : loaded 2 times (x 79B)
Class com.google.common.cache.LocalCache$LoadingValueReference                        : loaded 2 times (x 96B)
Class org.jetbrains.kotlin.codegen.inline.GlobalInlineContext                         : loaded 2 times (x 72B)
Class org.jetbrains.kotlin.diagnostics.KtDiagnostic                                   : loaded 2 times (x 81B)
Class [Lorg.jetbrains.kotlin.descriptors.TypeParameterDescriptor;                     : loaded 2 times (x 69B)
Class org.jetbrains.kotlin.codegen.optimization.boxing.PopBackwardPropagationTransformer: loaded 2 times (x 72B)
Class org.jetbrains.kotlin.codegen.optimization.nullCheck.RedundantNullCheckMethodTransformerKt: loaded 2 times (x 71B)
Class org.jetbrains.kotlin.backend.common.lower.KotlinNothingValueExceptionLowering$Transformer: loaded 2 times (x 501B)
Class org.jetbrains.kotlin.backend.common.lower.ArrayConstructorTransformer$Companion : loaded 2 times (x 71B)
Class org.jetbrains.kotlin.backend.jvm.lower.InheritedDefaultMethodsOnClassesLoweringKt: loaded 2 times (x 71B)
Class org.jetbrains.kotlin.backend.jvm.MfvcNodeWithSubnodes                           : loaded 2 times (x 84B)
Class org.jetbrains.kotlin.codegen.context.MultifileClassFacadeContext                : loaded 2 times (x 113B)
Class org.jetbrains.kotlin.config.JvmStringConcat$Companion                           : loaded 2 times (x 71B)
Class org.jetbrains.kotlin.config.JvmStringConcat                                     : loaded 2 times (x 79B)
Class org.jetbrains.kotlin.codegen.JvmBackendClassResolver                            : loaded 2 times (x 70B)
Class org.jetbrains.kotlin.ir.util.IrUtilsKt$special$$inlined$filterIsInstance$1      : loaded 2 times (x 74B)
Class org.jetbrains.kotlin.ir.interpreter.exceptions.InterpreterException             : loaded 2 times (x 82B)
Class org.jetbrains.kotlin.ir.declarations.impl.IrEnumEntryImpl                       : loaded 2 times (x 126B)
Class org.jetbrains.kotlin.ir.expressions.IrConstKind                                 : loaded 2 times (x 72B)
Class org.jetbrains.kotlin.incremental.components.LookupTracker                       : loaded 2 times (x 70B)
Class org.jetbrains.kotlin.serialization.deserialization.DeserializationComponents    : loaded 2 times (x 72B)
Class org.jetbrains.kotlin.ir.backend.jvm.serialization.JvmIrMangler                  : loaded 2 times (x 94B)
Class org.jetbrains.kotlin.backend.common.serialization.mangle.AbstractKotlinMangler  : loaded 2 times (x 87B)
Class org.jetbrains.kotlin.ir.types.IrTypeProjection                                  : loaded 2 times (x 70B)
Class org.jetbrains.kotlin.resolve.calls.inference.components.TypeVariableDirectionCalculator$ResolveDirection: loaded 2 times (x 79B)
Class org.jetbrains.kotlin.com.intellij.lang.LighterLazyParseableNode                 : loaded 2 times (x 70B)
Class org.jetbrains.kotlin.psi.KtWhenConditionIsPattern                               : loaded 2 times (x 378B)
Class [Lorg.jetbrains.kotlin.psi.KtTypeReference;                                     : loaded 2 times (x 69B)
Class [Lorg.jetbrains.kotlin.psi.KtImportInfo;                                        : loaded 2 times (x 69B)
Class org.jetbrains.kotlin.psi.stubs.elements.KtContractEffectListElementType         : loaded 2 times (x 103B)
Class org.jetbrains.kotlin.resolve.checkers.ActualTypealiasToSpecialAnnotationChecker : loaded 2 times (x 74B)
Class org.jetbrains.kotlin.name.StandardClassIds                                      : loaded 2 times (x 71B)
Class org.jetbrains.kotlin.metadata.ProtoBuf$Function                                 : loaded 2 times (x 149B)
Class [Lkotlin.script.experimental.location.ScriptExpectedLocation;                   : loaded 2 times (x 69B)
Class org.jetbrains.kotlin.extensions.CollectAdditionalSourcesExtension$Companion     : loaded 2 times (x 72B)
Class org.jetbrains.kotlin.util.SimpleCounter                                         : loaded 2 times (x 73B)
Class org.jetbrains.kotlin.com.fasterxml.aalto.in.XmlScanner                          : loaded 2 times (x 123B)
Class kotlinx.coroutines.internal.DispatchedContinuation                              : loaded 2 times (x 90B)
Class kotlinx.coroutines.internal.Symbol                                              : loaded 2 times (x 72B)
Class org.jetbrains.kotlin.com.intellij.core.JavaCoreApplicationEnvironment$1         : loaded 2 times (x 76B)
Class org.jetbrains.kotlin.com.intellij.lang.jvm.JvmTypeDeclaration                   : loaded 2 times (x 70B)
Class org.jetbrains.kotlin.com.intellij.lang.ASTFactory                               : loaded 2 times (x 74B)
Class org.jetbrains.kotlin.com.intellij.util.pico.PicoIntrospectionException          : loaded 2 times (x 82B)
Class org.jetbrains.kotlin.backend.jvm.lower.CollectionStubMethodLowering             : loaded 2 times (x 85B)
Class kotlin.collections.EmptyIterator                                                : loaded 2 times (x 89B)
Class kotlin.jvm.internal.SpreadBuilder                                               : loaded 2 times (x 76B)
Class kotlin.SynchronizedLazyImpl                                                     : loaded 2 times (x 76B)
Class kotlin.text.StringsKt__RegexExtensionsKt                                        : loaded 2 times (x 71B)
Class org.jetbrains.kotlin.backend.common.Mapping$AttributeBasedMappingDelegate       : loaded 2 times (x 72B)
Class com.google.common.base.Platform                                                 : loaded 2 times (x 71B)
Class org.jetbrains.kotlin.backend.jvm.intrinsics.IrIntrinsicMethods$Companion        : loaded 2 times (x 71B)
Class org.jetbrains.kotlin.diagnostics.DiagnosticFactory                              : loaded 2 times (x 76B)
Class org.jetbrains.kotlin.codegen.optimization.boxing.RedundantBoxingInterpreter     : loaded 2 times (x 103B)
Class org.jetbrains.org.objectweb.asm.commons.Remapper                                : loaded 2 times (x 87B)
Class org.jetbrains.kotlin.codegen.inline.ParametersBuilder$Companion                 : loaded 2 times (x 71B)
Class org.jetbrains.kotlin.metadata.ProtoBuf$Type$Builder                             : loaded 2 times (x 170B)
Class org.jetbrains.kotlin.codegen.optimization.boxing.PopBackwardPropagationTransformer$Transformer: loaded 2 times (x 72B)
Class org.jetbrains.kotlin.descriptors.impl.ModuleAwareClassDescriptor$Companion      : loaded 2 times (x 71B)
Class org.jetbrains.kotlin.resolve.jvm.jvmSignature.JvmMethodGenericSignature         : loaded 2 times (x 76B)
Class org.jetbrains.kotlin.backend.common.lower.LocalDeclarationsLowering$Companion   : loaded 2 times (x 71B)
Class org.jetbrains.kotlin.backend.jvm.intrinsics.MonitorInstruction$Companion        : loaded 2 times (x 71B)
Class org.jetbrains.kotlin.backend.jvm.lower.ScriptsToClassesSymbolRemapper           : loaded 2 times (x 143B)
Class org.jetbrains.kotlin.codegen.MultifileClassCodegen                              : loaded 2 times (x 70B)
Class org.jetbrains.kotlin.codegen.context.DefaultImplsClassContext                   : loaded 2 times (x 112B)
Class org.jetbrains.kotlin.codegen.intrinsics.LateinitIsInitialized                   : loaded 2 times (x 79B)
Class org.jetbrains.kotlin.types.ClassifierBasedTypeConstructor                       : loaded 2 times (x 88B)
Class org.jetbrains.kotlin.ir.expressions.IrSetField                                  : loaded 2 times (x 114B)
Class org.jetbrains.kotlin.serialization.deserialization.AnnotationDeserializer       : loaded 2 times (x 72B)
Class org.jetbrains.kotlin.builtins.BuiltInsLoader$Companion                          : loaded 2 times (x 71B)
Class org.jetbrains.kotlin.ir.util.IrUtilsKt$special$$inlined$filterIsInstance$2      : loaded 2 times (x 74B)
Class org.jetbrains.kotlin.types.model.TypeSystemContextKt                            : loaded 2 times (x 71B)
Class org.jetbrains.kotlin.resolve.calls.inference.model.OnlyInputTypeConstraintPosition: loaded 2 times (x 70B)
Class org.jetbrains.kotlin.load.java.structure.impl.classFiles.PlainJavaAnnotationAsAnnotationArgument: loaded 2 times (x 79B)
Class org.jetbrains.kotlin.metadata.ProtoBuf$Effect$InvocationKind                    : loaded 2 times (x 82B)
Class [Lorg.jetbrains.kotlin.load.java.structure.impl.classFiles.BinaryClassSignatureParser$JavaSignatureVariance;: loaded 2 times (x 69B)
Class org.jetbrains.kotlin.load.kotlin.header.ReadKotlinClassHeaderAnnotationVisitor  : loaded 2 times (x 80B)
Class org.jetbrains.kotlin.com.intellij.lang.impl.PsiBuilderImpl$LazyParseableToken   : loaded 2 times (x 109B)
Class org.jetbrains.kotlin.com.intellij.util.text.CharSequenceSubSequence             : loaded 2 times (x 98B)
Class [Lorg.jetbrains.kotlin.psi.KtPureElement;                                       : loaded 2 times (x 69B)
Class [Lorg.jetbrains.kotlin.com.intellij.psi.impl.PsiElementBase;                    : loaded 2 times (x 69B)
Class org.jetbrains.kotlin.com.intellij.psi.tree.TokenSet                             : loaded 2 times (x 72B)
Class org.jetbrains.kotlin.lexer.KtKeywordToken                                       : loaded 2 times (x 78B)
Class org.jetbrains.kotlin.resolve.checkers.ResultClassInReturnTypeChecker            : loaded 2 times (x 74B)
Class org.jetbrains.kotlin.name.StandardClassIdsKt                                    : loaded 2 times (x 71B)
Class org.jetbrains.kotlin.metadata.ProtoBuf$VersionRequirementTable                  : loaded 2 times (x 107B)
Class org.jetbrains.kotlin.protobuf.LazyField                                         : loaded 2 times (x 83B)
Class kotlin.io.FilePathComponents                                                    : loaded 2 times (x 72B)
Class org.jetbrains.kotlin.extensions.PreprocessedFileCreator                         : loaded 2 times (x 72B)
Class kotlin.coroutines.jvm.internal.RestrictedSuspendLambda                          : loaded 2 times (x 91B)
Class org.jetbrains.kotlin.load.java.structure.JavaModifierListOwner                  : loaded 2 times (x 70B)
Class org.jetbrains.kotlin.resolve.extensions.AnalysisHandlerExtension                : loaded 2 times (x 70B)
Class org.jetbrains.kotlin.com.intellij.psi.impl.source.DummyHolderFactory            : loaded 2 times (x 71B)
Class org.jetbrains.kotlin.com.intellij.openapi.fileTypes.BinaryFileTypeDecompilers   : loaded 2 times (x 90B)
Class org.jetbrains.kotlin.com.intellij.psi.tree.IFileElementType                     : loaded 2 times (x 84B)
Class org.jetbrains.kotlin.com.intellij.psi.tree.ILazyParseableElementTypeBase        : loaded 2 times (x 70B)
Class org.jetbrains.kotlin.com.intellij.psi.tree.IElementType                         : loaded 2 times (x 75B)
Class org.jetbrains.kotlin.com.intellij.util.messages.SimpleMessageBusConnection      : loaded 2 times (x 70B)
Class [Lorg.jetbrains.kotlin.com.intellij.openapi.extensions.ExtensionPointListener;  : loaded 2 times (x 69B)
Class org.jetbrains.kotlin.com.intellij.openapi.extensions.impl.ExtensionPointImpl    : loaded 2 times (x 91B)
Class kotlin.sequences.SequencesKt__SequencesJVMKt                                    : loaded 2 times (x 71B)
Class org.jetbrains.kotlin.config.LanguageVersionSettings$Companion                   : loaded 2 times (x 71B)
Class kotlin.collections.AbstractList                                                 : loaded 2 times (x 197B)
Class kotlin.collections.AbstractCollection                                           : loaded 2 times (x 117B)
Class org.jetbrains.kotlin.codegen.CompilationException                               : loaded 2 times (x 95B)
Class Build_gradle$2                                                                  : loaded 2 times (x 74B)
Class [Lorg.objectweb.asm.AnnotationWriter;                                           : loaded 2 times (x 69B)
Class com.google.common.primitives.Ints$IntConverter                                  : loaded 2 times (x 90B)
Class com.google.common.collect.Maps$8                                                : loaded 2 times (x 82B)
Class org.jetbrains.kotlin.descriptors.DescriptorUtilKt                               : loaded 2 times (x 71B)
Class org.jetbrains.kotlin.backend.jvm.codegen.IrInlineCallGenerator$IrInlineFunctionSource: loaded 2 times (x 72B)
Class org.jetbrains.kotlin.codegen.inline.ReifiedTypeInliner$IntrinsicsSupport        : loaded 2 times (x 70B)
Class org.jetbrains.kotlin.codegen.optimization.fixStack.AnalyzeTryCatchBlocksKt      : loaded 2 times (x 71B)
Class org.jetbrains.kotlin.codegen.inline.InplaceArgumentsMethodTransformer$ParseErrorException: loaded 2 times (x 82B)
Class org.jetbrains.kotlin.descriptors.impl.ClassDescriptorBase                       : loaded 2 times (x 269B)
Class org.jetbrains.org.objectweb.asm.tree.LineNumberNode                             : loaded 2 times (x 79B)
Class org.jetbrains.kotlin.ir.util.IrUtilsKt$special$$inlined$filterIsInstance$3      : loaded 2 times (x 74B)
Class org.jetbrains.kotlin.backend.jvm.intrinsics.Inv                                 : loaded 2 times (x 73B)
Class org.jetbrains.kotlin.ir.interpreter.transformer.IrConstAllTransformer           : loaded 2 times (x 421B)
Class org.jetbrains.kotlin.codegen.AsmUtil                                            : loaded 2 times (x 71B)
Class org.jetbrains.kotlin.codegen.intrinsics.NewArray                                : loaded 2 times (x 78B)
Class org.jetbrains.kotlin.cli.jvm.compiler.CliBindingTrace                           : loaded 2 times (x 105B)
Class org.jetbrains.kotlin.ir.types.IrTypePredicatesKt                                : loaded 2 times (x 71B)
Class org.jetbrains.kotlin.serialization.deserialization.EnumEntriesDeserializationSupport: loaded 2 times (x 70B)
Class org.jetbrains.kotlin.serialization.deserialization.ContractDeserializer$Companion$DEFAULT$1: loaded 2 times (x 74B)
Class org.jetbrains.kotlin.renderer.RenderingFormat                                   : loaded 2 times (x 80B)
Class org.jetbrains.kotlin.descriptors.DescriptorVisibilities$10                      : loaded 2 times (x 76B)
Class org.jetbrains.kotlin.ir.builders.declarations.IrDeclarationBuilder              : loaded 2 times (x 72B)
Class org.jetbrains.kotlin.backend.jvm.CachedFieldsForObjectInstances                 : loaded 2 times (x 72B)
Class [Lorg.jetbrains.kotlin.types.model.CaptureStatus;                               : loaded 2 times (x 69B)
Class org.jetbrains.kotlin.metadata.ProtoBuf$Expression$ConstantValue$1               : loaded 2 times (x 74B)
Class [Lorg.jetbrains.kotlin.com.google.common.collect.LinkedHashMultimap$ValueSetLink;: loaded 2 times (x 69B)
Class org.jetbrains.kotlin.parsing.TokenStreamPredicate                               : loaded 2 times (x 70B)
Class [Lorg.jetbrains.kotlin.descriptors.ClassKind;                                   : loaded 2 times (x 69B)
Class kotlin.Triple                                                                   : loaded 2 times (x 72B)
Class org.jetbrains.kotlin.metadata.ProtoBuf$PackageFragmentOrBuilder                 : loaded 2 times (x 70B)
Class org.jetbrains.kotlin.psi.KtFunctionLiteral                                      : loaded 2 times (x 1200B)
Class [Lorg.jetbrains.kotlin.psi.KtStringTemplateEntry;                               : loaded 2 times (x 69B)
Class [Lorg.jetbrains.kotlin.psi.KtImportAlias;                                       : loaded 2 times (x 69B)
Class org.jetbrains.kotlin.psi.stubs.KotlinPropertyAccessorStub                       : loaded 2 times (x 70B)
Class [Lorg.jetbrains.kotlin.psi.KtNamedDeclaration;                                  : loaded 2 times (x 69B)
Class org.jetbrains.kotlin.psi.stubs.elements.KtDotQualifiedExpressionElementType     : loaded 2 times (x 103B)
Class [Lorg.jetbrains.kotlin.resolve.calls.checkers.CallChecker;                      : loaded 2 times (x 69B)
Class org.jetbrains.kotlin.metadata.jvm.JvmModuleProtoBuf$PackageParts                : loaded 2 times (x 128B)
Class org.jetbrains.kotlin.metadata.ProtoBuf$TypeParameter$1                          : loaded 2 times (x 144B)
Class org.jetbrains.kotlin.cli.jvm.compiler.JvmPackagePartProviderKt                  : loaded 2 times (x 71B)
Class org.jetbrains.kotlin.com.intellij.openapi.vfs.VirtualFileVisitor                : loaded 2 times (x 76B)
Class kotlin.sequences.SequencesKt__SequenceBuilderKt$sequence$$inlined$Sequence$1    : loaded 2 times (x 75B)
Class kotlin.collections.ArraysKt___ArraysKt$asIterable$$inlined$Iterable$1           : loaded 2 times (x 79B)
Class org.jetbrains.kotlin.com.intellij.psi.scope.processor.ConflictFilterProcessor   : loaded 2 times (x 90B)
Class org.jetbrains.kotlin.com.intellij.psi.PsiDocumentManager                        : loaded 2 times (x 96B)
Class org.jetbrains.kotlin.com.intellij.openapi.util.Comparing                        : loaded 2 times (x 71B)
Class kotlinx.coroutines.EventLoopKt                                                  : loaded 2 times (x 71B)
Class org.jetbrains.kotlin.com.intellij.lang.java.lexer.JavaDocLexer                  : loaded 2 times (x 87B)
Class org.jetbrains.kotlin.com.intellij.openapi.extensions.PluginId                   : loaded 2 times (x 75B)
Class org.jetbrains.kotlin.com.intellij.mock.MockFileDocumentManagerImpl              : loaded 2 times (x 83B)
Class org.jetbrains.kotlin.com.intellij.openapi.util.Disposer$1                       : loaded 2 times (x 75B)
Class org.jetbrains.kotlin.com.intellij.util.pico.DefaultPicoContainer                : loaded 2 times (x 77B)
Class org.jetbrains.kotlin.com.intellij.openapi.extensions.PluginDescriptor           : loaded 2 times (x 70B)
Class org.jetbrains.kotlin.com.intellij.openapi.extensions.AreaInstance               : loaded 2 times (x 70B)
Class kotlin.collections.ArrayAsCollection                                            : loaded 2 times (x 105B)
Class org.jetbrains.kotlin.com.google.common.base.Function                            : loaded 2 times (x 70B)
Class kotlin.text.Regex                                                               : loaded 2 times (x 72B)
Class kotlin.LazyKt__LazyKt                                                           : loaded 2 times (x 71B)
Class kotlin.text.StringsKt__StringBuilderJVMKt                                       : loaded 2 times (x 71B)
Class com.google.common.collect.ImmutableRangeSet$Builder                             : loaded 2 times (x 77B)
Class com.google.common.collect.Sets$SetView                                          : loaded 2 times (x 138B)
Class com.google.common.cache.LocalCache$StrongValueReference                         : loaded 2 times (x 90B)
Class com.google.common.util.concurrent.AbstractFuture$SynchronizedHelper             : loaded 2 times (x 78B)
Class com.google.common.base.CharMatcher$Invisible                                    : loaded 2 times (x 112B)
Class org.jetbrains.kotlin.codegen.optimization.nullCheck.RedundantNullCheckMethodTransformer$TransformerPass$NullabilityAssumptionsBuilder: loaded 2 times (x 72B)
Class org.jetbrains.kotlin.metadata.ProtoBuf$Constructor$Builder                      : loaded 2 times (x 149B)
Class org.jetbrains.kotlin.it.unimi.dsi.fastutil.objects.Object2IntMap                : loaded 2 times (x 70B)
Class [Lorg.jetbrains.kotlin.ir.declarations.IrDeclaration;                           : loaded 2 times (x 69B)
Class org.jetbrains.kotlin.backend.jvm.intrinsics.IsArrayOf                           : loaded 2 times (x 73B)
Class org.jetbrains.kotlin.backend.jvm.JvmInnerClassesSupport                         : loaded 2 times (x 77B)
Class org.jetbrains.kotlin.descriptors.impl.FunctionDescriptorImpl                    : loaded 2 times (x 299B)
Class org.jetbrains.kotlin.psi2ir.generators.GeneratorExtensions$SamConversion        : loaded 2 times (x 73B)
Class org.jetbrains.kotlin.ir.overrides.FakeOverrideBuilderStrategy$BindToPrivateSymbols: loaded 2 times (x 78B)
Class [Lorg.jetbrains.kotlin.ir.declarations.IrAnnotationContainer;                   : loaded 2 times (x 69B)
Class org.jetbrains.kotlin.ir.symbols.impl.IrConstructorSymbolImpl                    : loaded 2 times (x 103B)
Class org.jetbrains.kotlin.descriptors.DescriptorVisibilities$11                      : loaded 2 times (x 76B)
Class org.jetbrains.kotlin.backend.jvm.JvmGeneratorExtensions                         : loaded 2 times (x 70B)
Class org.jetbrains.kotlin.types.AbstractNullabilityChecker                           : loaded 2 times (x 71B)
Class org.jetbrains.kotlin.it.unimi.dsi.fastutil.objects.Object2ObjectOpenHashMap$MapIterator: loaded 2 times (x 77B)
Class org.jetbrains.kotlin.load.java.structure.impl.classFiles.PlainJavaPrimitiveType : loaded 2 times (x 97B)
Class org.jetbrains.kotlin.load.java.structure.impl.JavaPackageImpl                   : loaded 2 times (x 104B)
Class org.jetbrains.kotlin.com.google.common.collect.ImmutableList$ReverseImmutableList: loaded 2 times (x 209B)
Class org.jetbrains.kotlin.com.intellij.openapi.util.text.CharFilter                  : loaded 2 times (x 70B)
Class org.jetbrains.kotlin.parsing.KotlinExpressionParsing$Precedence                 : loaded 2 times (x 81B)
Class org.jetbrains.kotlin.com.google.common.collect.ImmutableMapEntrySet$RegularEntrySet: loaded 2 times (x 152B)
Class org.jetbrains.kotlin.com.google.common.collect.ImmutableMap$MapViewOfValuesAsSingletonSets: loaded 2 times (x 126B)
Class org.jetbrains.kotlin.parsing.AbstractKotlinParsing                              : loaded 2 times (x 101B)
Class org.jetbrains.kotlin.it.unimi.dsi.fastutil.ints.IntArrays$Segment               : loaded 2 times (x 71B)
Class [Lorg.jetbrains.kotlin.com.intellij.model.psi.PsiExternalReferenceHost;         : loaded 2 times (x 69B)
Class [Lorg.jetbrains.kotlin.psi.ValueArgumentName;                                   : loaded 2 times (x 69B)
Class org.jetbrains.kotlin.psi.stubs.elements.KtConstructorElementType                : loaded 2 times (x 107B)
Class org.jetbrains.kotlin.resolve.checkers.StubForBuilderInferenceParameterTypeChecker: loaded 2 times (x 74B)
Class org.jetbrains.kotlin.resolve.checkers.MultiFieldValueClassAnnotationsChecker    : loaded 2 times (x 74B)
Class org.jetbrains.kotlin.resolve.calls.inference.components.TrivialConstraintTypeInferenceOracle$Companion: loaded 2 times (x 71B)
Class org.jetbrains.kotlin.metadata.ProtoBuf$QualifiedNameTable$QualifiedName$1       : loaded 2 times (x 144B)
Class org.jetbrains.kotlin.metadata.deserialization.BinaryVersion$Companion           : loaded 2 times (x 71B)
Class org.jetbrains.kotlin.util.TypeRegistry                                          : loaded 2 times (x 73B)
Class org.jetbrains.kotlin.load.java.JavaModuleAnnotationsProvider                    : loaded 2 times (x 70B)
Class kotlin.jvm.internal.Ref$ObjectRef                                               : loaded 2 times (x 72B)
Class org.jetbrains.kotlin.com.intellij.psi.JVMElementFactory                         : loaded 2 times (x 70B)
Class org.jetbrains.kotlin.kotlinx.collections.immutable.implementations.immutableList.BufferIterator: loaded 2 times (x 99B)
Class org.jetbrains.kotlin.com.intellij.util.messages.impl.BaseBusConnection          : loaded 2 times (x 78B)
Class org.jetbrains.kotlin.com.intellij.util.messages.MessageBusFactory               : loaded 2 times (x 71B)
Class org.jetbrains.kotlin.cli.jvm.compiler.KotlinCoreApplicationEnvironment          : loaded 2 times (x 94B)
Class org.jetbrains.kotlin.backend.jvm.lower.PropertyReferenceLowering                : loaded 2 times (x 518B)
Class org.jetbrains.kotlin.backend.common.FileLoweringPass                            : loaded 2 times (x 70B)
Class org.jetbrains.kotlin.com.intellij.openapi.util.Disposer$2                       : loaded 2 times (x 76B)
Class org.jetbrains.kotlin.com.intellij.util.IncorrectOperationException              : loaded 2 times (x 82B)
Class kotlin.jvm.internal.ReflectionFactory                                           : loaded 2 times (x 91B)
Class kotlin.UNINITIALIZED_VALUE                                                      : loaded 2 times (x 71B)
Class [Lorg.jetbrains.kotlin.config.JVMAssertionsMode;                                : loaded 2 times (x 69B)
Class org.jetbrains.kotlin.config.JVMAssertionsMode                                   : loaded 2 times (x 79B)
Class org.objectweb.asm.Type                                                          : loaded 2 times (x 72B)
Class org.gradle.internal.classloader.VisitableURLClassLoader$InstrumentingVisitableURLClassLoader: loaded 2 times (x 123B)
Class org.jetbrains.kotlin.codegen.optimization.nullCheck.NotNullBasicValue$Companion : loaded 2 times (x 71B)
Class org.jetbrains.kotlin.codegen.DescriptorAsmUtil$1                                : loaded 2 times (x 91B)
Class org.jetbrains.kotlin.backend.common.phaser.BeforeOrAfter                        : loaded 2 times (x 79B)
Class org.jetbrains.kotlin.codegen.state.BuilderFactoryForDuplicateClassNameDiagnostics: loaded 2 times (x 86B)
Class org.jetbrains.kotlin.ir.util.IrUtilsKt$special$$inlined$filterIsInstance$5      : loaded 2 times (x 74B)
Class org.jetbrains.kotlin.ir.declarations.IrAnonymousInitializer                     : loaded 2 times (x 119B)
Class org.jetbrains.kotlin.ir.interpreter.CallInterceptor                             : loaded 2 times (x 70B)
Class org.jetbrains.kotlin.ir.types.impl.IrStarProjectionImpl                         : loaded 2 times (x 77B)
Class org.jetbrains.kotlin.ir.declarations.MetadataSource$Class                       : loaded 2 times (x 70B)
Class org.jetbrains.kotlin.ir.declarations.IrValueDeclaration                         : loaded 2 times (x 70B)
Class org.jetbrains.kotlin.descriptors.DescriptorVisibilities$12                      : loaded 2 times (x 76B)
Class org.jetbrains.kotlin.resolve.calls.inference.model.IncorporationConstraintPosition: loaded 2 times (x 72B)
Class org.jetbrains.kotlin.utils.SmartSet$Companion                                   : loaded 2 times (x 71B)
Class [Lorg.jetbrains.kotlin.resolve.jvm.KotlinJavaPsiFacade$KotlinPsiElementFinderWrapper;: loaded 2 times (x 69B)
Class org.jetbrains.kotlin.it.unimi.dsi.fastutil.ints.AbstractIntList$IntRandomAccessSubList: loaded 2 times (x 353B)
Class org.jetbrains.kotlin.it.unimi.dsi.fastutil.objects.ObjectList                   : loaded 2 times (x 70B)
Class org.jetbrains.kotlin.lexer._JetLexer                                            : loaded 2 times (x 81B)
Class kotlin.collections.ReversedListReadOnly$listIterator$1                          : loaded 2 times (x 90B)
Class kotlin.comparisons.ComparisonsKt__ComparisonsKt                                 : loaded 2 times (x 71B)
Class org.jetbrains.kotlin.builtins.functions.FunctionTypeKind$KSuspendFunction       : loaded 2 times (x 76B)
Class org.jetbrains.kotlin.descriptors.ClassifierDescriptor                           : loaded 2 times (x 70B)
Class org.jetbrains.kotlin.resolve.checkers.OptionalExpectationUsageChecker           : loaded 2 times (x 74B)
Class org.jetbrains.kotlin.resolve.calls.checkers.CustomEnumEntriesMigrationCallChecker: loaded 2 times (x 74B)
Class org.jetbrains.kotlin.psi.KtValueArgumentName                                    : loaded 2 times (x 449B)
Class org.jetbrains.kotlin.psi.KtTypeConstraintList                                   : loaded 2 times (x 444B)
Class [Lorg.jetbrains.kotlin.psi.KtParameter;                                         : loaded 2 times (x 69B)
Class org.jetbrains.kotlin.psi.KtParameter                                            : loaded 2 times (x 1155B)
Class org.jetbrains.kotlin.psi.stubs.elements.KtCollectionLiteralExpressionElementType: loaded 2 times (x 100B)
Class org.jetbrains.kotlin.metadata.ProtoBuf$ValueParameter                           : loaded 2 times (x 128B)
Class org.jetbrains.kotlin.metadata.ProtoBuf$ClassOrBuilder                           : loaded 2 times (x 70B)
Class org.jetbrains.kotlin.metadata.ProtoBuf$QualifiedNameTable$1                     : loaded 2 times (x 144B)
Class org.jetbrains.kotlin.com.intellij.openapi.vfs.VfsUtilCore$1                     : loaded 2 times (x 76B)
Class org.jetbrains.kotlin.diagnostics.DiagnosticReporter                             : loaded 2 times (x 73B)
Class org.jetbrains.kotlin.resolve.jvm.modules.JavaModuleInfo                         : loaded 2 times (x 72B)
Class org.jetbrains.kotlin.com.intellij.util.containers.SoftHashMap                   : loaded 2 times (x 127B)
Class [Lorg.jetbrains.kotlin.com.intellij.openapi.vfs.VirtualFileFilter;              : loaded 2 times (x 69B)
Class org.jetbrains.kotlin.com.intellij.core.CoreProjectScopeBuilder$CoreLibrariesScope: loaded 2 times (x 96B)
Class org.jetbrains.kotlin.com.intellij.psi.impl.PsiModificationTrackerImpl           : loaded 2 times (x 84B)
Class org.jetbrains.kotlin.org.codehaus.stax2.typed.TypedXMLStreamException           : loaded 2 times (x 84B)
Class kotlinx.coroutines.Job$DefaultImpls                                             : loaded 2 times (x 71B)
Class kotlin.coroutines.CoroutineContext$Element$DefaultImpls                         : loaded 2 times (x 71B)
Class kotlin.coroutines.Continuation                                                  : loaded 2 times (x 70B)
Class kotlin.sequences.SequencesKt__SequencesKt                                       : loaded 2 times (x 71B)
Class org.jetbrains.kotlin.backend.common.lower.ConstEvaluationLowering               : loaded 2 times (x 80B)
Class org.jetbrains.kotlin.backend.jvm.lower.BridgeLowering                           : loaded 2 times (x 85B)
Class org.jetbrains.kotlin.backend.common.lower.InnerClassConstructorCallsLowering    : loaded 2 times (x 86B)
Class org.jetbrains.kotlin.backend.jvm.lower.DirectInvokeLowering                     : loaded 2 times (x 518B)
Class org.jetbrains.kotlin.backend.jvm.lower.JvmLateinitLowering                      : loaded 2 times (x 80B)
Class org.jetbrains.kotlin.com.intellij.openapi.util.ObjectNode$1                     : loaded 2 times (x 77B)
Class [Lkotlin.reflect.jvm.internal.impl.resolve.jvm.JvmPrimitiveType;                : loaded 2 times (x 69B)
Class kotlin.collections.SetsKt___SetsKt                                              : loaded 2 times (x 71B)
Class org.jetbrains.kotlin.storage.LockBasedStorageManager$MapBasedMemoizedFunction   : loaded 2 times (x 82B)
Class kotlin.jvm.internal.ClassBasedDeclarationContainer                              : loaded 2 times (x 70B)
Class kotlin.ranges.RangesKt__RangesKt                                                : loaded 2 times (x 71B)
Class org.objectweb.asm.ByteVector                                                    : loaded 2 times (x 79B)
Class [Lcom.google.common.cache.CacheBuilder$NullListener;                            : loaded 2 times (x 69B)
Class com.google.common.math.IntMath$1                                                : loaded 2 times (x 71B)
Class org.gradle.internal.classloader.VisitableURLClassLoader$Spec                    : loaded 2 times (x 74B)
Class org.gradle.internal.classpath.DefaultClassPath                                  : loaded 2 times (x 90B)
Class org.jetbrains.kotlin.backend.jvm.lower.PropertyReferenceLowering$Companion      : loaded 2 times (x 71B)
Class org.jetbrains.org.objectweb.asm.util.Printer                                    : loaded 2 times (x 142B)
Class org.jetbrains.kotlin.backend.jvm.codegen.IrSourceCompilerForInline              : loaded 2 times (x 88B)
Class org.jetbrains.kotlin.descriptors.SupertypeLoopChecker$EMPTY                     : loaded 2 times (x 74B)
Class org.jetbrains.org.objectweb.asm.Handler                                         : loaded 2 times (x 72B)
Class org.jetbrains.kotlin.codegen.optimization.temporaryVals.TemporaryVal            : loaded 2 times (x 72B)
Class org.jetbrains.kotlin.codegen.optimization.fixStack.FastStackAnalyzer            : loaded 2 times (x 74B)
Class org.jetbrains.kotlin.codegen.DescriptorAsmUtil$2                                : loaded 2 times (x 87B)
Class org.jetbrains.kotlin.codegen.StackValue$PostIncrement                           : loaded 2 times (x 87B)
Class org.jetbrains.kotlin.codegen.inline.SourceMapCopyingMethodVisitor               : loaded 2 times (x 104B)
Class org.jetbrains.kotlin.backend.jvm.codegen.ClassCodegenKt$WhenMappings            : loaded 2 times (x 71B)
Class [Lorg.jetbrains.kotlin.backend.jvm.lower.JvmArgumentNullabilityAssertionsLowering$AssertionScope;: loaded 2 times (x 69B)
Class [Lorg.jetbrains.kotlin.backend.jvm.caches.CollectionStubComputer$LazyStubsForCollectionClass;: loaded 2 times (x 69B)
Class org.jetbrains.kotlin.backend.jvm.JvmCachedDeclarations                          : loaded 2 times (x 72B)
Class org.jetbrains.kotlin.descriptors.SimpleFunctionDescriptor                       : loaded 2 times (x 70B)
Class org.jetbrains.kotlin.ir.builders.IrStatementsBuilder                            : loaded 2 times (x 82B)
Class org.jetbrains.kotlin.ir.expressions.impl.IrConstructorCallImpl$Companion        : loaded 2 times (x 71B)
Class org.jetbrains.kotlin.ir.expressions.impl.IrConstructorCallImpl                  : loaded 2 times (x 119B)
Class org.jetbrains.kotlin.ir.symbols.impl.IrClassSymbolImpl                          : loaded 2 times (x 99B)
Class org.jetbrains.kotlin.types.AbstractTypeApproximator$referenceApproximateToSuperType$1: loaded 2 times (x 125B)
Class org.jetbrains.kotlin.resolve.calls.inference.components.VariableFixationFinder$Context: loaded 2 times (x 70B)
Class org.jetbrains.kotlin.metadata.ProtoBuf$TypeAlias$1                              : loaded 2 times (x 144B)
Class org.jetbrains.kotlin.load.java.typeEnhancement.NullabilityQualifier             : loaded 2 times (x 79B)
Class org.jetbrains.kotlin.com.google.common.collect.LinkedHashMultimap$ValueSet$1    : loaded 2 times (x 82B)
Class org.jetbrains.kotlin.lexer._JetLexer$State                                      : loaded 2 times (x 71B)
Class org.jetbrains.kotlin.parsing.LastBefore                                         : loaded 2 times (x 84B)
Class kotlin.comparisons.ComparisonsKt                                                : loaded 2 times (x 71B)
Class kotlin.comparisons.ComparisonsKt___ComparisonsKt                                : loaded 2 times (x 71B)
Class org.jetbrains.kotlin.resolve.calls.checkers.ConstructorHeaderCallChecker        : loaded 2 times (x 74B)
Class org.jetbrains.kotlin.psi.KtIsExpression                                         : loaded 2 times (x 503B)
Class org.jetbrains.kotlin.resolve.checkers.EnumEntriesRedeclarationChecker           : loaded 2 times (x 74B)
Class org.jetbrains.kotlin.psi.KtDeclaration                                          : loaded 2 times (x 70B)
Class org.jetbrains.kotlin.container.ComponentProvider                                : loaded 2 times (x 70B)
Class org.jetbrains.kotlin.metadata.ProtoBuf$Annotation$Argument$ValueOrBuilder       : loaded 2 times (x 70B)
Class org.jetbrains.kotlin.com.intellij.openapi.vfs.VfsUtilCore$2                     : loaded 2 times (x 76B)
Class org.jetbrains.kotlin.cli.jvm.compiler.JvmPackagePartProvider                    : loaded 2 times (x 92B)
Class org.jetbrains.kotlin.com.intellij.psi.impl.JavaPsiFacadeEx                      : loaded 2 times (x 87B)
Class org.jetbrains.kotlin.com.intellij.psi.TypeAnnotationProvider$1                  : loaded 2 times (x 75B)
Class org.jetbrains.kotlin.com.intellij.core.CoreProjectScopeBuilder$ContentSearchScope: loaded 2 times (x 96B)
Class org.jetbrains.kotlin.com.intellij.ide.plugins.IdeaPluginDescriptorImpl          : loaded 2 times (x 94B)
Class org.jetbrains.kotlin.org.codehaus.stax2.ri.typed.ValueDecoderFactory$DecoderBase: loaded 2 times (x 81B)
Class kotlin.Result$Companion                                                         : loaded 2 times (x 71B)
Class kotlin.coroutines.jvm.internal.BaseContinuationImpl                             : loaded 2 times (x 87B)
Class kotlin.sequences.FilteringSequence                                              : loaded 2 times (x 75B)
Class org.jetbrains.kotlin.com.intellij.util.messages.impl.MessagePublisher           : loaded 2 times (x 76B)
Class org.jetbrains.kotlin.com.intellij.openapi.util.Iconable                         : loaded 2 times (x 70B)
Class org.jetbrains.kotlin.com.intellij.openapi.extensions.ExtensionPointListener     : loaded 2 times (x 70B)
Class org.jetbrains.kotlin.com.intellij.openapi.extensions.ExtensionPoint             : loaded 2 times (x 70B)
Class org.jetbrains.kotlin.com.intellij.openapi.extensions.ExtensionsArea             : loaded 2 times (x 70B)
Class kotlin.text.CharsKt__CharJVMKt                                                  : loaded 2 times (x 71B)
Class org.jetbrains.kotlin.ir.visitors.IrElementVisitor                               : loaded 2 times (x 70B)
Class org.jetbrains.kotlin.backend.common.phaser.PhaseDescription                     : loaded 2 times (x 70B)
Class org.objectweb.asm.Symbol                                                        : loaded 2 times (x 73B)
Class com.google.common.base.AbstractIterator                                         : loaded 2 times (x 80B)
Class org.jetbrains.kotlin.descriptors.ScopesHolderForClass$Companion                 : loaded 2 times (x 71B)
Class org.jetbrains.kotlin.codegen.optimization.nullCheck.RedundantNullCheckMethodTransformer$TransformerPass$NullabilityAssumptions: loaded 2 times (x 72B)
Class org.jetbrains.kotlin.codegen.state.StaticTypeMapperForOldBackend$staticTypeMappingConfiguration$1: loaded 2 times (x 80B)
Class org.jetbrains.kotlin.codegen.optimization.RedundantNopsCleanupMethodTransformerKt: loaded 2 times (x 71B)
Class org.jetbrains.kotlin.codegen.inline.MaxLocalsCalculator                         : loaded 2 times (x 105B)
Class org.jetbrains.kotlin.types.IntersectionTypeConstructor                          : loaded 2 times (x 83B)
Class org.jetbrains.kotlin.codegen.inline.MethodId                                    : loaded 2 times (x 72B)
Class [Lorg.jetbrains.kotlin.ir.declarations.IrSymbolOwner;                           : loaded 2 times (x 69B)
Class org.jetbrains.kotlin.backend.jvm.lower.JvmMultiFieldValueClassLowering$Companion: loaded 2 times (x 71B)
Class org.jetbrains.kotlin.codegen.intrinsics.Clone                                   : loaded 2 times (x 78B)
Class org.jetbrains.kotlin.ir.util.IdSignature                                        : loaded 2 times (x 81B)
Class org.jetbrains.kotlin.ir.declarations.IrDeclarationBase                          : loaded 2 times (x 113B)
Class org.jetbrains.kotlin.diagnostics.PositioningStrategies$PARAMETER_DEFAULT_VALUE$1: loaded 2 times (x 74B)
Class org.jetbrains.kotlin.types.AbstractTypeApproximator$referenceApproximateToSubType$1: loaded 2 times (x 125B)
Class org.jetbrains.kotlin.types.model.CapturedTypeMarker                             : loaded 2 times (x 70B)
Class org.jetbrains.kotlin.metadata.ProtoBuf$Effect$1                                 : loaded 2 times (x 144B)
Class org.jetbrains.kotlin.serialization.deserialization.descriptors.DeserializedContainerAbiStability: loaded 2 times (x 79B)
Class org.jetbrains.kotlin.metadata.jvm.JvmProtoBuf                                   : loaded 2 times (x 71B)
Class [Lorg.jetbrains.kotlin.builtins.jvm.JavaToKotlinClassMap$PlatformMutabilityMapping;: loaded 2 times (x 69B)
Class org.jetbrains.kotlin.utils.NumbersKt                                            : loaded 2 times (x 71B)
Class org.jetbrains.kotlin.utils.addToStdlib.AddToStdlibKt                            : loaded 2 times (x 71B)
Class org.jetbrains.kotlin.it.unimi.dsi.fastutil.ints.IntArrays$ArrayHashStrategy     : loaded 2 times (x 75B)
Class org.jetbrains.kotlin.com.intellij.util.ObjectUtilsRt                            : loaded 2 times (x 71B)
Class org.jetbrains.kotlin.resolve.IdentifierChecker                                  : loaded 2 times (x 70B)
Class org.jetbrains.kotlin.psi.KtSuperExpression                                      : loaded 2 times (x 439B)
Class org.jetbrains.kotlin.com.intellij.psi.ContributedReferenceHost                  : loaded 2 times (x 70B)
Class [Lorg.jetbrains.kotlin.psi.KtFileAnnotationList;                                : loaded 2 times (x 69B)
Class org.jetbrains.kotlin.psi.KtAnnotation                                           : loaded 2 times (x 446B)
Class org.jetbrains.kotlin.psi.KtAnnotationEntry                                      : loaded 2 times (x 521B)
Class org.jetbrains.kotlin.psi.stubs.KotlinConstructorStub                            : loaded 2 times (x 70B)
Class org.jetbrains.kotlin.psi.stubs.elements.KtBackingFieldElementType               : loaded 2 times (x 103B)
Class org.jetbrains.kotlin.psi.stubs.elements.KtContractEffectElementType             : loaded 2 times (x 100B)
Class org.jetbrains.kotlin.psi.KtClassLikeDeclaration                                 : loaded 2 times (x 70B)
Class org.jetbrains.kotlin.resolve.checkers.PropertiesWithBackingFieldsInsideValueClass: loaded 2 times (x 74B)
Class org.jetbrains.kotlin.resolve.checkers.SinceKotlinAnnotationValueChecker         : loaded 2 times (x 77B)
Class org.jetbrains.kotlin.com.intellij.extapi.psi.ASTDelegatePsiElement              : loaded 2 times (x 306B)
Class org.jetbrains.kotlin.metadata.ProtoBuf$ConstructorOrBuilder                     : loaded 2 times (x 70B)
Class [Lorg.jetbrains.kotlin.com.intellij.psi.PsiModifierListOwner;                   : loaded 2 times (x 69B)
Class org.jetbrains.kotlin.resolve.jvm.KotlinJavaPsiFacade$KotlinPsiElementFinderWrapperImplDumbAware: loaded 2 times (x 82B)
Class org.jetbrains.kotlin.metadata.ProtoBuf$Visibility                               : loaded 2 times (x 82B)
Class org.jetbrains.kotlin.asJava.KotlinAsJavaSupport$Companion                       : loaded 2 times (x 71B)
Class org.jetbrains.kotlin.com.intellij.openapi.editor.event.DocumentListener         : loaded 2 times (x 70B)
Class org.jetbrains.kotlin.idea.KotlinFileType                                        : loaded 2 times (x 90B)
Class org.jetbrains.kotlin.com.fasterxml.aalto.in.Utf32Reader                         : loaded 2 times (x 95B)
Class org.jetbrains.kotlin.com.fasterxml.aalto.in.InputBootstrapper                   : loaded 2 times (x 84B)
Class org.jetbrains.kotlin.com.fasterxml.aalto.util.UriCanonicalizer                  : loaded 2 times (x 72B)
Class org.jetbrains.kotlin.com.intellij.psi.impl.compiled.ClassFileStubBuilder        : loaded 2 times (x 97B)
Class org.jetbrains.kotlin.com.intellij.psi.PsiFile                                   : loaded 2 times (x 70B)
Class org.jetbrains.kotlin.com.intellij.psi.impl.source.resolve.reference.ReferenceProvidersRegistryImpl$2: loaded 2 times (x 75B)
Class org.jetbrains.kotlin.com.intellij.openapi.project.IndexNotReadyException        : loaded 2 times (x 85B)
Class org.jetbrains.kotlin.backend.jvm.JvmPhasesKt$jvmCodegenPhases$1                 : loaded 2 times (x 125B)
Class org.jetbrains.kotlin.com.intellij.util.containers.WeakHashMap                   : loaded 2 times (x 127B)
Class org.jetbrains.kotlin.config.ApiVersion$Companion                                : loaded 2 times (x 71B)
Class kotlin.reflect.KType                                                            : loaded 2 times (x 70B)
Class com.google.common.io.Closer                                                     : loaded 2 times (x 78B)
Class com.google.common.collect.RegularImmutableMap$Values                            : loaded 2 times (x 207B)
Class com.google.common.collect.ImmutableSet                                          : loaded 2 times (x 145B)
Class com.google.common.base.CharMatcher$BitSetMatcher                                : loaded 2 times (x 112B)
Class com.google.common.base.CharMatcher$Ascii                                        : loaded 2 times (x 112B)
Class org.gradle.internal.classloader.ClassLoaderSpec                                 : loaded 2 times (x 71B)
Class org.jetbrains.kotlin.metadata.serialization.MutableTypeTable                    : loaded 2 times (x 74B)
Class org.jetbrains.kotlin.codegen.optimization.nullCheck.RedundantNullCheckMethodTransformer: loaded 2 times (x 73B)
Class org.jetbrains.kotlin.backend.jvm.codegen.JvmMethodSignatureClashDetector        : loaded 2 times (x 74B)
Class org.jetbrains.kotlin.resolve.jvm.JdkClassesKt                                   : loaded 2 times (x 71B)
Class org.jetbrains.kotlin.descriptors.PropertyGetterDescriptor                       : loaded 2 times (x 70B)
Class org.jetbrains.kotlin.types.AbstractTypeConstructor$Supertypes                   : loaded 2 times (x 72B)
Class org.jetbrains.org.objectweb.asm.tree.AbstractInsnNode                           : loaded 2 times (x 78B)
Class org.jetbrains.kotlin.backend.jvm.intrinsics.BinaryOp                            : loaded 2 times (x 73B)
Class org.jetbrains.kotlin.codegen.when.MappingsClassesForWhenByEnum                  : loaded 2 times (x 73B)
Class [Lorg.jetbrains.kotlin.ir.expressions.IrExpression;                             : loaded 2 times (x 69B)
Class org.jetbrains.kotlin.ir.declarations.impl.IrModuleFragmentImpl                  : loaded 2 times (x 91B)
Class org.jetbrains.kotlin.ir.symbols.impl.IrSimpleFunctionSymbolImpl                 : loaded 2 times (x 103B)
Class [Lorg.jetbrains.kotlin.resolve.deprecation.DeprecationLevelValue;               : loaded 2 times (x 69B)
Class org.jetbrains.kotlin.load.java.structure.JavaAnnotationArgument                 : loaded 2 times (x 70B)
Class org.jetbrains.kotlin.utils.SmartList$SingletonIterator                          : loaded 2 times (x 82B)
Class org.jetbrains.kotlin.types.model.TypeParameterMarker                            : loaded 2 times (x 70B)
Class kotlin.collections.ReversedListReadOnly                                         : loaded 2 times (x 198B)
Class org.jetbrains.kotlin.descriptors.DeclarationDescriptorWithVisibility            : loaded 2 times (x 70B)
Class [Lorg.jetbrains.kotlin.psi.KtDoubleColonExpression;                             : loaded 2 times (x 69B)
Class [Lorg.jetbrains.kotlin.psi.KtElementImplStub;                                   : loaded 2 times (x 69B)
Class org.jetbrains.kotlin.psi.KtClass                                                : loaded 2 times (x 1099B)
Class org.jetbrains.kotlin.resolve.checkers.InnerClassInsideValueClass                : loaded 2 times (x 74B)
Class [Lorg.jetbrains.kotlin.resolve.checkers.DeclarationChecker;                     : loaded 2 times (x 69B)
Class org.jetbrains.kotlin.protobuf.SmallSortedMap                                    : loaded 2 times (x 130B)
Class org.jetbrains.kotlin.psi.KtAnnotated                                            : loaded 2 times (x 70B)
Class org.jetbrains.kotlin.com.intellij.util.ConcurrencyUtil                          : loaded 2 times (x 71B)
Class org.jetbrains.kotlin.cli.common.extensions.ScriptEvaluationExtension$Companion  : loaded 2 times (x 72B)
Class org.jetbrains.kotlin.cli.common.extensions.ScriptEvaluationExtension            : loaded 2 times (x 70B)
Class org.jetbrains.kotlin.codegen.extensions.ExpressionCodegenExtension$Companion    : loaded 2 times (x 72B)
Class org.jetbrains.kotlin.com.intellij.util.io.FileAccessorCache                     : loaded 2 times (x 83B)
Class org.jetbrains.kotlin.com.intellij.psi.JavaModuleSystem                          : loaded 2 times (x 70B)
Class org.jetbrains.kotlin.com.intellij.openapi.application.impl.ModalityStateEx      : loaded 2 times (x 73B)
Class kotlin.text.DelimitedRangesSequence                                             : loaded 2 times (x 75B)
Class org.jetbrains.kotlin.com.intellij.codeInsight.folding.CodeFoldingSettings       : loaded 2 times (x 71B)
Class org.jetbrains.kotlin.com.intellij.util.messages.Topic$BroadcastDirection        : loaded 2 times (x 79B)
Class org.jetbrains.kotlin.com.intellij.openapi.util.registry.EarlyAccessRegistryManagerKt: loaded 2 times (x 71B)
Class org.jetbrains.kotlin.com.intellij.openapi.progress.ProgressManager              : loaded 2 times (x 93B)
Class org.jetbrains.kotlin.backend.jvm.JvmPhasesKt$jvmCodegenPhases$2                 : loaded 2 times (x 125B)
Class org.jetbrains.kotlin.it.unimi.dsi.fastutil.objects.AbstractObject2ObjectFunction: loaded 2 times (x 98B)
Class org.jetbrains.kotlin.com.intellij.util.containers.IntKeyWeakValueHashMap        : loaded 2 times (x 78B)
Class org.jetbrains.kotlin.com.intellij.util.containers.ContainerUtil$ImmutableListBackedByArray: loaded 2 times (x 199B)
Class kotlin.reflect.jvm.internal.ReflectProperties$Val$1                             : loaded 2 times (x 71B)
Class kotlin.collections.CollectionsKt___CollectionsJvmKt                             : loaded 2 times (x 71B)
Class kotlin.jvm.internal.FunctionReferenceImpl                                       : loaded 2 times (x 122B)
Class org.objectweb.asm.AnnotationWriter                                              : loaded 2 times (x 79B)
Class com.google.common.cache.CacheStats                                              : loaded 2 times (x 71B)
Class org.jetbrains.kotlin.backend.common.lower.loops.handlers.IndexedGetIterationHandler: loaded 2 times (x 85B)
Class org.jetbrains.kotlin.backend.jvm.JvmSymbols$SerializedLambdaClass               : loaded 2 times (x 72B)
Class [Lorg.jetbrains.kotlin.codegen.OwnerKind;                                       : loaded 2 times (x 69B)
Class org.jetbrains.kotlin.descriptors.impl.EmptyPackageFragmentDescriptor            : loaded 2 times (x 140B)
Class org.jetbrains.kotlin.ir.IrAttribute                                             : loaded 2 times (x 72B)
Class org.jetbrains.kotlin.ir.expressions.IrConst                                     : loaded 2 times (x 107B)
Class org.jetbrains.kotlin.renderer.DescriptorRenderer$ValueParametersHandler         : loaded 2 times (x 70B)
Class org.jetbrains.kotlin.descriptors.PackageViewDescriptor                          : loaded 2 times (x 70B)
Class org.jetbrains.kotlin.storage.LockBasedStorageManager$LockBasedLazyValue         : loaded 2 times (x 86B)
Class org.jetbrains.kotlin.ir.symbols.IrExternalPackageFragmentSymbol                 : loaded 2 times (x 70B)
Class org.jetbrains.kotlin.diagnostics.PositioningStrategies$FindReferencePositioningStrategy: loaded 2 times (x 74B)
Class org.jetbrains.kotlin.load.java.structure.impl.classFiles.PlainJavaAnnotationArgument: loaded 2 times (x 76B)
Class org.jetbrains.kotlin.load.kotlin.header.KotlinClassHeader$Kind$Companion        : loaded 2 times (x 71B)
Class org.jetbrains.kotlin.resolve.jvm.KotlinJavaPsiFacade$PackageCache               : loaded 2 times (x 73B)
Class org.jetbrains.kotlin.com.intellij.psi.util.PsiUtilCore$NullPsiFile              : loaded 2 times (x 536B)
Class org.jetbrains.kotlin.com.google.common.collect.SingletonImmutableSet            : loaded 2 times (x 146B)
Class org.jetbrains.kotlin.utils.NumberWithRadix                                      : loaded 2 times (x 72B)
Class [Lorg.jetbrains.kotlin.types.model.SimpleTypeMarker;                            : loaded 2 times (x 69B)
Class org.jetbrains.kotlin.resolve.calls.tower.CandidateApplicability                 : loaded 2 times (x 79B)
Class [Lorg.jetbrains.kotlin.load.java.AnnotationQualifierApplicabilityType;          : loaded 2 times (x 69B)
Class org.jetbrains.kotlin.psi.KtForExpression                                        : loaded 2 times (x 445B)
Class [Lorg.jetbrains.kotlin.psi.KtSuperTypeCallEntry;                                : loaded 2 times (x 69B)
Class [Lorg.jetbrains.kotlin.psi.KtDotQualifiedExpression;                            : loaded 2 times (x 69B)
Class org.jetbrains.kotlin.psi.KtAnnotationsContainer                                 : loaded 2 times (x 70B)
Class org.jetbrains.kotlin.protobuf.SmallSortedMap$EmptySet                           : loaded 2 times (x 71B)
Class org.jetbrains.kotlin.load.kotlin.ModuleMappingUtilKt                            : loaded 2 times (x 71B)
Class org.jetbrains.kotlin.com.intellij.util.containers.ShareableKey                  : loaded 2 times (x 70B)
Class org.jetbrains.kotlin.protobuf.MessageLite                                       : loaded 2 times (x 70B)
Class org.jetbrains.kotlin.diagnostics.DiagnosticReporterFactory                      : loaded 2 times (x 71B)
Class org.jetbrains.kotlin.serialization.DescriptorSerializerPlugin                   : loaded 2 times (x 70B)
Class org.jetbrains.kotlin.com.intellij.openapi.project.DumbService$Companion         : loaded 2 times (x 71B)
Class org.jetbrains.kotlin.com.intellij.core.CoreProjectScopeBuilder                  : loaded 2 times (x 77B)
Class org.jetbrains.kotlin.com.intellij.util.CachedValuesFactory                      : loaded 2 times (x 70B)
Class org.jetbrains.kotlin.com.intellij.ide.plugins.ModuleDependenciesDescriptor      : loaded 2 times (x 72B)
Class kotlinx.coroutines.CoroutineStart$WhenMappings                                  : loaded 2 times (x 71B)
Class kotlinx.coroutines.scheduling.CoroutineScheduler$Worker                         : loaded 2 times (x 106B)
Class org.jetbrains.kotlin.com.intellij.serviceContainer.LazyExtensionInstance        : loaded 2 times (x 74B)
Class org.jetbrains.kotlin.com.intellij.openapi.extensions.ExtensionPointAdapter      : loaded 2 times (x 76B)
Class org.jetbrains.kotlin.com.intellij.openapi.util.Disposer$CheckedDisposableImpl   : loaded 2 times (x 79B)
Class org.jetbrains.kotlin.com.intellij.mock.MockApplication                          : loaded 2 times (x 330B)
Class kotlin.sequences.SequencesKt___SequencesJvmKt                                   : loaded 2 times (x 71B)
Class org.jetbrains.kotlin.backend.common.phaser.PhaseConfigKt                        : loaded 2 times (x 71B)
Class org.jetbrains.kotlin.backend.jvm.lower.RepeatedAnnotationLowering               : loaded 2 times (x 339B)
Class org.jetbrains.kotlin.backend.common.lower.IrBuildingTransformer                 : loaded 2 times (x 501B)
Class org.jetbrains.kotlin.backend.jvm.lower.JvmDefaultArgumentStubGenerator          : loaded 2 times (x 98B)
Class org.jetbrains.kotlin.backend.jvm.JvmPhasesKt$jvmCodegenPhases$3                 : loaded 2 times (x 125B)
Class kotlin.Unit                                                                     : loaded 2 times (x 71B)
Class org.jetbrains.kotlin.com.intellij.util.containers.ConcurrentRefHashMap          : loaded 2 times (x 154B)
Class kotlin.TuplesKt                                                                 : loaded 2 times (x 71B)
Class org.jetbrains.kotlin.config.MavenComparableVersion$ListItem                     : loaded 2 times (x 218B)
Class kotlin.jvm.internal.markers.KMutableIterable                                    : loaded 2 times (x 70B)
Class com.google.common.io.Closer$Suppressor                                          : loaded 2 times (x 70B)
Class org.objectweb.asm.RecordComponentWriter                                         : loaded 2 times (x 78B)
Class com.google.common.util.concurrent.AbstractFuture$Listener                       : loaded 2 times (x 72B)
Class com.google.common.base.CharMatcher$Or                                           : loaded 2 times (x 112B)
Class Settings_gradle$1$1                                                             : loaded 2 times (x 74B)
Class org.jetbrains.kotlin.codegen.inline.LocalVarRemapper$RemapStatus                : loaded 2 times (x 79B)
Class org.jetbrains.kotlin.backend.jvm.codegen.IrInlineIntrinsicsSupport              : loaded 2 times (x 83B)
Class org.jetbrains.kotlin.com.google.common.collect.Sets$SetView                     : loaded 2 times (x 138B)
Class org.jetbrains.kotlin.codegen.optimization.common.FastAnalyzer$Companion         : loaded 2 times (x 71B)
Class org.jetbrains.kotlin.codegen.optimization.common.FastAnalyzer                   : loaded 2 times (x 74B)
Class org.jetbrains.kotlin.codegen.optimization.CapturedVarsOptimizationMethodTransformer: loaded 2 times (x 72B)
Class org.jetbrains.kotlin.it.unimi.dsi.fastutil.objects.AbstractObject2IntFunction   : loaded 2 times (x 114B)
Class org.jetbrains.kotlin.backend.jvm.codegen.FunctionCodegen$Companion              : loaded 2 times (x 71B)
Class [Lorg.jetbrains.kotlin.resolve.jvm.jvmSignature.JvmMethodParameterKind;         : loaded 2 times (x 69B)
Class org.jetbrains.kotlin.backend.jvm.lower.JvmVisibilityPolicy                      : loaded 2 times (x 76B)
Class org.jetbrains.kotlin.backend.jvm.lower.PropertyReferenceLowering$ClassData      : loaded 2 times (x 72B)
Class org.jetbrains.kotlin.backend.jvm.intrinsics.KClassJavaProperty                  : loaded 2 times (x 73B)
Class org.jetbrains.kotlin.backend.jvm.caches.CollectionStubComputer                  : loaded 2 times (x 72B)
Class org.jetbrains.kotlin.codegen.intrinsics.ToString                                : loaded 2 times (x 78B)
Class org.jetbrains.kotlin.ir.expressions.IrGetSingletonValue                         : loaded 2 times (x 104B)
Class [Lorg.jetbrains.kotlin.ir.expressions.IrTypeOperator;                           : loaded 2 times (x 69B)
Class org.jetbrains.kotlin.renderer.ParameterNameRenderingPolicy                      : loaded 2 times (x 79B)
Class org.jetbrains.kotlin.ir.symbols.IrClassSymbol                                   : loaded 2 times (x 70B)
Class org.jetbrains.kotlin.cli.common.ModuleVisibilityHelperImpl                      : loaded 2 times (x 74B)
Class org.jetbrains.kotlin.load.java.JavaDefaultQualifiersKt                          : loaded 2 times (x 71B)
Class org.jetbrains.kotlin.load.java.AbstractAnnotationTypeQualifierResolver          : loaded 2 times (x 77B)
Class org.jetbrains.kotlin.lexer.KotlinLexer                                          : loaded 2 times (x 86B)
Class org.jetbrains.kotlin.psi.ValueArgumentName                                      : loaded 2 times (x 70B)
Class [Lorg.jetbrains.kotlin.psi.KtExpressionImplStub;                                : loaded 2 times (x 69B)
Class org.jetbrains.kotlin.com.intellij.psi.tree.IReparseableLeafElementType          : loaded 2 times (x 70B)
Class org.jetbrains.kotlin.psi.KtPureClassOrObject                                    : loaded 2 times (x 70B)
Class org.jetbrains.kotlin.cli.jvm.compiler.CliVirtualFileFinder                      : loaded 2 times (x 90B)
Class org.jetbrains.kotlin.metadata.jvm.deserialization.ModuleMapping$Companion       : loaded 2 times (x 71B)
Class [Lorg.jetbrains.kotlin.it.unimi.dsi.fastutil.objects.Object2ObjectOpenHashMap;  : loaded 2 times (x 69B)
Class org.jetbrains.kotlin.extensions.AnnotationBasedExtension                        : loaded 2 times (x 70B)
Class org.jetbrains.kotlin.resolve.jvm.extensions.SyntheticJavaResolveExtension$Companion: loaded 2 times (x 72B)
Class org.jetbrains.kotlin.com.intellij.DynamicBundle                                 : loaded 2 times (x 76B)
Class org.jetbrains.kotlin.com.intellij.psi.PsiAnnotation                             : loaded 2 times (x 70B)
Class org.jetbrains.kotlin.com.intellij.openapi.project.DumbUtil                      : loaded 2 times (x 70B)
Class kotlinx.coroutines.selects.SelectClause0                                        : loaded 2 times (x 70B)
Class org.jetbrains.kotlin.com.intellij.util.containers.UnsafeWeakList$MyReference    : loaded 2 times (x 79B)
Class org.jetbrains.kotlin.com.intellij.openapi.project.DumbAware                     : loaded 2 times (x 70B)
Class org.jetbrains.kotlin.com.intellij.psi.PsiParameter                              : loaded 2 times (x 70B)
Class org.jetbrains.kotlin.com.intellij.util.containers.ContainerUtil$9$1             : loaded 2 times (x 82B)
Class kotlin.collections.AbstractSet$Companion                                        : loaded 2 times (x 71B)
Class org.jetbrains.kotlin.it.unimi.dsi.fastutil.doubles.Double2ObjectMap             : loaded 2 times (x 70B)
Class org.jetbrains.kotlin.com.intellij.openapi.fileEditor.FileDocumentManager        : loaded 2 times (x 82B)
Class org.jetbrains.kotlin.com.intellij.openapi.vfs.impl.ArchiveHandler               : loaded 2 times (x 79B)
Class org.jetbrains.kotlin.com.intellij.openapi.util.text.CharSequenceWithStringHash  : loaded 2 times (x 70B)
Class org.jetbrains.kotlin.com.intellij.util.containers.MultiMap                      : loaded 2 times (x 75B)
Class org.jetbrains.kotlin.it.unimi.dsi.fastutil.objects.Object2ObjectMap$FastEntrySet: loaded 2 times (x 70B)
Class [Lorg.jetbrains.kotlin.utils.DescriptionAware;                                  : loaded 2 times (x 69B)
Class org.jetbrains.kotlin.it.unimi.dsi.fastutil.ints.Int2ObjectMap                   : loaded 2 times (x 70B)
Class kotlin.ranges.RangesKt                                                          : loaded 2 times (x 71B)
Class org.jetbrains.kotlin.config.Services$Builder                                    : loaded 2 times (x 72B)
Class org.objectweb.asm.Attribute                                                     : loaded 2 times (x 77B)
Class com.google.common.base.Supplier                                                 : loaded 2 times (x 70B)
Class org.gradle.internal.classloader.VisitableURLClassLoader                         : loaded 2 times (x 117B)
Class org.jetbrains.kotlin.codegen.inline.MethodInliner$LocalReturnsNormalizer$LocalReturn: loaded 2 times (x 72B)
Class org.jetbrains.kotlin.backend.jvm.codegen.IrCallGenerator                        : loaded 2 times (x 70B)
Class org.jetbrains.kotlin.types.error.ErrorUtils                                     : loaded 2 times (x 71B)
Class org.jetbrains.kotlin.backend.common.lower.LocalDeclarationsLowering$PotentiallyUnusedField: loaded 2 times (x 72B)
Class org.jetbrains.kotlin.codegen.inline.FileMapping                                 : loaded 2 times (x 72B)
Class org.jetbrains.kotlin.backend.common.lower.loops.HeaderProcessor                 : loaded 2 times (x 72B)
Class org.jetbrains.kotlin.backend.jvm.intrinsics.IrDataClassArrayMemberHashCode      : loaded 2 times (x 73B)
Class org.jetbrains.kotlin.backend.jvm.intrinsics.IrIllegalArgumentException          : loaded 2 times (x 73B)
Class kotlin.jvm.internal.MutablePropertyReference2Impl                               : loaded 2 times (x 137B)
Class org.jetbrains.kotlin.codegen.context.AnonymousClassContext                      : loaded 2 times (x 112B)
Class org.jetbrains.kotlin.codegen.JvmBackendClassResolverForModuleWithDependencies   : loaded 2 times (x 75B)
Class org.jetbrains.kotlin.resolve.jvm.diagnostics.JvmDeclarationOriginKind           : loaded 2 times (x 79B)
Class org.jetbrains.kotlin.ir.util.NullDescriptorsRemapper                            : loaded 2 times (x 87B)
Class org.jetbrains.kotlin.utils.MemoryOptimizedCollectionUtilKt                      : loaded 2 times (x 71B)
Class org.jetbrains.kotlin.ir.builders.declarations.IrFieldBuilder                    : loaded 2 times (x 73B)
Class org.jetbrains.kotlin.ir.types.impl.IrSimpleTypeBuilder                          : loaded 2 times (x 72B)
Class org.jetbrains.kotlin.serialization.deserialization.descriptors.DeserializedPackageMemberScope: loaded 2 times (x 110B)
Class org.jetbrains.kotlin.types.checker.NewKotlinTypeChecker                         : loaded 2 times (x 70B)
Class org.jetbrains.kotlin.diagnostics.PositioningStrategies$DELEGATED_SUPERTYPE_BY_KEYWORD$1: loaded 2 times (x 74B)
Class org.jetbrains.kotlin.diagnostics.PositioningStrategies$FOR_REDECLARATION$1      : loaded 2 times (x 74B)
Class org.jetbrains.kotlin.diagnostics.PositioningStrategy                            : loaded 2 times (x 74B)
Class org.jetbrains.kotlin.types.TypeApproximatorConfiguration$AllFlexibleSameValue   : loaded 2 times (x 87B)
Class [Lkotlin.DeprecationLevel;                                                      : loaded 2 times (x 69B)
Class org.jetbrains.kotlin.load.java.typeEnhancement.TypeEnhancementUtilsKt           : loaded 2 times (x 71B)
Class org.jetbrains.kotlin.load.java.structure.impl.VirtualFileBoundJavaClass         : loaded 2 times (x 70B)
Class org.jetbrains.kotlin.utils.SmartList                                            : loaded 2 times (x 201B)
Class org.jetbrains.kotlin.com.intellij.psi.NonClasspathClassFinder                   : loaded 2 times (x 90B)
Class org.jetbrains.kotlin.com.intellij.lang.impl.PsiBuilderImpl$RelativeTokenTypesView: loaded 2 times (x 199B)
Class org.jetbrains.kotlin.parsing.KotlinParsing$ModifierDetector                     : loaded 2 times (x 78B)
Class org.jetbrains.kotlin.it.unimi.dsi.fastutil.BidirectionalIterator                : loaded 2 times (x 70B)
Class kotlin.sequences.GeneratorSequence                                              : loaded 2 times (x 75B)
Class org.jetbrains.kotlin.psi.stubs.KotlinContextReceiverStub                        : loaded 2 times (x 70B)
Class org.jetbrains.kotlin.psi.stubs.elements.KtStringTemplateExpressionElementType   : loaded 2 times (x 103B)
Class org.jetbrains.kotlin.resolve.checkers.ContextualDeclarationChecker              : loaded 2 times (x 74B)
Class org.jetbrains.kotlin.container.ValueResolver                                    : loaded 2 times (x 70B)
Class kotlin.sequences.FlatteningSequence$iterator$1                                  : loaded 2 times (x 79B)
Class org.jetbrains.kotlin.com.intellij.psi.impl.file.PsiPackageImpl                  : loaded 2 times (x 773B)
Class org.jetbrains.kotlin.types.DefaultTypeAttributeTranslator                       : loaded 2 times (x 75B)
Class org.jetbrains.kotlin.com.intellij.openapi.util.Conditions                       : loaded 2 times (x 71B)
Class org.jetbrains.kotlin.com.intellij.lang.LanguageUtil                             : loaded 2 times (x 71B)
Class org.jetbrains.kotlin.com.intellij.util.pico.CyclicDependencyException           : loaded 2 times (x 82B)
Class org.jetbrains.kotlin.com.intellij.openapi.progress.Progressive                  : loaded 2 times (x 70B)
Class org.jetbrains.kotlin.com.intellij.psi.stubs.ObjectStubTree                      : loaded 2 times (x 79B)
Class org.jetbrains.kotlin.com.intellij.openapi.vfs.VirtualFile                       : loaded 2 times (x 154B)
Class org.jetbrains.kotlin.com.intellij.concurrency.JobLauncher                       : loaded 2 times (x 71B)
Class org.jetbrains.kotlin.com.intellij.openapi.util.registry.Registry                : loaded 2 times (x 72B)
Class org.jetbrains.kotlin.backend.jvm.JvmLoweringPhasesKt$jvmFilePhases$70           : loaded 2 times (x 125B)
Class org.jetbrains.kotlin.backend.jvm.lower.JvmBuiltInsLowering                      : loaded 2 times (x 80B)
Class org.jetbrains.kotlin.backend.jvm.CodegenRegular                                 : loaded 2 times (x 81B)
Class org.jetbrains.kotlin.storage.LockBasedStorageManager$ExceptionHandlingStrategy  : loaded 2 times (x 70B)
Class org.jetbrains.kotlin.com.google.common.collect.SetMultimap                      : loaded 2 times (x 70B)
Class org.jetbrains.kotlin.it.unimi.dsi.fastutil.ints.IntSet                          : loaded 2 times (x 70B)
Class kotlin.reflect.jvm.internal.KClassImpl                                          : loaded 2 times (x 115B)
Class kotlin.jvm.functions.Function0                                                  : loaded 2 times (x 70B)
Class kotlin.collections.ArraysUtilJVM                                                : loaded 2 times (x 71B)
Class com.google.common.util.concurrent.AbstractFuture$Waiter                         : loaded 2 times (x 72B)
Class Settings_gradle                                                                 : loaded 2 times (x 128B)
Class org.gradle.internal.Cast                                                        : loaded 2 times (x 71B)
Class org.gradle.api.Action                                                           : loaded 2 times (x 70B)
Class org.jetbrains.kotlin.backend.common.lower.ClosureAnnotator                      : loaded 2 times (x 72B)
Class org.jetbrains.kotlin.descriptors.TypeParameterUtilsKt                           : loaded 2 times (x 71B)
Class org.jetbrains.kotlin.codegen.inline.MethodBodyVisitor                           : loaded 2 times (x 104B)
Class org.jetbrains.kotlin.codegen.inline.SkipMaxAndEndVisitor                        : loaded 2 times (x 187B)
Class org.jetbrains.kotlin.com.google.common.collect.Sets$1                           : loaded 2 times (x 139B)
Class org.jetbrains.kotlin.codegen.StackValue$ThisOuter                               : loaded 2 times (x 87B)
Class org.jetbrains.org.objectweb.asm.util.CheckSignatureAdapter$State                : loaded 2 times (x 79B)
Class org.jetbrains.kotlin.descriptors.ReceiverParameterDescriptor                    : loaded 2 times (x 70B)
Class org.jetbrains.kotlin.descriptors.impl.AbstractClassDescriptor                   : loaded 2 times (x 268B)
Class org.jetbrains.kotlin.types.error.ErrorTypeKind                                  : loaded 2 times (x 80B)
Class org.jetbrains.kotlin.load.kotlin.MethodSignatureMappingKt                       : loaded 2 times (x 71B)
Class org.jetbrains.org.objectweb.asm.tree.TypeInsnNode                               : loaded 2 times (x 78B)
Class org.jetbrains.kotlin.backend.common.lower.TailrecLowering$lower$1               : loaded 2 times (x 331B)
Class org.jetbrains.kotlin.backend.jvm.intrinsics.OrOr                                : loaded 2 times (x 73B)
Class org.jetbrains.kotlin.backend.common.Mapping$DeclarationMapping                  : loaded 2 times (x 73B)
Class org.jetbrains.kotlin.codegen.SamWrapperClasses                                  : loaded 2 times (x 72B)
Class org.jetbrains.kotlin.config.JvmClosureGenerationScheme$Companion                : loaded 2 times (x 71B)
Class org.jetbrains.kotlin.backend.common.UtilsKt                                     : loaded 2 times (x 71B)
Class org.jetbrains.kotlin.ir.interpreter.exceptions.InterpreterAssertionError        : loaded 2 times (x 82B)
Class [Lorg.jetbrains.kotlin.ir.symbols.IrSymbol;                                     : loaded 2 times (x 69B)
Class org.jetbrains.kotlin.ir.util.TypeRemapper                                       : loaded 2 times (x 70B)
Class org.jetbrains.kotlin.ir.expressions.impl.IrCallImpl$Companion                   : loaded 2 times (x 71B)
Class org.jetbrains.kotlin.ir.expressions.IrDelegatingConstructorCall                 : loaded 2 times (x 114B)
Class org.jetbrains.kotlin.ir.declarations.MetadataSource$Property                    : loaded 2 times (x 70B)
Class org.jetbrains.kotlin.resolve.OverridingUtil                                     : loaded 2 times (x 76B)
Class org.jetbrains.kotlin.descriptors.impl.ModuleDescriptorImpl                      : loaded 2 times (x 117B)
Class org.jetbrains.kotlin.diagnostics.PositioningStrategies$IF_EXPRESSION$1          : loaded 2 times (x 74B)
Class org.jetbrains.kotlin.diagnostics.PositioningStrategies$WHEN_GUARD$1             : loaded 2 times (x 74B)
Class org.jetbrains.kotlin.load.java.BuiltinSpecialProperties                         : loaded 2 times (x 71B)
Class [Lorg.jetbrains.kotlin.metadata.ProtoBuf$VersionRequirement$VersionKind;        : loaded 2 times (x 69B)
Class org.jetbrains.kotlin.load.java.typeEnhancement.JavaTypeQualifiers$Companion     : loaded 2 times (x 71B)
Class org.jetbrains.kotlin.parsing.ParseUtilsKt                                       : loaded 2 times (x 71B)
Class org.jetbrains.kotlin.com.intellij.lang.impl.MarkerProduction                    : loaded 2 times (x 358B)
Class org.jetbrains.kotlin.it.unimi.dsi.fastutil.objects.ObjectArrayList              : loaded 2 times (x 293B)
Class kotlin.properties.ReadWriteProperty                                             : loaded 2 times (x 70B)
Class org.jetbrains.kotlin.mpp.ConstructorSymbolMarker                                : loaded 2 times (x 70B)
Class org.jetbrains.kotlin.resolve.checkers.ClassifierUsageChecker                    : loaded 2 times (x 70B)
Class org.jetbrains.kotlin.resolve.calls.checkers.NullableVarargArgumentCallChecker   : loaded 2 times (x 74B)
Class org.jetbrains.kotlin.resolve.calls.checkers.ImplicitNothingAsTypeParameterCallChecker: loaded 2 times (x 74B)
Class org.jetbrains.kotlin.psi.KtOperationReferenceExpression                         : loaded 2 times (x 569B)
Class org.jetbrains.kotlin.psi.KtConstantExpression                                   : loaded 2 times (x 504B)
Class org.jetbrains.kotlin.psi.KtValueArgumentList                                    : loaded 2 times (x 452B)
Class org.jetbrains.kotlin.psi.stubs.KotlinAnnotationEntryStub                        : loaded 2 times (x 70B)
Class org.jetbrains.kotlin.com.intellij.psi.TokenType                                 : loaded 2 times (x 70B)
Class org.jetbrains.kotlin.resolve.checkers.ReifiedTypeParameterAnnotationChecker     : loaded 2 times (x 74B)
Class org.jetbrains.kotlin.container.ContainerConsistencyException                    : loaded 2 times (x 82B)
Class org.jetbrains.kotlin.container.ValueResolveContext                              : loaded 2 times (x 70B)
Class org.jetbrains.kotlin.mpp.SimpleFunctionSymbolMarker                             : loaded 2 times (x 70B)
Class org.jetbrains.kotlin.metadata.jvm.JvmModuleProtoBuf$PackageParts$1              : loaded 2 times (x 144B)
Class org.jetbrains.kotlin.protobuf.CodedOutputStream                                 : loaded 2 times (x 72B)
Class org.jetbrains.kotlin.metadata.ProtoBuf$Annotation                               : loaded 2 times (x 109B)
Class org.jetbrains.kotlin.cli.common.extensions.ReplFactoryExtension$Companion       : loaded 2 times (x 72B)
Class org.jetbrains.kotlin.codegen.extensions.ExpressionCodegenExtension              : loaded 2 times (x 70B)
Class org.jetbrains.kotlin.com.intellij.psi.PsiImportStatementBase                    : loaded 2 times (x 70B)
Class org.jetbrains.kotlin.com.intellij.psi.PsiReference                              : loaded 2 times (x 70B)
Class org.jetbrains.kotlin.com.fasterxml.aalto.in.FixedNsContext                      : loaded 2 times (x 77B)
Class kotlinx.coroutines.CompletedExceptionally                                       : loaded 2 times (x 72B)
Class kotlin.coroutines.AbstractCoroutineContextKey                                   : loaded 2 times (x 72B)
Class org.jetbrains.kotlin.com.intellij.psi.augment.PsiAugmentProvider                : loaded 2 times (x 79B)
Class org.jetbrains.kotlin.kotlinx.collections.immutable.PersistentSet                : loaded 2 times (x 70B)
Class org.jetbrains.kotlin.com.intellij.util.Java11Shim$Companion                     : loaded 2 times (x 71B)
Class org.jetbrains.kotlin.com.intellij.psi.impl.source.tree.LeafPsiElement           : loaded 2 times (x 321B)
Class org.jetbrains.kotlin.com.intellij.lang.DefaultASTFactoryImpl                    : loaded 2 times (x 78B)
Class org.jetbrains.kotlin.com.intellij.openapi.extensions.impl.ExtensionComponentAdapter: loaded 2 times (x 80B)
Class org.jetbrains.kotlin.config.JvmSerializeIrMode                                  : loaded 2 times (x 79B)
Class org.jetbrains.kotlin.compiler.plugin.CompilerPluginRegistrar                    : loaded 2 times (x 73B)
Class org.jetbrains.kotlin.backend.common.lower.ExpectDeclarationRemover              : loaded 2 times (x 600B)
Class org.jetbrains.kotlin.backend.jvm.JvmLoweringPhasesKt$jvmFilePhases$71           : loaded 2 times (x 125B)
Class kotlin.collections.AbstractMutableList                                          : loaded 2 times (x 206B)
Class org.jetbrains.kotlin.storage.DefaultSimpleLock                                  : loaded 2 times (x 78B)
Class org.jetbrains.kotlin.cli.common.messages.GradleStyleMessageRenderer             : loaded 2 times (x 78B)
Class kotlin.jvm.functions.Function1                                                  : loaded 2 times (x 70B)
Class com.google.common.collect.Sets                                                  : loaded 2 times (x 71B)
Class org.objectweb.asm.Handler                                                       : loaded 2 times (x 72B)
Class com.google.common.base.Ticker                                                   : loaded 2 times (x 72B)
Class com.google.common.base.Strings                                                  : loaded 2 times (x 71B)
Class com.google.common.base.CharMatcher$FastMatcher                                  : loaded 2 times (x 111B)
Class org.jetbrains.org.objectweb.asm.commons.AnnotationRemapper                      : loaded 2 times (x 78B)
Class [Lorg.jetbrains.kotlin.descriptors.DeclarationDescriptorWithSource;             : loaded 2 times (x 69B)
Class org.jetbrains.kotlin.codegen.optimization.temporaryVals.TemporaryValsAnalyzer$analyze$$inlined$sortedBy$1: loaded 2 times (x 90B)
Class org.jetbrains.kotlin.com.google.common.collect.Sets$2                           : loaded 2 times (x 139B)
Class org.jetbrains.kotlin.backend.jvm.codegen.ClassCodegenKt                         : loaded 2 times (x 71B)
Class org.jetbrains.kotlin.load.kotlin.DescriptorBasedTypeSignatureMappingKt          : loaded 2 times (x 71B)
Class org.jetbrains.kotlin.backend.jvm.ir.IrInlineScopeResolver                       : loaded 2 times (x 330B)
Class org.jetbrains.kotlin.codegen.OwnerKind                                          : loaded 2 times (x 79B)
Class org.jetbrains.kotlin.codegen.AccessorForConstructorDescriptor                   : loaded 2 times (x 450B)
Class org.jetbrains.kotlin.codegen.intrinsics.KCallableNameProperty                   : loaded 2 times (x 79B)
Class org.jetbrains.kotlin.util.slicedMap.MutableSlicedMap                            : loaded 2 times (x 70B)
Class org.jetbrains.kotlin.codegen.CodegenFactory                                     : loaded 2 times (x 70B)
Class org.jetbrains.kotlin.backend.common.ir.IrInlineUtilsKt                          : loaded 2 times (x 71B)
Class org.jetbrains.kotlin.ir.visitors.IrElementTransformer$DefaultImpls              : loaded 2 times (x 71B)
Class org.jetbrains.kotlin.ir.expressions.IrInstanceInitializerCall                   : loaded 2 times (x 105B)
Class org.jetbrains.kotlin.load.java.ErasedOverridabilityCondition                    : loaded 2 times (x 75B)
Class org.jetbrains.kotlin.descriptors.NotFoundClasses$ClassRequest                   : loaded 2 times (x 72B)
Class org.jetbrains.kotlin.serialization.deserialization.builtins.BuiltInsLoaderImpl  : loaded 2 times (x 75B)
Class org.jetbrains.kotlin.ir.declarations.IrReturnTarget                             : loaded 2 times (x 70B)
Class [Lorg.jetbrains.kotlin.metadata.jvm.JvmProtoBuf$StringTableTypes$Record$Operation;: loaded 2 times (x 69B)
Class [Lorg.jetbrains.kotlin.load.kotlin.header.KotlinClassHeader$Kind;               : loaded 2 times (x 69B)
Class org.jetbrains.kotlin.metadata.builtins.BuiltInsBinaryVersion$Companion          : loaded 2 times (x 71B)
Class org.jetbrains.kotlin.psi.KtArrayAccessExpression                                : loaded 2 times (x 505B)
Class org.jetbrains.kotlin.psi.KtFunctionTypeReceiver                                 : loaded 2 times (x 444B)
Class [Lorg.jetbrains.kotlin.psi.KtNullableType;                                      : loaded 2 times (x 69B)
Class org.jetbrains.kotlin.types.model.TypeSystemTypeFactoryContext                   : loaded 2 times (x 70B)
Class org.jetbrains.kotlin.util.AbstractArrayMapOwner                                 : loaded 2 times (x 81B)
Class org.jetbrains.kotlin.resolve.calls.checkers.CallChecker                         : loaded 2 times (x 70B)
Class org.jetbrains.kotlin.js.translate.extensions.JsSyntheticTranslateExtension$Companion: loaded 2 times (x 72B)
Class [Lorg.jetbrains.kotlin.com.intellij.openapi.editor.event.DocumentListener;      : loaded 2 times (x 69B)
Class org.jetbrains.kotlin.com.intellij.ide.plugins.RawPluginDescriptor               : loaded 2 times (x 72B)
Class org.jetbrains.kotlin.org.codehaus.stax2.XMLStreamReader2                        : loaded 2 times (x 70B)
Class org.jetbrains.kotlin.com.intellij.psi.PsiReferenceService                       : loaded 2 times (x 73B)
Class org.jetbrains.kotlin.backend.jvm.JvmLoweringPhasesKt$jvmFilePhases$72           : loaded 2 times (x 125B)
Class org.jetbrains.kotlin.backend.jvm.lower.InterfaceSuperCallsLowering              : loaded 2 times (x 509B)
Class org.jetbrains.kotlin.backend.jvm.JvmLoweringPhasesKt                            : loaded 2 times (x 71B)
Class kotlin.KotlinNothingValueException                                              : loaded 2 times (x 82B)
Class org.jetbrains.kotlin.com.intellij.openapi.util.ObjectNode$NodeChildren          : loaded 2 times (x 70B)
Class org.jetbrains.kotlin.com.google.common.collect.AbstractMultimap$EntrySet        : loaded 2 times (x 138B)
Class org.jetbrains.kotlin.config.JvmTarget                                           : loaded 2 times (x 83B)
Class org.jetbrains.kotlin.utils.DFS                                                  : loaded 2 times (x 71B)
Class kotlin.jvm.functions.Function2                                                  : loaded 2 times (x 70B)
Class kotlin.jvm.internal.markers.KMutableIterator                                    : loaded 2 times (x 70B)
Class [Lcom.google.common.cache.LocalCache$Segment;                                   : loaded 2 times (x 69B)
Class [Lcom.google.common.cache.LocalCache$Strength;                                  : loaded 2 times (x 69B)
Class com.google.common.cache.CacheBuilder$1                                          : loaded 2 times (x 85B)
Class com.google.common.collect.ImmutableMap                                          : loaded 2 times (x 120B)
Class com.google.common.base.Predicate                                                : loaded 2 times (x 70B)
Class org.gradle.internal.classpath.DefaultClassPath$ImmutableUniqueList$Builder      : loaded 2 times (x 75B)
Class org.jetbrains.kotlin.com.google.common.collect.Sets$3                           : loaded 2 times (x 139B)
Class org.jetbrains.kotlin.codegen.state.StaticTypeMapperForOldBackend                : loaded 2 times (x 74B)
Class org.jetbrains.kotlin.resolve.jvm.diagnostics.MemberKind                         : loaded 2 times (x 79B)
Class org.jetbrains.kotlin.ir.linkage.SignatureClashDetector                          : loaded 2 times (x 74B)
Class org.jetbrains.kotlin.codegen.CodegenFactory$CodegenInput                        : loaded 2 times (x 70B)
Class org.jetbrains.kotlin.types.error.ErrorScopeKind                                 : loaded 2 times (x 79B)
Class org.jetbrains.org.objectweb.asm.tree.InsnList$InsnListIterator                  : loaded 2 times (x 90B)
Class org.jetbrains.kotlin.backend.common.lower.LocalDeclarationsLowering$LocalContext: loaded 2 times (x 73B)
Class org.jetbrains.kotlin.backend.common.ir.SharedVariablesManager                   : loaded 2 times (x 70B)
Class org.jetbrains.kotlin.backend.jvm.JvmSymbols$JavaAnnotations                     : loaded 2 times (x 72B)
Class org.jetbrains.kotlin.codegen.intrinsics.MonitorInstruction$Companion            : loaded 2 times (x 71B)
Class org.jetbrains.kotlin.codegen.intrinsics.RangeTo                                 : loaded 2 times (x 78B)
Class org.jetbrains.kotlin.codegen.intrinsics.MonitorInstruction                      : loaded 2 times (x 78B)
Class org.jetbrains.kotlin.load.kotlin.TypeMappingConfiguration                       : loaded 2 times (x 70B)
Class org.jetbrains.kotlin.ir.interpreter.state.State                                 : loaded 2 times (x 70B)
Class org.jetbrains.kotlin.ir.declarations.lazy.IrLazySymbolTable$ExtensionWrapper    : loaded 2 times (x 138B)
Class org.jetbrains.kotlin.ir.expressions.impl.BuildersKt                             : loaded 2 times (x 71B)
Class org.jetbrains.kotlin.ir.declarations.lazy.LazyUtilKt                            : loaded 2 times (x 71B)
Class [Lorg.jetbrains.kotlin.descriptors.DeclarationDescriptor;                       : loaded 2 times (x 69B)
Class org.jetbrains.kotlin.load.java.structure.JavaTypesKt                            : loaded 2 times (x 71B)
Class org.jetbrains.kotlin.serialization.deserialization.ProtoEnumFlags               : loaded 2 times (x 71B)
Class org.jetbrains.kotlin.com.google.common.collect.ImmutableSet                     : loaded 2 times (x 145B)
Class org.jetbrains.kotlin.parsing.KotlinParsing                                      : loaded 2 times (x 124B)
Class org.jetbrains.kotlin.resolve.jvm.JvmPrimitiveType                               : loaded 2 times (x 79B)
Class org.jetbrains.kotlin.psi.KtTypeParameterListOwnerNotStubbed                     : loaded 2 times (x 926B)
Class org.jetbrains.kotlin.psi.KtTypeElement                                          : loaded 2 times (x 70B)
Class [Lorg.jetbrains.kotlin.lexer.KtSingleValueToken;                                : loaded 2 times (x 69B)
Class org.jetbrains.kotlin.psi.KtDeclarationWithBody                                  : loaded 2 times (x 70B)
Class org.jetbrains.kotlin.psi.KtCallableDeclaration                                  : loaded 2 times (x 70B)
Class org.jetbrains.kotlin.metadata.ProtoBuf$QualifiedNameTable$QualifiedName$Kind$1  : loaded 2 times (x 74B)
Class kotlin.io.FileTreeWalk$WalkState                                                : loaded 2 times (x 73B)
Class org.jetbrains.kotlin.protobuf.Internal$EnumLite                                 : loaded 2 times (x 70B)
Class org.jetbrains.kotlin.extensions.internal.TypeResolutionInterceptorExtension     : loaded 2 times (x 70B)
Class org.jetbrains.kotlin.com.intellij.core.JavaPsiBundle                            : loaded 2 times (x 71B)
Class [Lorg.jetbrains.kotlin.com.intellij.psi.PsiAnnotation;                          : loaded 2 times (x 69B)
Class org.jetbrains.kotlin.com.intellij.psi.PsiQualifiedReference                     : loaded 2 times (x 70B)
Class org.jetbrains.kotlin.com.fasterxml.aalto.util.NameTable                         : loaded 2 times (x 71B)
Class kotlinx.coroutines.CoroutineStart                                               : loaded 2 times (x 79B)
Class kotlinx.coroutines.scheduling.UnlimitedIoScheduler                              : loaded 2 times (x 99B)
Class org.jetbrains.kotlin.com.intellij.psi.util.MethodSignature                      : loaded 2 times (x 70B)
Class org.jetbrains.kotlin.com.intellij.lang.jvm.JvmParameter                         : loaded 2 times (x 70B)
Class org.jetbrains.kotlin.com.intellij.openapi.util.ModificationTracker$1            : loaded 2 times (x 75B)
Class org.jetbrains.kotlin.com.intellij.psi.stubs.StubElement                         : loaded 2 times (x 70B)
Class org.jetbrains.kotlin.com.intellij.openapi.command.CommandToken                  : loaded 2 times (x 70B)
Class org.jetbrains.kotlin.com.intellij.openapi.extensions.DefaultPluginDescriptor    : loaded 2 times (x 85B)
Class org.jetbrains.kotlin.com.intellij.util.ArrayUtil                                : loaded 2 times (x 71B)
Class org.jetbrains.kotlin.backend.jvm.lower.FileClassLowering                        : loaded 2 times (x 80B)
Class org.jetbrains.kotlin.backend.jvm.JvmLoweringPhasesKt$jvmFilePhases$73           : loaded 2 times (x 125B)
Class org.jetbrains.kotlin.com.intellij.util.containers.RefHashMap$HardKey            : loaded 2 times (x 77B)
Class kotlin.jvm.functions.Function3                                                  : loaded 2 times (x 70B)
Class kotlin.reflect.jvm.internal.KDeclarationContainerImpl$Data                      : loaded 2 times (x 72B)
Class org.jetbrains.kotlin.com.google.common.collect.SortedMapDifference              : loaded 2 times (x 70B)
Class kotlin.collections.MapsKt___MapsJvmKt                                           : loaded 2 times (x 71B)
Class org.jetbrains.kotlin.utils.exceptions.KotlinExceptionWithAttachments            : loaded 2 times (x 70B)
Class com.google.common.collect.AbstractRangeSet                                      : loaded 2 times (x 114B)
Class com.google.common.cache.LocalCache                                              : loaded 2 times (x 187B)
Class com.google.common.cache.CacheBuilder$2                                          : loaded 2 times (x 72B)
Class com.google.common.base.CharMatcher$NegatedFastMatcher                           : loaded 2 times (x 113B)
Class org.jetbrains.kotlin.codegen.ClassFileFactory$OutputClassFile                   : loaded 2 times (x 82B)
Class org.jetbrains.kotlin.descriptors.ScopesHolderForClass                           : loaded 2 times (x 72B)
Class org.jetbrains.kotlin.codegen.optimization.boxing.BoxingInterpreter              : loaded 2 times (x 103B)
Class org.jetbrains.kotlin.codegen.inline.LocalVarRemapper                            : loaded 2 times (x 72B)
Class org.jetbrains.kotlin.backend.jvm.codegen.IrInlineCodegen$WhenMappings           : loaded 2 times (x 71B)
Class org.jetbrains.kotlin.codegen.optimization.temporaryVals.FastStoreLoadAnalyzer   : loaded 2 times (x 74B)
Class org.jetbrains.kotlin.com.google.common.collect.Sets$4                           : loaded 2 times (x 139B)
Class org.jetbrains.kotlin.metadata.jvm.JvmProtoBuf$StringTableTypes$Record$Builder   : loaded 2 times (x 146B)
Class org.jetbrains.kotlin.metadata.serialization.MutableVersionRequirementTable      : loaded 2 times (x 74B)
Class org.jetbrains.kotlin.codegen.pseudoInsns.PseudoInsnsKt                          : loaded 2 times (x 71B)
Class [Lorg.jetbrains.kotlin.codegen.signature.BothSignatureWriter$Mode;              : loaded 2 times (x 69B)
Class org.jetbrains.org.objectweb.asm.tree.IincInsnNode                               : loaded 2 times (x 78B)
Class org.jetbrains.org.objectweb.asm.tree.MultiANewArrayInsnNode                     : loaded 2 times (x 79B)
Class org.jetbrains.kotlin.load.kotlin.TypeMappingMode$Companion                      : loaded 2 times (x 71B)
Class org.jetbrains.kotlin.backend.jvm.intrinsics.ArraySet                            : loaded 2 times (x 73B)
Class org.jetbrains.kotlin.backend.common.lower.LoweredStatementOrigins               : loaded 2 times (x 71B)
Class org.jetbrains.kotlin.backend.common.lower.SpecialBridgeMethods$SpecialMethodDescription: loaded 2 times (x 72B)
Class org.jetbrains.kotlin.codegen.DelegatingClassBuilderFactory                      : loaded 2 times (x 85B)
Class org.jetbrains.kotlin.psi2ir.generators.GeneratorExtensions                      : loaded 2 times (x 94B)
Class org.jetbrains.kotlin.ir.IrAttribute$Flag                                        : loaded 2 times (x 72B)
Class org.jetbrains.kotlin.resolve.sam.SamConversionResolverImpl                      : loaded 2 times (x 75B)
Class org.jetbrains.kotlin.renderer.DescriptorRendererOptionsImpl$property$$inlined$vetoable$1: loaded 2 times (x 83B)
Class org.jetbrains.kotlin.ir.declarations.StageController                            : loaded 2 times (x 76B)
Class org.jetbrains.kotlin.diagnostics.PositioningStrategies$RECEIVER$1               : loaded 2 times (x 74B)
Class org.jetbrains.kotlin.resolve.calls.inference.model.ArgumentConstraintPosition   : loaded 2 times (x 72B)
Class org.jetbrains.kotlin.resolve.calls.model.PostponedAtomWithRevisableExpectedType : loaded 2 times (x 70B)
Class org.jetbrains.kotlin.metadata.jvm.deserialization.JvmNameResolverBase           : loaded 2 times (x 80B)
Class org.jetbrains.kotlin.builtins.jvm.JavaToKotlinClassMap$PlatformMutabilityMapping: loaded 2 times (x 72B)
Class org.jetbrains.kotlin.load.java.structure.JavaAnnotation                         : loaded 2 times (x 70B)
Class org.jetbrains.kotlin.types.expressions.OperatorConventions                      : loaded 2 times (x 71B)
Class org.jetbrains.kotlin.parsing.KotlinParsing$PropertyComponentKind$Collector      : loaded 2 times (x 74B)
Class org.jetbrains.kotlin.com.intellij.lang.impl.PsiBuilderImpl$Token                : loaded 2 times (x 91B)
Class org.jetbrains.kotlin.diagnostics.DiagnosticSink                                 : loaded 2 times (x 70B)
Class org.jetbrains.kotlin.resolve.calls.checkers.DslScopeViolationCallChecker        : loaded 2 times (x 74B)
Class org.jetbrains.kotlin.psi.KtLabeledExpression                                    : loaded 2 times (x 554B)
Class org.jetbrains.kotlin.psi.KtImportInfo                                           : loaded 2 times (x 70B)
Class [Lorg.jetbrains.kotlin.psi.KtObjectDeclaration;                                 : loaded 2 times (x 69B)
Class org.jetbrains.kotlin.com.intellij.psi.stubs.IStubElementType                    : loaded 2 times (x 96B)
Class org.jetbrains.kotlin.resolve.checkers.KClassWithIncorrectTypeArgumentChecker    : loaded 2 times (x 74B)
Class org.jetbrains.kotlin.resolve.calls.inference.components.VariableFixationFinder  : loaded 2 times (x 72B)
Class org.jetbrains.kotlin.protobuf.RopeByteString                                    : loaded 2 times (x 110B)
Class [Lorg.jetbrains.kotlin.com.intellij.diagnostic.ActivityCategory;                : loaded 2 times (x 69B)
Class org.jetbrains.kotlin.cli.jvm.compiler.MockExternalAnnotationsManager            : loaded 2 times (x 87B)
Class kotlinx.coroutines.CoroutineId                                                  : loaded 2 times (x 93B)
Class kotlinx.coroutines.EventLoopImplBase                                            : loaded 2 times (x 117B)
Class org.jetbrains.kotlin.com.intellij.psi.codeStyle.JavaFileCodeStyleFacadeFactory  : loaded 2 times (x 70B)
Class org.jetbrains.kotlin.com.intellij.lang.jvm.JvmAnnotatedElement                  : loaded 2 times (x 70B)
Class org.jetbrains.kotlin.com.intellij.psi.impl.source.javadoc.PsiDocTokenImpl       : loaded 2 times (x 378B)
Class org.jetbrains.kotlin.com.intellij.psi.impl.source.CodeFragmentElement           : loaded 2 times (x 264B)
Class org.jetbrains.kotlin.com.intellij.lang.FileASTNode                              : loaded 2 times (x 70B)
Class org.jetbrains.kotlin.com.intellij.openapi.vfs.encoding.EncodingRegistry         : loaded 2 times (x 74B)
Class org.jetbrains.kotlin.com.intellij.serviceContainer.BaseKeyedLazyInstance        : loaded 2 times (x 78B)
Class org.jetbrains.kotlin.backend.jvm.lower.ScriptsToClassesLowering                 : loaded 2 times (x 75B)
Class org.jetbrains.kotlin.backend.jvm.JvmLoweringPhasesKt$jvmFilePhases$74           : loaded 2 times (x 125B)
Class kotlin.reflect.jvm.internal.impl.builtins.PrimitiveType$Companion               : loaded 2 times (x 71B)
Class kotlin.jvm.functions.Function4                                                  : loaded 2 times (x 70B)
Class kotlin.reflect.jvm.internal.KClassImpl$Data                                     : loaded 2 times (x 72B)
Class org.jetbrains.kotlin.config.LanguageVersion                                     : loaded 2 times (x 91B)
Class kotlin.annotation.Target                                                        : loaded 2 times (x 70B)
Class kotlin.collections.EmptySet                                                     : loaded 2 times (x 122B)
Class kotlin.collections.CollectionsKt___CollectionsKt                                : loaded 2 times (x 71B)
Class org.jetbrains.kotlin.cli.common.arguments.K2JVMCompilerArguments                : loaded 2 times (x 81B)
Class [Lcom.google.common.collect.AbstractMapEntry;                                   : loaded 2 times (x 69B)
Class com.google.common.collect.ImmutableEntry                                        : loaded 2 times (x 82B)
Class com.google.common.collect.ArrayListMultimap                                     : loaded 2 times (x 172B)
Class com.google.common.base.AbstractIterator$1                                       : loaded 2 times (x 71B)
Class com.google.common.base.CharMatcher$Digit                                        : loaded 2 times (x 112B)
Class org.gradle.api.GradleException                                                  : loaded 2 times (x 82B)
Class org.jetbrains.kotlin.backend.common.lower.ClosureAnnotator$ClosureBuilder       : loaded 2 times (x 72B)
Class org.jetbrains.kotlin.metadata.jvm.JvmModuleProtoBuf$Module$Builder              : loaded 2 times (x 151B)
Class org.jetbrains.kotlin.ir.descriptors.IrBasedTypeParameterDescriptor$_typeConstructor$2$1: loaded 2 times (x 98B)
Class org.jetbrains.kotlin.load.kotlin.TypeMappingModeExtensionsKt                    : loaded 2 times (x 71B)
Class org.jetbrains.kotlin.it.unimi.dsi.fastutil.ints.Int2IntFunction                 : loaded 2 times (x 70B)
Class org.jetbrains.org.objectweb.asm.SymbolTable$Entry                               : loaded 2 times (x 74B)
Class org.jetbrains.kotlin.backend.common.lower.LocalDeclarationsLowering$LocalClassConstructorContext: loaded 2 times (x 76B)
Class org.jetbrains.kotlin.codegen.inline.RangeMapping                                : loaded 2 times (x 72B)
Class org.jetbrains.org.objectweb.asm.tree.LocalVariableAnnotationNode                : loaded 2 times (x 81B)
Class org.jetbrains.kotlin.backend.common.LowerKt                                     : loaded 2 times (x 71B)
Class org.jetbrains.kotlin.backend.common.ir.Ir                                       : loaded 2 times (x 74B)
Class org.jetbrains.kotlin.codegen.state.GenerationStateKt$GenerationStateEventCallback$1: loaded 2 times (x 77B)
Class org.jetbrains.kotlin.types.TypeCheckerState$SupertypesPolicy$UpperIfFlexible    : loaded 2 times (x 72B)
Class [Lorg.jetbrains.kotlin.builtins.UnsignedType;                                   : loaded 2 times (x 69B)
Class org.jetbrains.kotlin.ir.symbols.FqNameEqualityChecker                           : loaded 2 times (x 75B)
Class org.jetbrains.kotlin.diagnostics.PositioningStrategies$OPERATOR$1               : loaded 2 times (x 74B)
Class org.jetbrains.kotlin.load.java.typeEnhancement.JavaTypeQualifiers               : loaded 2 times (x 72B)
Class org.jetbrains.kotlin.load.java.typeEnhancement.AbstractSignatureParts$TypeAndDefaultQualifiers: loaded 2 times (x 72B)
Class org.jetbrains.kotlin.load.java.structure.impl.classFiles.BinaryJavaMethodBase   : loaded 2 times (x 123B)
Class org.jetbrains.kotlin.com.google.common.collect.ImmutableAsList                  : loaded 2 times (x 209B)
Class org.jetbrains.kotlin.com.intellij.util.text.LiteralFormatUtil                   : loaded 2 times (x 71B)
Class org.jetbrains.kotlin.parsing.PrecedingCommentsBinder                            : loaded 2 times (x 74B)
Class org.jetbrains.kotlin.com.intellij.lang.WhitespacesAndCommentsBinder             : loaded 2 times (x 70B)
Class org.jetbrains.kotlin.it.unimi.dsi.fastutil.ints.IntArrayList                    : loaded 2 times (x 358B)
Class org.jetbrains.kotlin.com.intellij.lang.PsiBuilder$Marker                        : loaded 2 times (x 70B)
Class org.jetbrains.kotlin.com.intellij.util.diff.ShallowNodeComparator               : loaded 2 times (x 70B)
Class org.jetbrains.kotlin.com.intellij.util.diff.DiffTreeChangeBuilder               : loaded 2 times (x 70B)
Class org.jetbrains.kotlin.descriptors.Substitutable                                  : loaded 2 times (x 70B)
Class org.jetbrains.kotlin.psi.KtAnnotatedExpression                                  : loaded 2 times (x 564B)
Class org.jetbrains.kotlin.psi.KtParenthesizedExpression                              : loaded 2 times (x 438B)
Class [Lorg.jetbrains.kotlin.psi.KtConstantExpression;                                : loaded 2 times (x 69B)
Class [Lorg.jetbrains.kotlin.psi.KtConstructor;                                       : loaded 2 times (x 69B)
Class [Lorg.jetbrains.kotlin.psi.KtPropertyAccessor;                                  : loaded 2 times (x 69B)
Class [Lorg.jetbrains.kotlin.psi.KtClassOrObject;                                     : loaded 2 times (x 69B)
Class [Lorg.jetbrains.kotlin.com.intellij.extapi.psi.StubBasedPsiElementBase;         : loaded 2 times (x 69B)
Class org.jetbrains.kotlin.psi.stubs.elements.KtTypeAliasElementType                  : loaded 2 times (x 100B)
Class org.jetbrains.kotlin.container.ComponentResolveContext                          : loaded 2 times (x 75B)
Class org.jetbrains.kotlin.types.model.FlexibleTypeMarker                             : loaded 2 times (x 70B)
Class org.jetbrains.kotlin.types.model.TypeArgumentListMarker                         : loaded 2 times (x 70B)
Class org.jetbrains.kotlin.metadata.deserialization.BinaryVersion                     : loaded 2 times (x 74B)
Class gnu.trove.Equality                                                              : loaded 2 times (x 70B)
Class org.jetbrains.kotlin.cli.jvm.modules.CliJavaModuleFinder$systemModules$1        : loaded 2 times (x 80B)
Class org.jetbrains.kotlin.com.intellij.psi.PsiModifierList                           : loaded 2 times (x 70B)
Class org.jetbrains.kotlin.com.intellij.util.containers.ConcurrentWeakKeySoftValueHashMap$HardKey: loaded 2 times (x 81B)
Class org.jetbrains.kotlin.com.intellij.psi.impl.source.BasicJavaDummyElement         : loaded 2 times (x 268B)
Class org.jetbrains.kotlin.com.intellij.psi.search.ProjectAwareFileFilter             : loaded 2 times (x 70B)
Class org.jetbrains.kotlin.com.intellij.psi.impl.PsiDocumentManagerBase               : loaded 2 times (x 133B)
Class org.jetbrains.kotlin.load.kotlin.KotlinBinaryClassCache$Companion               : loaded 2 times (x 71B)
Class org.jetbrains.kotlin.com.intellij.psi.PsiWhiteSpace                             : loaded 2 times (x 70B)
Class org.jetbrains.kotlin.kotlinx.collections.immutable.PersistentCollection         : loaded 2 times (x 70B)
Class kotlin.collections.AbstractMap$Companion                                        : loaded 2 times (x 71B)
Class org.jetbrains.kotlin.com.intellij.openapi.vfs.impl.VirtualFileManagerImpl       : loaded 2 times (x 89B)
Class org.jetbrains.kotlin.com.intellij.util.ArrayUtilRt                              : loaded 2 times (x 71B)
Class org.jetbrains.kotlin.backend.jvm.JvmLoweringPhasesKt$jvmFilePhases$75           : loaded 2 times (x 125B)
Class org.jetbrains.kotlin.backend.jvm.lower.FunctionNVarargBridgeLowering            : loaded 2 times (x 518B)
Class org.jetbrains.kotlin.backend.jvm.lower.UniqueLoopLabelsLowering                 : loaded 2 times (x 79B)
Class org.jetbrains.kotlin.backend.common.phaser.NamedCompilerPhase                   : loaded 2 times (x 85B)
Class kotlin.annotation.Retention                                                     : loaded 2 times (x 70B)
Class kotlin.jvm.functions.Function5                                                  : loaded 2 times (x 70B)
Class org.jetbrains.kotlin.config.AnalysisFlag$Delegate                               : loaded 2 times (x 75B)
Class kotlin.text.StringsKt___StringsJvmKt                                            : loaded 2 times (x 71B)
Class kotlin.reflect.KDeclarationContainer                                            : loaded 2 times (x 70B)
Class com.google.common.base.Suppliers$MemoizingSupplier                              : loaded 2 times (x 79B)
Class com.google.common.collect.CollectPreconditions                                  : loaded 2 times (x 71B)
Class com.google.common.base.CharMatcher$JavaIsoControl                               : loaded 2 times (x 112B)
Class org.jetbrains.kotlin.codegen.binding.CodegenBinding                             : loaded 2 times (x 71B)
Class org.jetbrains.kotlin.types.TypeSubstitution$Companion$EMPTY$1                   : loaded 2 times (x 77B)
Class org.jetbrains.kotlin.metadata.ProtoBuf$Type$Argument$Builder                    : loaded 2 times (x 137B)
Class org.jetbrains.kotlin.codegen.StackValue$None                                    : loaded 2 times (x 87B)
Class org.jetbrains.kotlin.codegen.And                                                : loaded 2 times (x 91B)
Class org.jetbrains.org.objectweb.asm.tree.InvokeDynamicInsnNode                      : loaded 2 times (x 78B)
Class org.jetbrains.kotlin.backend.common.lower.VisibilityPolicy$Companion$DEFAULT$1  : loaded 2 times (x 79B)
Class [Lorg.jetbrains.kotlin.backend.jvm.caches.StubsForCollectionClass;              : loaded 2 times (x 69B)
Class org.jetbrains.kotlin.ir.expressions.impl.IrFunctionReferenceImpl$Companion      : loaded 2 times (x 71B)
Class org.jetbrains.kotlin.codegen.CodegenFactory$BackendInput                        : loaded 2 times (x 70B)
Class org.jetbrains.kotlin.descriptors.impl.PropertyDescriptorImpl                    : loaded 2 times (x 392B)
Class org.jetbrains.kotlin.descriptors.PropertyDescriptor                             : loaded 2 times (x 70B)
Class org.jetbrains.kotlin.util.slicedMap.SlicedMapImpl                               : loaded 2 times (x 88B)
Class org.jetbrains.kotlin.util.slicedMap.RewritePolicy                               : loaded 2 times (x 70B)
Class org.jetbrains.kotlin.ir.descriptors.IrBasedClassDescriptor                      : loaded 2 times (x 274B)
Class org.jetbrains.kotlin.ir.declarations.IrTypeParametersContainer                  : loaded 2 times (x 70B)
Class org.jetbrains.kotlin.resolve.calls.inference.ConstraintSystemBuilderKt          : loaded 2 times (x 71B)
Class org.jetbrains.kotlin.load.java.structure.impl.classFiles.BinaryJavaAnnotationVisitor: loaded 2 times (x 77B)
Class org.jetbrains.kotlin.com.intellij.lang.WhitespacesAndCommentsBinder$TokenTextGetter: loaded 2 times (x 70B)
Class org.jetbrains.kotlin.com.intellij.lang.impl.PsiBuilderImpl$ProductionMarker     : loaded 2 times (x 95B)
Class org.jetbrains.kotlin.metadata.ProtoBuf$Type$Argument$Projection                 : loaded 2 times (x 82B)
Class org.jetbrains.kotlin.resolve.jvm.JvmTypeSpecificityComparator                   : loaded 2 times (x 77B)
Class org.jetbrains.kotlin.resolve.calls.checkers.NewSchemeOfIntegerOperatorResolutionChecker: loaded 2 times (x 74B)
Class org.jetbrains.kotlin.psi.KtInstanceExpressionWithLabel                          : loaded 2 times (x 438B)
Class org.jetbrains.kotlin.psi.KtNamedDeclarationNotStubbed                           : loaded 2 times (x 844B)
Class org.jetbrains.kotlin.com.intellij.extapi.psi.ASTWrapperPsiElement               : loaded 2 times (x 306B)
Class org.jetbrains.kotlin.psi.KtFileAnnotationList                                   : loaded 2 times (x 506B)
Class org.jetbrains.kotlin.psi.KtProperty                                             : loaded 2 times (x 1322B)
Class org.jetbrains.kotlin.metadata.ProtoBuf$EnumEntry$1                              : loaded 2 times (x 144B)
Class org.jetbrains.kotlin.cli.jvm.index.JavaRoot$RootTypes                           : loaded 2 times (x 71B)
Class org.jetbrains.kotlin.com.intellij.psi.PsiAnnotationMemberValue                  : loaded 2 times (x 70B)
Class org.jetbrains.kotlin.com.intellij.lang.injection.InjectedLanguageManager        : loaded 2 times (x 79B)
Class org.jetbrains.kotlin.cli.jvm.compiler.KotlinCoreEnvironment$Companion$getOrCreateApplicationEnvironment$1$2: loaded 2 times (x 74B)
Class org.jetbrains.kotlin.com.intellij.pom.java.InternalPersistentJavaLanguageLevelReaderService: loaded 2 times (x 70B)
Class org.jetbrains.kotlin.com.fasterxml.aalto.in.PName                               : loaded 2 times (x 75B)
Class org.jetbrains.kotlin.com.intellij.ide.plugins.XmlReader                         : loaded 2 times (x 71B)
Class kotlinx.coroutines.DefaultExecutorKt                                            : loaded 2 times (x 71B)
Class kotlinx.coroutines.Unconfined                                                   : loaded 2 times (x 99B)
Class kotlinx.coroutines.GlobalScope                                                  : loaded 2 times (x 74B)
Class org.jetbrains.kotlin.com.intellij.psi.compiled.ClsStubBuilder                   : loaded 2 times (x 73B)
Class org.jetbrains.kotlin.com.intellij.util.lang.CompoundRuntimeException            : loaded 2 times (x 82B)
Class org.jetbrains.kotlin.com.intellij.lang.LanguageASTFactory                       : loaded 2 times (x 96B)
Class org.jetbrains.kotlin.com.intellij.openapi.fileTypes.PlainTextLanguage           : loaded 2 times (x 107B)
Class org.jetbrains.kotlin.com.intellij.util.messages.MessageBusOwner                 : loaded 2 times (x 70B)
Class org.jetbrains.kotlin.org.picocontainer.PicoContainer                            : loaded 2 times (x 70B)
Class kotlin.io.FilesKt                                                               : loaded 2 times (x 71B)
Class org.jetbrains.kotlin.backend.jvm.lower.JvmKotlinNothingValueExceptionLowering   : loaded 2 times (x 86B)
Class org.jetbrains.kotlin.backend.jvm.JvmLoweringPhasesKt$jvmFilePhases$76           : loaded 2 times (x 125B)
Class org.jetbrains.kotlin.backend.jvm.lower.EnumClassLowering                        : loaded 2 times (x 85B)
Class org.jetbrains.kotlin.backend.common.phaser.PerformByIrFileKt                    : loaded 2 times (x 71B)
Class kotlin.jvm.functions.Function6                                                  : loaded 2 times (x 70B)
Class org.jetbrains.kotlin.storage.NotNullLazyValue                                   : loaded 2 times (x 70B)
Class kotlin.reflect.jvm.internal.KTypeParameterOwnerImpl                             : loaded 2 times (x 70B)
Class kotlin.collections.MapsKt___MapsKt                                              : loaded 2 times (x 71B)
Class kotlin.collections.ArraysKt___ArraysKt                                          : loaded 2 times (x 71B)
Class org.jetbrains.kotlin.util.PerformanceCounter$Companion                          : loaded 2 times (x 71B)
Class com.google.common.collect.SortedMapDifference                                   : loaded 2 times (x 70B)
Class com.google.common.base.CharMatcher$JavaLowerCase                                : loaded 2 times (x 111B)
Class org.jetbrains.kotlin.com.google.common.collect.Maps$KeySet                      : loaded 2 times (x 137B)
Class org.jetbrains.kotlin.codegen.JvmKotlinType                                      : loaded 2 times (x 72B)
Class org.jetbrains.kotlin.codegen.coroutines.UninitializedStoresProcessor$UninitializedNewValue: loaded 2 times (x 78B)
Class org.jetbrains.kotlin.codegen.optimization.boxing.PopBackwardPropagationTransformerKt: loaded 2 times (x 71B)
Class [Lorg.jetbrains.org.objectweb.asm.Symbol;                                       : loaded 2 times (x 69B)
Class org.jetbrains.kotlin.types.error.ErrorTypeConstructor                           : loaded 2 times (x 81B)
Class org.jetbrains.kotlin.descriptors.impl.ClassConstructorDescriptorImpl            : loaded 2 times (x 407B)
Class org.jetbrains.kotlin.backend.common.lower.loops.NestedHeaderInfoBuilderForWithIndex: loaded 2 times (x 332B)
Class org.jetbrains.kotlin.ir.inline.InlineFunctionResolver                           : loaded 2 times (x 78B)
Class org.jetbrains.kotlin.codegen.state.GenerationState$MultiFieldValueClassUnboxInfo: loaded 2 times (x 72B)
Class org.jetbrains.kotlin.codegen.intrinsics.Concat                                  : loaded 2 times (x 78B)
Class org.jetbrains.kotlin.ir.symbols.impl.IrVariableSymbolImpl                       : loaded 2 times (x 94B)
Class org.jetbrains.kotlin.ir.expressions.IrExpressionsKt                             : loaded 2 times (x 71B)
Class org.jetbrains.kotlin.ir.util.IrFakeOverrideUtilsKt                              : loaded 2 times (x 71B)
Class org.jetbrains.kotlin.ir.declarations.impl.IrFieldImpl                           : loaded 2 times (x 152B)
Class org.jetbrains.kotlin.storage.LockBasedStorageManager$CacheWithNullableValuesBasedOnMemoizedFunction$1: loaded 2 times (x 76B)
Class org.jetbrains.kotlin.ir.symbols.IrFunctionSymbol                                : loaded 2 times (x 70B)
Class org.jetbrains.kotlin.diagnostics.PositioningStrategies$SPREAD_OPERATOR$1        : loaded 2 times (x 74B)
Class kotlin.collections.builders.MapBuilder$KeysItr                                  : loaded 2 times (x 81B)
Class org.jetbrains.kotlin.metadata.jvm.JvmProtoBuf$JvmPropertySignature$Builder      : loaded 2 times (x 141B)
Class org.jetbrains.kotlin.parsing.AbstractTokenStreamPattern                         : loaded 2 times (x 83B)
Class org.jetbrains.kotlin.it.unimi.dsi.fastutil.objects.AbstractObjectList$ObjectSubList: loaded 2 times (x 288B)
Class org.jetbrains.kotlin.resolve.IdentifierCheckerClashesResolver                   : loaded 2 times (x 73B)
Class org.jetbrains.kotlin.psi.stubs.elements.KtNameReferenceExpressionElementType    : loaded 2 times (x 103B)
Class org.jetbrains.kotlin.psi.stubs.elements.KtPlaceHolderWithTextStubElementType    : loaded 2 times (x 100B)
Class org.jetbrains.kotlin.psi.stubs.elements.KtFunctionElementType                   : loaded 2 times (x 104B)
Class org.jetbrains.kotlin.psi.KtModifierListOwner                                    : loaded 2 times (x 70B)
Class org.jetbrains.kotlin.com.intellij.extapi.psi.StubBasedPsiElementBase            : loaded 2 times (x 315B)
Class org.jetbrains.kotlin.metadata.jvm.deserialization.ModuleMapping                 : loaded 2 times (x 72B)
Class gnu.trove.TObjectHashingStrategy                                                : loaded 2 times (x 70B)
Class [Lorg.jetbrains.kotlin.it.unimi.dsi.fastutil.objects.AbstractObject2ObjectFunction;: loaded 2 times (x 69B)
Class org.jetbrains.kotlin.cli.jvm.index.JavaRoot                                     : loaded 2 times (x 72B)
Class org.jetbrains.kotlin.resolve.diagnostics.DiagnosticSuppressor$Companion         : loaded 2 times (x 72B)
Class org.jetbrains.kotlin.com.intellij.psi.controlFlow.ControlFlowFactory$1          : loaded 2 times (x 78B)
Class org.jetbrains.kotlin.com.intellij.openapi.util.RecursionManager                 : loaded 2 times (x 71B)
Class org.jetbrains.kotlin.com.intellij.openapi.extensions.ExtensionPointPriorityListener: loaded 2 times (x 70B)
Class org.jetbrains.kotlin.com.intellij.testFramework.LightVirtualFile                : loaded 2 times (x 170B)
Class kotlinx.coroutines.AbstractCoroutine                                            : loaded 2 times (x 144B)
Class org.jetbrains.kotlin.cli.jvm.compiler.IdeaExtensionPoints                       : loaded 2 times (x 71B)
Class org.jetbrains.kotlin.com.intellij.psi.presentation.java.PackagePresentationProvider: loaded 2 times (x 74B)
Class org.jetbrains.kotlin.kotlinx.collections.immutable.PersistentMap                : loaded 2 times (x 70B)
Class org.jetbrains.kotlin.com.intellij.openapi.extensions.BaseExtensionPointName     : loaded 2 times (x 72B)
Class org.jetbrains.kotlin.backend.jvm.JvmLoweringPhasesKt$jvmFilePhases$77           : loaded 2 times (x 125B)
Class org.jetbrains.kotlin.backend.jvm.lower.SyntheticAccessorLowering                : loaded 2 times (x 80B)
Class org.jetbrains.kotlin.backend.jvm.lower.JvmDefaultParameterInjector              : loaded 2 times (x 522B)
Class org.jetbrains.kotlin.backend.jvm.lower.JvmStringConcatenationLowering           : loaded 2 times (x 518B)
Class org.jetbrains.kotlin.backend.jvm.JvmLoweringPhasesKt$jvmFilePhases$40           : loaded 2 times (x 125B)
Class org.jetbrains.kotlin.ir.declarations.IrPackageFragment                          : loaded 2 times (x 99B)
Class org.jetbrains.kotlin.ir.IrElementBase                                           : loaded 2 times (x 86B)
Class org.jetbrains.kotlin.ir.declarations.IrAnnotationContainer                      : loaded 2 times (x 70B)
Class kotlin.jvm.functions.Function7                                                  : loaded 2 times (x 70B)
Class kotlin.reflect.jvm.internal.impl.name.Name                                      : loaded 2 times (x 75B)
Class kotlin.reflect.jvm.internal.KPropertyImpl$Companion                             : loaded 2 times (x 71B)
Class org.jetbrains.kotlin.com.google.common.collect.Maps$EntryTransformer            : loaded 2 times (x 70B)
Class kotlin.collections.MapsKt__MapWithDefaultKt                                     : loaded 2 times (x 71B)
Class org.jetbrains.kotlin.cli.common.arguments.CommonCompilerArguments               : loaded 2 times (x 80B)
Class Build_gradle$1$1                                                                : loaded 2 times (x 74B)
Class com.google.common.cache.LocalCache$EntryFactory                                 : loaded 2 times (x 83B)
Class org.jetbrains.kotlin.resolve.jvm.diagnostics.JvmDeclarationOrigin$Companion     : loaded 2 times (x 71B)
Class org.jetbrains.kotlin.ir.LineAndColumn                                           : loaded 2 times (x 71B)
Class org.jetbrains.kotlin.backend.common.lower.DefaultArgumentStubGeneratorKt        : loaded 2 times (x 71B)
Class org.jetbrains.kotlin.backend.jvm.lower.FunctionReferenceLowering$FunctionReferenceBuilder: loaded 2 times (x 72B)
Class [Lorg.jetbrains.kotlin.ir.declarations.IrDeclarationBase;                       : loaded 2 times (x 69B)
Class org.jetbrains.kotlin.backend.common.lower.SharedVariablesLowering$SharedVariablesTransformer: loaded 2 times (x 72B)
Class org.jetbrains.kotlin.backend.jvm.intrinsics.Ieee754Equals                       : loaded 2 times (x 74B)
Class org.jetbrains.kotlin.resolve.InlineClassDescriptorResolver                      : loaded 2 times (x 71B)
Class org.jetbrains.kotlin.backend.common.extensions.IrPluginContext                  : loaded 2 times (x 70B)
Class org.jetbrains.kotlin.ir.KtDiagnosticReporterWithImplicitIrBasedContext          : loaded 2 times (x 82B)
Class [Lorg.jetbrains.kotlin.mpp.TypeRefMarker;                                       : loaded 2 times (x 69B)
Class org.jetbrains.kotlin.ir.declarations.MetadataSource$Function                    : loaded 2 times (x 70B)
Class org.jetbrains.kotlin.resolve.constants.IntegerValueConstant                     : loaded 2 times (x 76B)
Class org.jetbrains.kotlin.storage.LockBasedStorageManager$LockBasedNotNullLazyValue  : loaded 2 times (x 92B)
Class org.jetbrains.kotlin.resolve.calls.inference.model.NewConstraintMismatch        : loaded 2 times (x 70B)
Class [Lkotlin.annotation.AnnotationRetention;                                        : loaded 2 times (x 69B)
Class org.jetbrains.kotlin.it.unimi.dsi.fastutil.ints.AbstractIntList                 : loaded 2 times (x 352B)
Class org.jetbrains.kotlin.it.unimi.dsi.fastutil.objects.ObjectListIterator           : loaded 2 times (x 70B)
Class org.jetbrains.kotlin.descriptors.ValueDescriptor                                : loaded 2 times (x 70B)
Class org.jetbrains.kotlin.psi.KtCallableReferenceExpression                          : loaded 2 times (x 513B)
Class org.jetbrains.kotlin.psi.KtDestructuringDeclaration                             : loaded 2 times (x 780B)
Class [Lorg.jetbrains.kotlin.com.intellij.psi.ContributedReferenceHost;               : loaded 2 times (x 69B)
Class [Lorg.jetbrains.kotlin.psi.KtAnnotationEntry;                                   : loaded 2 times (x 69B)
Class org.jetbrains.kotlin.psi.stubs.KotlinClassOrObjectStub                          : loaded 2 times (x 70B)
Class [Lorg.jetbrains.kotlin.lexer.KtModifierKeywordToken;                            : loaded 2 times (x 69B)
Class org.jetbrains.kotlin.com.intellij.psi.WhiteSpaceTokenType                       : loaded 2 times (x 79B)
Class [Lorg.jetbrains.kotlin.name.Name;                                               : loaded 2 times (x 69B)
Class org.jetbrains.kotlin.metadata.ProtoBuf$Contract                                 : loaded 2 times (x 107B)
Class org.jetbrains.kotlin.metadata.ProtoBuf$VersionRequirementTable$1                : loaded 2 times (x 144B)
Class org.jetbrains.kotlin.utils.DeserializationHelpersKt                             : loaded 2 times (x 71B)
Class org.jetbrains.kotlin.com.intellij.openapi.util.io.BufferExposingByteArrayInputStream: loaded 2 times (x 92B)
Class org.jetbrains.kotlin.extensions.StorageComponentContainerContributor$Companion  : loaded 2 times (x 72B)
Class org.jetbrains.kotlin.com.intellij.psi.impl.JavaPsiFacadeImpl                    : loaded 2 times (x 94B)
Class org.jetbrains.kotlin.com.intellij.psi.PsiResolveHelper                          : loaded 2 times (x 70B)
Class org.jetbrains.kotlin.com.intellij.openapi.project.Project                       : loaded 2 times (x 70B)
Class org.jetbrains.kotlin.parsing.KotlinCommonParserDefinition                       : loaded 2 times (x 95B)
Class org.jetbrains.kotlin.com.intellij.ide.plugins.JavaZipFileDataLoader             : loaded 2 times (x 79B)
Class org.jetbrains.kotlin.com.intellij.lang.jvm.JvmPackage                           : loaded 2 times (x 70B)
Class org.jetbrains.kotlin.com.intellij.openapi.extensions.LoadingOrder               : loaded 2 times (x 72B)
Class org.jetbrains.kotlin.com.intellij.openapi.extensions.impl.ExtensionPointImpl$ObjectComponentAdapter: loaded 2 times (x 80B)
Class org.jetbrains.kotlin.com.intellij.util.concurrency.SynchronizedClearableLazy$Companion: loaded 2 times (x 71B)
Class org.jetbrains.kotlin.com.intellij.lang.ParserDefinition                         : loaded 2 times (x 70B)
Class org.jetbrains.kotlin.compiler.plugin.ComponentRegistrar                         : loaded 2 times (x 70B)
Class org.jetbrains.kotlin.backend.jvm.JvmLoweringPhasesKt$jvmFilePhases$78           : loaded 2 times (x 125B)
Class org.jetbrains.kotlin.backend.jvm.JvmLoweringPhasesKt$jvmFilePhases$41           : loaded 2 times (x 125B)
Class org.jetbrains.kotlin.backend.jvm.lower.JvmOverloadsAnnotationLowering           : loaded 2 times (x 85B)
Class org.jetbrains.kotlin.backend.common.phaser.SameTypeCompilerPhase                : loaded 2 times (x 70B)
Class kotlin.jvm.functions.Function8                                                  : loaded 2 times (x 70B)
Class kotlin.reflect.jvm.internal.impl.name.FqNameUnsafe                              : loaded 2 times (x 72B)
Class org.jetbrains.kotlin.config.JvmAnalysisFlags                                    : loaded 2 times (x 71B)
Class kotlin.collections.builders.MapBuilder$Companion                                : loaded 2 times (x 71B)
Class kotlin.collections.CollectionsKt__MutableCollectionsJVMKt                       : loaded 2 times (x 71B)
Class kotlin.text.StringsKt___StringsKt                                               : loaded 2 times (x 71B)
Class kotlin.enums.EnumEntriesKt                                                      : loaded 2 times (x 71B)
Class com.google.common.cache.LocalCache$AbstractReferenceEntry                       : loaded 2 times (x 107B)
Class com.google.common.base.Splitter$1$1                                             : loaded 2 times (x 86B)
Class com.google.common.base.CharMatcher$Whitespace                                   : loaded 2 times (x 112B)
Class org.gradle.internal.IoActions                                                   : loaded 2 times (x 71B)
Class org.jetbrains.kotlin.kotlinx.collections.immutable.implementations.immutableMap.TrieNodeValuesIterator: loaded 2 times (x 82B)
Class org.jetbrains.kotlin.codegen.optimization.boxing.PopBackwardPropagationTransformer$Transformer$HazardsTrackingInterpreter: loaded 2 times (x 94B)
Class org.jetbrains.kotlin.it.unimi.dsi.fastutil.ints.Int2IntMap                      : loaded 2 times (x 70B)
Class org.jetbrains.kotlin.codegen.optimization.boxing.RedundantBoxingMethodTransformer: loaded 2 times (x 73B)
Class org.jetbrains.kotlin.codegen.inline.SMAP$Companion                              : loaded 2 times (x 71B)
Class org.jetbrains.kotlin.backend.common.output.OutputFile                           : loaded 2 times (x 70B)
Class org.jetbrains.kotlin.codegen.ClassFileFactory                                   : loaded 2 times (x 95B)
Class org.jetbrains.kotlin.codegen.ClassBuilderMode                                   : loaded 2 times (x 71B)
Class org.jetbrains.kotlin.ir.symbols.IrSimpleFunctionSymbol                          : loaded 2 times (x 70B)
Class org.jetbrains.kotlin.renderer.ExcludedTypeAnnotations                           : loaded 2 times (x 71B)
Class org.jetbrains.kotlin.ir.symbols.IrConstructorSymbol                             : loaded 2 times (x 70B)
Class org.jetbrains.kotlin.ir.declarations.impl.IrValueParameterImpl                  : loaded 2 times (x 144B)
Class org.jetbrains.kotlin.ir.types.impl.IrSimpleTypeImpl                             : loaded 2 times (x 94B)
Class org.jetbrains.kotlin.diagnostics.PositioningStrategies$TYPE_ARGUMENT_LIST_OR_SELF$1: loaded 2 times (x 74B)
Class org.jetbrains.kotlin.metadata.deserialization.VersionRequirementTable$Companion : loaded 2 times (x 71B)
Class org.jetbrains.kotlin.metadata.jvm.deserialization.JvmNameResolverBase$WhenMappings: loaded 2 times (x 71B)
Class org.jetbrains.kotlin.metadata.jvm.deserialization.BitEncoding                   : loaded 2 times (x 71B)
Class [Lorg.jetbrains.kotlin.load.java.typeEnhancement.JavaTypeQualifiers;            : loaded 2 times (x 69B)
Class org.jetbrains.kotlin.descriptors.Visibilities$Local                             : loaded 2 times (x 79B)
Class org.jetbrains.kotlin.builtins.functions.FunctionTypeKindExtractor$Companion     : loaded 2 times (x 71B)
Class kotlin.annotation.MustBeDocumented                                              : loaded 2 times (x 70B)
Class org.jetbrains.kotlin.resolve.checkers.PlatformDiagnosticSuppressorClashesResolver: loaded 2 times (x 73B)
Class org.jetbrains.kotlin.container.PlatformExtensionsClashResolver                  : loaded 2 times (x 73B)
Class org.jetbrains.kotlin.descriptors.CallableDescriptor                             : loaded 2 times (x 70B)
Class org.jetbrains.kotlin.BlockExpressionElementType$Companion                       : loaded 2 times (x 71B)
Class org.jetbrains.kotlin.LambdaExpressionElementType                                : loaded 2 times (x 95B)
Class org.jetbrains.kotlin.psi.stubs.elements.KtValueArgumentElementType              : loaded 2 times (x 100B)
Class org.jetbrains.kotlin.resolve.checkers.KotlinVersionStringAnnotationValueChecker : loaded 2 times (x 77B)
Class org.jetbrains.kotlin.psi.KtDeclarationStub                                      : loaded 2 times (x 713B)
Class org.jetbrains.kotlin.psi.KtFunction                                             : loaded 2 times (x 70B)
Class org.jetbrains.kotlin.protobuf.WireFormat                                        : loaded 2 times (x 71B)
Class org.jetbrains.kotlin.metadata.ProtoBuf$QualifiedNameTable                       : loaded 2 times (x 107B)
Class org.jetbrains.kotlin.metadata.ProtoBuf$QualifiedNameTableOrBuilder              : loaded 2 times (x 70B)
Class org.jetbrains.org.objectweb.asm.Attribute                                       : loaded 2 times (x 75B)
Class org.jetbrains.org.objectweb.asm.Label                                           : loaded 2 times (x 72B)
Class org.jetbrains.kotlin.resolve.jvm.NotFoundPackagesCachingStrategy                : loaded 2 times (x 70B)
Class org.jetbrains.kotlin.com.intellij.util.containers.ConcurrentRefValueHashMap$ValueReference: loaded 2 times (x 70B)
Class org.jetbrains.kotlin.com.intellij.util.CachedValuesManagerImpl                  : loaded 2 times (x 80B)
Class org.jetbrains.kotlin.com.intellij.psi.impl.source.resolve.ResolveCache          : loaded 2 times (x 84B)
Class org.jetbrains.kotlin.com.intellij.psi.impl.file.impl.JavaFileManager            : loaded 2 times (x 70B)
Class org.jetbrains.kotlin.com.intellij.openapi.vfs.CompactVirtualFileSetFactory      : loaded 2 times (x 75B)
Class kotlinx.coroutines.scheduling.TaskContext                                       : loaded 2 times (x 70B)
Class org.jetbrains.kotlin.com.intellij.psi.PsiTarget                                 : loaded 2 times (x 70B)
Class org.jetbrains.kotlin.com.intellij.lexer.MergingLexerAdapterBase                 : loaded 2 times (x 87B)
Class org.jetbrains.kotlin.com.intellij.psi.PsiComment                                : loaded 2 times (x 70B)
Class org.jetbrains.kotlin.com.intellij.openapi.fileTypes.FileType                    : loaded 2 times (x 70B)
Class org.jetbrains.kotlin.com.intellij.openapi.util.UserDataHolder                   : loaded 2 times (x 70B)
Class org.jetbrains.kotlin.backend.jvm.JvmLoweringPhasesKt$jvmLoweringPhases$1        : loaded 2 times (x 125B)
Class org.jetbrains.kotlin.backend.jvm.JvmLoweringPhasesKt$jvmFilePhases$79           : loaded 2 times (x 125B)
Class org.jetbrains.kotlin.backend.jvm.JvmLoweringPhasesKt$jvmFilePhases$42           : loaded 2 times (x 125B)
Class org.jetbrains.kotlin.backend.jvm.lower.SingletonOrConstantDelegationLowering    : loaded 2 times (x 80B)
Class kotlin.jvm.functions.Function10                                                 : loaded 2 times (x 70B)
Class kotlin.jvm.functions.Function9                                                  : loaded 2 times (x 70B)
Class [Lorg.jetbrains.kotlin.platform.TargetPlatformVersion;                          : loaded 2 times (x 69B)
Class org.jetbrains.kotlin.config.JvmAnalysisFlags$Delegates$JavaTypeEnhancementStateWarnByDefault: loaded 2 times (x 71B)
Class [Lkotlin.LazyThreadSafetyMode;                                                  : loaded 2 times (x 69B)
Class org.jetbrains.kotlin.com.google.common.collect.ImmutableMap                     : loaded 2 times (x 120B)
Class [Lkotlin.reflect.KClassifier;                                                   : loaded 2 times (x 69B)
Class kotlin.reflect.jvm.internal.EmptyContainerForLocal                              : loaded 2 times (x 84B)
Class org.jetbrains.kotlin.utils.KotlinExceptionWithAttachments                       : loaded 2 times (x 94B)
Class com.google.common.collect.ImmutableRangeSet$ComplementRanges                    : loaded 2 times (x 207B)
Class org.objectweb.asm.SymbolTable                                                   : loaded 2 times (x 72B)
Class com.google.common.cache.CacheLoader$InvalidCacheLoadException                   : loaded 2 times (x 82B)
Class com.google.common.collect.ImmutableSet$RegularSetBuilderImpl                    : loaded 2 times (x 77B)
Class com.google.common.base.CharMatcher$SingleWidth                                  : loaded 2 times (x 112B)
Class org.gradle.internal.classloader.SystemClassLoaderSpec                           : loaded 2 times (x 71B)
Class org.jetbrains.kotlin.util.slicedMap.OpenAddressLinearProbingHashTable           : loaded 2 times (x 129B)
Class org.jetbrains.kotlin.codegen.inline.FieldSignature                              : loaded 2 times (x 72B)
Class org.jetbrains.org.objectweb.asm.Frame                                           : loaded 2 times (x 73B)
Class org.jetbrains.org.objectweb.asm.signature.SignatureWriter                       : loaded 2 times (x 88B)
Class org.jetbrains.kotlin.backend.jvm.ir.JvmIrBuilderKt                              : loaded 2 times (x 71B)
Class org.jetbrains.kotlin.backend.jvm.intrinsics.EnumValues                          : loaded 2 times (x 73B)
Class org.jetbrains.kotlin.ir.expressions.impl.IrFunctionReferenceImpl                : loaded 2 times (x 116B)
Class [Lorg.jetbrains.kotlin.backend.common.phaser.BeforeOrAfter;                     : loaded 2 times (x 69B)
Class org.jetbrains.kotlin.codegen.serialization.JvmSerializationBindings             : loaded 2 times (x 72B)
Class org.jetbrains.kotlin.codegen.intrinsics.KClassJavaPrimitiveTypeProperty         : loaded 2 times (x 79B)
Class org.jetbrains.kotlin.codegen.ClassBuilderFactories$BinaryClassWriter            : loaded 2 times (x 104B)
Class org.jetbrains.kotlin.backend.common.ir.IrInlineUtilsKt$move$1                   : loaded 2 times (x 502B)
Class org.jetbrains.kotlin.ir.util.DeepCopyTypeRemapper                               : loaded 2 times (x 77B)
Class org.jetbrains.kotlin.diagnostics.AbstractKotlinSuppressCache$Companion          : loaded 2 times (x 71B)
Class org.jetbrains.kotlin.ir.types.impl.IrSimpleTypeImplKt                           : loaded 2 times (x 71B)
Class org.jetbrains.kotlin.types.checker.KotlinTypeRefiner                            : loaded 2 times (x 79B)
Class org.jetbrains.kotlin.diagnostics.PositioningStrategies$AS_TYPE$1                : loaded 2 times (x 74B)
Class org.jetbrains.kotlin.util.OneElementArrayMap$iterator$1                         : loaded 2 times (x 79B)
Class [Lorg.jetbrains.kotlin.metadata.ProtoBuf$Effect$EffectType;                     : loaded 2 times (x 69B)
Class org.jetbrains.kotlin.load.java.structure.impl.classFiles.BinaryJavaClass$WhenMappings: loaded 2 times (x 71B)
Class org.jetbrains.kotlin.descriptors.java.JavaVisibilities$PackageVisibility        : loaded 2 times (x 79B)
Class org.jetbrains.kotlin.com.google.common.collect.LinkedHashMultimap$ValueSet      : loaded 2 times (x 142B)
Class org.jetbrains.kotlin.com.google.common.collect.ImmutableCollection$Builder      : loaded 2 times (x 76B)
Class org.jetbrains.kotlin.cli.jvm.index.JvmDependenciesIndexImpl$WhenMappings        : loaded 2 times (x 71B)
Class org.jetbrains.kotlin.resolve.checkers.CheckerContext                            : loaded 2 times (x 70B)
Class [Lorg.jetbrains.kotlin.psi.KtContractEffect;                                    : loaded 2 times (x 69B)
Class org.jetbrains.kotlin.psi.KtNamed                                                : loaded 2 times (x 70B)
Class org.jetbrains.kotlin.metadata.jvm.JvmModuleProtoBuf$PackagePartsOrBuilder       : loaded 2 times (x 70B)
Class org.jetbrains.kotlin.com.intellij.diagnostic.ActivityCategory                   : loaded 2 times (x 79B)
Class org.jetbrains.kotlin.load.java.structure.JavaClassifier                         : loaded 2 times (x 70B)
Class org.jetbrains.kotlin.js.translate.extensions.JsSyntheticTranslateExtension      : loaded 2 times (x 70B)
Class org.jetbrains.kotlin.com.intellij.psi.TypeAnnotationProvider                    : loaded 2 times (x 70B)
Class org.jetbrains.kotlin.com.intellij.openapi.vfs.VirtualFileWithAssignedFileType   : loaded 2 times (x 70B)
Class org.jetbrains.kotlin.com.intellij.psi.impl.PsiManagerEx                         : loaded 2 times (x 122B)
Class kotlinx.coroutines.internal.LockFreeLinkedListNode                              : loaded 2 times (x 75B)
Class kotlin.coroutines.intrinsics.IntrinsicsKt                                       : loaded 2 times (x 71B)
Class kotlin.coroutines.CoroutineContext$DefaultImpls                                 : loaded 2 times (x 71B)
Class [Lorg.jetbrains.kotlin.com.intellij.openapi.util.ModificationTracker;           : loaded 2 times (x 69B)
Class kotlin.ranges.IntRange$Companion                                                : loaded 2 times (x 71B)
Class org.jetbrains.kotlin.com.intellij.util.pico.DefaultPicoContainer$LinkedHashSetWrapper: loaded 2 times (x 72B)
Class org.jetbrains.kotlin.com.intellij.util.messages.impl.RootBus                    : loaded 2 times (x 101B)
Class org.jetbrains.kotlin.cli.jvm.config.JvmClasspathRootBase                        : loaded 2 times (x 70B)
Class org.jetbrains.kotlin.backend.jvm.JvmLoweringPhasesKt$jvmLoweringPhases$2        : loaded 2 times (x 125B)
Class org.jetbrains.kotlin.backend.jvm.lower.InterfaceObjectCallsLowering             : loaded 2 times (x 339B)
Class org.jetbrains.kotlin.backend.jvm.lower.FragmentLocalFunctionPatchLowering       : loaded 2 times (x 518B)
Class org.jetbrains.kotlin.backend.jvm.JvmLoweringPhasesKt$jvmFilePhases$43           : loaded 2 times (x 125B)
Class org.jetbrains.kotlin.backend.common.lower.LocalClassPopupLowering               : loaded 2 times (x 87B)
Class kotlin.jvm.functions.Function11                                                 : loaded 2 times (x 70B)
Class kotlin.jvm.internal.PropertyReference0Impl                                      : loaded 2 times (x 127B)
Class org.jetbrains.kotlin.com.google.common.collect.LinkedHashMultimap$ValueEntry    : loaded 2 times (x 89B)
Class org.jetbrains.kotlin.it.unimi.dsi.fastutil.ints.IntCollection                   : loaded 2 times (x 70B)
Class kotlin.jvm.internal.markers.KMutableCollection                                  : loaded 2 times (x 70B)
Class kotlin.collections.EmptyMap                                                     : loaded 2 times (x 109B)
Class kotlin.reflect.KAnnotatedElement                                                : loaded 2 times (x 70B)
Class kotlin.jvm.internal.Intrinsics                                                  : loaded 2 times (x 71B)
Class org.jetbrains.kotlin.cli.common.ExitCode                                        : loaded 2 times (x 79B)
Class com.google.common.cache.LocalCache$StrongEntry                                  : loaded 2 times (x 108B)
Class com.google.common.util.concurrent.AbstractFuture$TrustedFuture                  : loaded 2 times (x 114B)
Class com.google.common.cache.LoadingCache                                            : loaded 2 times (x 70B)
Class org.jetbrains.kotlin.backend.jvm.lower.SyntheticAccessorTransformer             : loaded 2 times (x 511B)
Class org.jetbrains.kotlin.cli.common.output.OutputUtilsKt                            : loaded 2 times (x 71B)
Class org.jetbrains.kotlin.codegen.StackValue$FieldForSharedVar                       : loaded 2 times (x 89B)
Class org.jetbrains.kotlin.codegen.coroutines.CoroutineCodegenUtilKt$INITIAL_DESCRIPTOR_FOR_SUSPEND_FUNCTION$1: loaded 2 times (x 71B)
Class org.jetbrains.kotlin.types.checker.ClassicTypeSystemContextKt                   : loaded 2 times (x 71B)
Class org.jetbrains.kotlin.backend.jvm.mapping.PossiblyInnerIrType                    : loaded 2 times (x 72B)
Class org.jetbrains.kotlin.backend.jvm.codegen.ClassCodegen$generateField$annotationCodegen$1: loaded 2 times (x 74B)
Class org.jetbrains.kotlin.codegen.TransformationMethodVisitor                        : loaded 2 times (x 105B)
Class org.jetbrains.kotlin.backend.jvm.extensions.JvmIrDeclarationOrigin              : loaded 2 times (x 73B)
Class org.jetbrains.kotlin.codegen.optimization.common.InsnSequence$iterator$1        : loaded 2 times (x 79B)
Class kotlin.sequences.TakeWhileSequence                                              : loaded 2 times (x 75B)
Class org.jetbrains.kotlin.backend.common.lower.loops.handlers.RangeUntilHandler      : loaded 2 times (x 80B)
Class org.jetbrains.kotlin.backend.common.lower.loops.handlers.IndicesHandler         : loaded 2 times (x 84B)
Class org.jetbrains.kotlin.backend.common.lower.loops.HeaderInfoBuilder               : loaded 2 times (x 332B)
Class org.jetbrains.kotlin.backend.jvm.intrinsics.RangeTo                             : loaded 2 times (x 73B)
Class org.jetbrains.kotlin.backend.jvm.intrinsics.AndAnd                              : loaded 2 times (x 73B)
Class org.jetbrains.kotlin.ir.expressions.IrGetObjectValue                            : loaded 2 times (x 106B)
Class org.jetbrains.kotlin.ir.expressions.impl.IrTypeOperatorCallImpl                 : loaded 2 times (x 110B)
Class org.jetbrains.kotlin.ir.IrAttribute$Flag$Delegate                               : loaded 2 times (x 72B)
Class org.jetbrains.kotlin.ir.declarations.IrSimpleFunction                           : loaded 2 times (x 214B)
Class org.jetbrains.kotlin.renderer.ClassifierNamePolicy                              : loaded 2 times (x 70B)
Class org.jetbrains.kotlin.diagnostics.PositioningStrategies$NULLABLE_TYPE$1          : loaded 2 times (x 74B)
Class org.jetbrains.kotlin.diagnostics.PositioningStrategies$CALL_ELEMENT_WITH_DOT$1  : loaded 2 times (x 74B)
Class org.jetbrains.kotlin.resolve.calls.inference.ConstraintSystemBuilderKt$WhenMappings: loaded 2 times (x 71B)
Class [Lorg.jetbrains.kotlin.resolve.calls.inference.components.ConstraintSystemCompletionMode;: loaded 2 times (x 69B)
Class [Lorg.jetbrains.kotlin.load.java.typeEnhancement.NullabilityQualifier;          : loaded 2 times (x 69B)
Class org.jetbrains.kotlin.load.kotlin.FileBasedKotlinClass$InnerClassesInfo          : loaded 2 times (x 74B)
Class org.jetbrains.kotlin.com.google.common.collect.RegularImmutableList             : loaded 2 times (x 213B)
Class org.jetbrains.kotlin.load.kotlin.SignatureBuildingComponents                    : loaded 2 times (x 71B)
Class org.jetbrains.kotlin.metadata.ProtoBuf$Type$Argument                            : loaded 2 times (x 110B)
Class org.jetbrains.kotlin.psi.KtThrowExpression                                      : loaded 2 times (x 438B)
Class org.jetbrains.kotlin.psi.KtImportDirective                                      : loaded 2 times (x 459B)
Class [Lorg.jetbrains.kotlin.psi.KtModifierListOwnerStub;                             : loaded 2 times (x 69B)
Class org.jetbrains.kotlin.resolve.checkers.RequireKotlinAnnotationValueChecker       : loaded 2 times (x 77B)
Class org.jetbrains.kotlin.container.DslKt                                            : loaded 2 times (x 71B)
Class org.jetbrains.kotlin.types.model.DynamicTypeMarker                              : loaded 2 times (x 70B)
Class org.jetbrains.kotlin.resolve.calls.inference.components.ConstraintIncorporator  : loaded 2 times (x 72B)
Class org.jetbrains.kotlin.com.intellij.psi.PsiClassOwner                             : loaded 2 times (x 70B)
Class org.jetbrains.kotlin.backend.common.extensions.IrGenerationExtension$Companion  : loaded 2 times (x 72B)
Class org.jetbrains.kotlin.com.intellij.codeInsight.InferredAnnotationsManager        : loaded 2 times (x 74B)
Class [Lorg.jetbrains.kotlin.com.intellij.lang.jvm.types.JvmType;                     : loaded 2 times (x 69B)
Class kotlin.coroutines.intrinsics.CoroutineSingletons                                : loaded 2 times (x 79B)
Class org.jetbrains.kotlin.com.intellij.ide.plugins.DescriptorListLoadingContext$1    : loaded 2 times (x 78B)
Class org.jetbrains.kotlin.com.intellij.util.messages.impl.SimpleMessageBusConnectionImpl: loaded 2 times (x 81B)
Class org.jetbrains.kotlin.com.intellij.psi.stubs.UpToDateStubIndexMismatch           : loaded 2 times (x 87B)
Class org.jetbrains.kotlin.com.intellij.model.psi.PsiExternalReferenceHost            : loaded 2 times (x 70B)
Class org.jetbrains.kotlin.com.intellij.openapi.vfs.VirtualFileManager                : loaded 2 times (x 82B)
Class [Lorg.jetbrains.kotlin.com.intellij.util.messages.impl.BusState;                : loaded 2 times (x 69B)
Class org.jetbrains.kotlin.com.intellij.util.messages.impl.MessageBusImpl             : loaded 2 times (x 97B)
Class org.jetbrains.kotlin.com.intellij.openapi.fileTypes.UnknownFileType             : loaded 2 times (x 80B)
Class org.jetbrains.kotlin.com.intellij.openapi.vfs.impl.jar.CoreJarFileSystem        : loaded 2 times (x 101B)
Class org.jetbrains.kotlin.com.intellij.util.containers.LockFreeCopyOnWriteArrayList  : loaded 2 times (x 199B)
Class org.jetbrains.kotlin.backend.jvm.JvmLoweringPhasesKt$jvmLoweringPhases$3        : loaded 2 times (x 125B)
Class org.jetbrains.kotlin.backend.jvm.JvmLoweringPhasesKt$jvmFilePhases$44           : loaded 2 times (x 125B)
Class org.jetbrains.kotlin.ir.inline.InlineCallableReferenceToLambdaPhase             : loaded 2 times (x 427B)
Class org.jetbrains.kotlin.com.intellij.util.containers.RefHashMap                    : loaded 2 times (x 127B)
Class kotlin.jvm.functions.Function12                                                 : loaded 2 times (x 70B)
Class kotlin.collections.MapsKt                                                       : loaded 2 times (x 71B)
Class kotlin.collections.CollectionsKt__IterablesKt                                   : loaded 2 times (x 71B)
Class com.google.common.io.ByteStreams$LimitedInputStream                             : loaded 2 times (x 92B)
Class com.google.common.base.Suppliers$NonSerializableMemoizingSupplier               : loaded 2 times (x 79B)
Class org.objectweb.asm.MethodWriter                                                  : loaded 2 times (x 106B)
Class [Lcom.google.common.cache.Weigher;                                              : loaded 2 times (x 69B)
Class com.google.common.collect.RegularImmutableMap$BucketOverflowException           : loaded 2 times (x 82B)
Class org.jetbrains.kotlin.backend.common.lower.LowerUtilsKt                          : loaded 2 times (x 71B)
Class org.jetbrains.kotlin.metadata.ProtoBuf$StringTable$Builder                      : loaded 2 times (x 135B)
Class org.jetbrains.kotlin.codegen.inline.MethodInlinerUtilKt$analyzeMethodNodeWithInterpreter$BasicValueFrame: loaded 2 times (x 88B)
Class org.jetbrains.kotlin.types.TypeSubstitution$Companion                           : loaded 2 times (x 71B)
Class org.jetbrains.kotlin.backend.jvm.codegen.BooleanConstant                        : loaded 2 times (x 76B)
Class org.jetbrains.kotlin.metadata.jvm.serialization.JvmStringTable                  : loaded 2 times (x 80B)
Class org.jetbrains.kotlin.metadata.serialization.StringTable                         : loaded 2 times (x 70B)
Class org.jetbrains.kotlin.ir.descriptors.IrBasedClassDescriptor$_typeConstructor$2$1 : loaded 2 times (x 125B)
Class org.jetbrains.kotlin.codegen.inline.SMAP$special$$inlined$sortedBy$1            : loaded 2 times (x 89B)
Class org.jetbrains.org.objectweb.asm.tree.TypeAnnotationNode                         : loaded 2 times (x 80B)
Class [Lorg.jetbrains.kotlin.backend.common.lower.loops.HeaderInfoHandler;            : loaded 2 times (x 69B)
Class org.jetbrains.kotlin.backend.common.ClassLoweringVisitor                        : loaded 2 times (x 331B)
Class org.jetbrains.kotlin.backend.common.Mapping$MapBasedMapping                     : loaded 2 times (x 74B)
Class org.jetbrains.kotlin.idea.MainFunctionDetector$Companion                        : loaded 2 times (x 71B)
Class org.jetbrains.kotlin.backend.common.lower.VariableRemapper                      : loaded 2 times (x 502B)
Class kotlin.sequences.SequenceBuilderIterator                                        : loaded 2 times (x 85B)
Class [Lorg.jetbrains.kotlin.resolve.OverridingUtil$OverrideCompatibilityInfo$Result; : loaded 2 times (x 69B)
Class org.jetbrains.kotlin.com.intellij.util.containers.ConcurrentWeakValueHashMap    : loaded 2 times (x 149B)
Class org.jetbrains.kotlin.ir.util.SymbolTableSlice$Flat                              : loaded 2 times (x 74B)
Class org.jetbrains.kotlin.ir.expressions.IrStatementOrigin                           : loaded 2 times (x 70B)
Class org.jetbrains.kotlin.descriptors.impl.DeclarationDescriptorNonRootImpl          : loaded 2 times (x 117B)
Class org.jetbrains.kotlin.ir.declarations.impl.IrExternalPackageFragmentImpl         : loaded 2 times (x 100B)
Class org.jetbrains.kotlin.psi.KtLambdaExpression                                     : loaded 2 times (x 538B)
Class org.jetbrains.kotlin.diagnostics.PositioningStrategies$TYPE_PARAMETERS_OR_DECLARATION_SIGNATURE$1: loaded 2 times (x 74B)
Class org.jetbrains.kotlin.load.kotlin.KotlinJvmBinaryClass$MemberVisitor             : loaded 2 times (x 70B)
Class org.jetbrains.kotlin.descriptors.java.JavaVisibilities$ProtectedStaticVisibility: loaded 2 times (x 79B)
Class org.jetbrains.kotlin.it.unimi.dsi.fastutil.objects.Object2ObjectOpenHashMap$KeyIterator: loaded 2 times (x 87B)
Class org.jetbrains.kotlin.com.google.common.collect.UnmodifiableListIterator         : loaded 2 times (x 95B)
Class org.jetbrains.kotlin.com.google.common.collect.RegularImmutableMap$KeySet       : loaded 2 times (x 152B)
Class org.jetbrains.kotlin.resolve.scopes.receivers.Receiver                          : loaded 2 times (x 70B)
Class org.jetbrains.kotlin.container.CacheKt                                          : loaded 2 times (x 71B)
Class org.jetbrains.kotlin.resolve.calls.checkers.EnumEntryVsCompanionPriorityCallChecker: loaded 2 times (x 74B)
Class org.jetbrains.kotlin.psi.stubs.KotlinPlaceHolderWithTextStub                    : loaded 2 times (x 70B)
Class org.jetbrains.kotlin.serialization.deserialization.MetadataPartProvider         : loaded 2 times (x 70B)
Class org.jetbrains.kotlin.cli.jvm.compiler.JavaLanguageLevelKt$EntriesMappings       : loaded 2 times (x 71B)
Class org.jetbrains.kotlin.metadata.ProtoBuf$Modality$1                               : loaded 2 times (x 74B)
Class org.jetbrains.kotlin.resolve.extensions.ExtraImportsProviderExtension           : loaded 2 times (x 70B)
Class org.jetbrains.kotlin.com.intellij.psi.impl.source.DummyHolderFactory$DefaultFactory: loaded 2 times (x 87B)
Class org.jetbrains.kotlin.com.intellij.psi.scope.processor.FilterScopeProcessor      : loaded 2 times (x 82B)
Class org.jetbrains.kotlin.com.intellij.lang.jvm.types.JvmReferenceType               : loaded 2 times (x 70B)
Class org.jetbrains.kotlin.com.intellij.psi.search.GlobalSearchScope$LazyFilesScope   : loaded 2 times (x 105B)
Class org.jetbrains.kotlin.com.intellij.psi.impl.PsiDocumentManagerBase$3             : loaded 2 times (x 84B)
Class org.jetbrains.kotlin.com.intellij.psi.impl.smartPointers.SmartPointerManagerImpl: loaded 2 times (x 81B)
Class org.jetbrains.kotlin.com.intellij.openapi.util.LowMemoryWatcher$LowMemoryWatcherType: loaded 2 times (x 79B)
Class org.jetbrains.kotlin.com.intellij.psi.impl.JavaClassSupersImpl                  : loaded 2 times (x 73B)
Class [Lorg.jetbrains.kotlin.com.fasterxml.aalto.in.PName;                            : loaded 2 times (x 69B)
Class kotlinx.coroutines.internal.LockFreeTaskQueueCore$Companion                     : loaded 2 times (x 71B)
Class org.jetbrains.kotlin.com.intellij.psi.impl.compiled.ClsCustomNavigationPolicy   : loaded 2 times (x 70B)
Class org.jetbrains.kotlin.com.intellij.openapi.util.NotNullLazyValue$1               : loaded 2 times (x 77B)
Class org.jetbrains.kotlin.com.intellij.psi.presentation.java.MethodPresentationProvider: loaded 2 times (x 76B)
Class kotlin.ranges.OpenEndRange                                                      : loaded 2 times (x 70B)
Class [Lorg.jetbrains.kotlin.com.intellij.lang.Language;                              : loaded 2 times (x 69B)
Class org.jetbrains.kotlin.com.intellij.openapi.application.impl.ApplicationInfoImpl  : loaded 2 times (x 74B)
Class org.jetbrains.kotlin.com.intellij.openapi.vfs.impl.jar.CoreJarHandler           : loaded 2 times (x 84B)
Class org.jetbrains.kotlin.com.intellij.openapi.util.ObjectNode$ListNodeChildren      : loaded 2 times (x 78B)
Class kotlin.text.Charsets                                                            : loaded 2 times (x 71B)
Class org.jetbrains.kotlin.backend.jvm.JvmLoweringPhasesKt$jvmLoweringPhases$4        : loaded 2 times (x 125B)
Class org.jetbrains.kotlin.backend.jvm.lower.ObjectClassLowering                      : loaded 2 times (x 84B)
Class org.jetbrains.kotlin.backend.jvm.JvmLoweringPhasesKt$jvmFilePhases$45           : loaded 2 times (x 125B)
Class [Lorg.jetbrains.kotlin.backend.common.phaser.CompilerPhase;                     : loaded 2 times (x 69B)
Class kotlin.jvm.functions.Function13                                                 : loaded 2 times (x 70B)
Class org.jetbrains.kotlin.com.intellij.reference.SoftReference                       : loaded 2 times (x 82B)
Class org.jetbrains.kotlin.backend.jvm.JvmLoweredStatementOrigin                      : loaded 2 times (x 71B)
Class kotlin.KotlinNullPointerException                                               : loaded 2 times (x 83B)
Class Build_gradle$1$1$1                                                              : loaded 2 times (x 78B)
Class org.jetbrains.kotlin.codegen.AbstractClassBuilder$1                             : loaded 2 times (x 104B)
Class org.jetbrains.kotlin.backend.jvm.lower.JvmLocalDeclarationsLoweringKt           : loaded 2 times (x 71B)
Class org.jetbrains.kotlin.load.kotlin.TypeMappingMode$WhenMappings                   : loaded 2 times (x 71B)
Class org.jetbrains.kotlin.backend.jvm.caches.CollectionStubComputer$LazyStubsForCollectionClass: loaded 2 times (x 77B)
Class org.jetbrains.kotlin.backend.jvm.ir.JvmIrBuilder                                : loaded 2 times (x 80B)
Class org.jetbrains.kotlin.backend.jvm.intrinsics.JvmInvokeDynamic                    : loaded 2 times (x 73B)
Class org.jetbrains.kotlin.ir.builders.declarations.IrPropertyBuilder                 : loaded 2 times (x 73B)
Class org.jetbrains.kotlin.codegen.ClassNameCollectionClassBuilderFactory             : loaded 2 times (x 86B)
Class org.jetbrains.kotlin.descriptors.impl.MutablePackageFragmentDescriptor          : loaded 2 times (x 140B)
Class org.jetbrains.kotlin.com.google.common.collect.Iterators$SingletonIterator      : loaded 2 times (x 81B)
Class org.jetbrains.kotlin.codegen.intrinsics.ArraySize                               : loaded 2 times (x 79B)
Class org.jetbrains.kotlin.backend.common.DuplicateIrNodeError                        : loaded 2 times (x 82B)
Class org.jetbrains.kotlin.ir.visitors.IrElementVisitorVoid$DefaultImpls              : loaded 2 times (x 71B)
Class org.jetbrains.kotlin.ir.expressions.impl.IrDelegatingConstructorCallImpl$Companion: loaded 2 times (x 71B)
Class org.jetbrains.kotlin.ir.util.AdditionalIrUtilsKt                                : loaded 2 times (x 71B)
Class [Lorg.jetbrains.kotlin.descriptors.impl.DeclarationDescriptorImpl;              : loaded 2 times (x 69B)
Class org.jetbrains.kotlin.resolve.scopes.MemberScope                                 : loaded 2 times (x 70B)
Class org.jetbrains.kotlin.resolve.constants.UnsignedValueConstant                    : loaded 2 times (x 76B)
Class org.jetbrains.kotlin.renderer.RenderingFormat$HTML                              : loaded 2 times (x 80B)
Class org.jetbrains.kotlin.diagnostics.PositioningStrategies$SUPERTYPE_INITIALIZED_IN_EXPECTED_CLASS_DIAGNOSTIC$1: loaded 2 times (x 74B)
Class org.jetbrains.kotlin.metadata.ProtoBuf$VersionRequirement                       : loaded 2 times (x 116B)
Class org.jetbrains.kotlin.load.java.structure.JavaWildcardType                       : loaded 2 times (x 70B)
Class org.jetbrains.kotlin.com.google.common.collect.IndexedImmutableSet$1            : loaded 2 times (x 213B)
Class org.jetbrains.kotlin.parsing.TokenStreamPattern                                 : loaded 2 times (x 70B)
Class org.jetbrains.kotlin.psi.KtLambdaArgument                                       : loaded 2 times (x 464B)
Class [Lorg.jetbrains.kotlin.psi.KtExpression;                                        : loaded 2 times (x 69B)
Class org.jetbrains.kotlin.KtNodeType                                                 : loaded 2 times (x 76B)
Class org.jetbrains.kotlin.resolve.AnnotationsKt                                      : loaded 2 times (x 71B)
Class org.jetbrains.kotlin.load.kotlin.PackageAndMetadataPartProvider                 : loaded 2 times (x 70B)
Class org.jetbrains.kotlin.resolve.jvm.KotlinJavaPsiFacade$1                          : loaded 2 times (x 78B)
Class [Lorg.jetbrains.kotlin.com.intellij.psi.search.GlobalSearchScope;               : loaded 2 times (x 69B)
Class org.jetbrains.kotlin.com.intellij.psi.util.CachedValuesManager                  : loaded 2 times (x 80B)
Class org.jetbrains.kotlin.com.fasterxml.aalto.in.ByteSourceBootstrapper              : loaded 2 times (x 85B)
Class org.jetbrains.kotlin.com.intellij.ide.plugins.ReadModuleContext                 : loaded 2 times (x 70B)
Class org.jetbrains.kotlin.com.intellij.openapi.util.NotNullLazyValue$2               : loaded 2 times (x 77B)
Class org.jetbrains.kotlin.com.intellij.psi.PsiQualifiedNamedElement                  : loaded 2 times (x 70B)
Class org.jetbrains.kotlin.com.intellij.openapi.fileTypes.LanguageFileType            : loaded 2 times (x 90B)
Class org.jetbrains.kotlin.com.intellij.util.Java11Shim                               : loaded 2 times (x 70B)
Class org.jetbrains.kotlin.com.intellij.diagnostic.PluginException                    : loaded 2 times (x 85B)
Class org.jetbrains.kotlin.com.intellij.psi.impl.source.CharTableImpl                 : loaded 2 times (x 76B)
Class [Lorg.jetbrains.kotlin.com.intellij.openapi.extensions.ExtensionPoint$Kind;     : loaded 2 times (x 69B)
Class org.jetbrains.kotlin.com.intellij.util.pico.DefaultPicoContainer$InstanceComponentAdapter: loaded 2 times (x 77B)
Class org.jetbrains.kotlin.com.intellij.util.messages.impl.CompositeMessageBusKt      : loaded 2 times (x 71B)
Class org.jetbrains.kotlin.backend.jvm.JvmLoweringPhasesKt$jvmLoweringPhases$5        : loaded 2 times (x 125B)
Class org.jetbrains.kotlin.backend.jvm.JvmLoweringPhasesKt$jvmFilePhases$46           : loaded 2 times (x 125B)
Class org.jetbrains.kotlin.ir.declarations.IrModuleFragment                           : loaded 2 times (x 91B)
Class kotlin.jvm.functions.Function14                                                 : loaded 2 times (x 70B)
Class org.jetbrains.kotlin.storage.LockBasedStorageManager                            : loaded 2 times (x 108B)
Class org.jetbrains.kotlin.it.unimi.dsi.fastutil.ints.AbstractInt2ObjectMap           : loaded 2 times (x 210B)
Class kotlin.ranges.RangesKt___RangesKt                                               : loaded 2 times (x 71B)
Class [Lorg.jetbrains.kotlin.config.ExplicitApiMode;                                  : loaded 2 times (x 69B)
Class com.google.common.collect.RegularImmutableBiMap                                 : loaded 2 times (x 148B)
Class com.google.common.cache.LocalCache$ValueReference                               : loaded 2 times (x 70B)
Class com.google.common.base.CharMatcher$Negated                                      : loaded 2 times (x 113B)
Class com.google.common.base.CharMatcher$Is                                           : loaded 2 times (x 111B)
Class org.jetbrains.kotlin.util.slicedMap.SetSlice$Companion                          : loaded 2 times (x 71B)
Class org.jetbrains.kotlin.resolve.scopes.LazyScopeAdapter                            : loaded 2 times (x 101B)
Class org.jetbrains.kotlin.com.google.common.collect.ImmutableEnumSet                 : loaded 2 times (x 146B)
Class org.jetbrains.org.objectweb.asm.Opcodes                                         : loaded 2 times (x 70B)
Class org.jetbrains.kotlin.codegen.optimization.OptimizationMethodVisitor             : loaded 2 times (x 106B)
Class org.jetbrains.kotlin.codegen.AbstractClassBuilder$2                             : loaded 2 times (x 77B)
Class org.jetbrains.kotlin.backend.jvm.lower.GenerateMultifileFacadesKt               : loaded 2 times (x 71B)
Class org.jetbrains.kotlin.backend.jvm.lower.ToArrayLoweringKt                        : loaded 2 times (x 71B)
Class org.jetbrains.kotlin.types.AbstractTypeMapper                                   : loaded 2 times (x 71B)
Class org.jetbrains.kotlin.load.kotlin.JvmDescriptorTypeWriter                        : loaded 2 times (x 76B)
Class org.jetbrains.kotlin.backend.jvm.intrinsics.HashCode                            : loaded 2 times (x 73B)
Class org.jetbrains.kotlin.backend.jvm.intrinsics.JavaClassProperty                   : loaded 2 times (x 73B)
Class org.jetbrains.kotlin.codegen.intrinsics.StringPlus                              : loaded 2 times (x 78B)
Class org.jetbrains.kotlin.codegen.intrinsics.StringGetChar                           : loaded 2 times (x 78B)
Class org.jetbrains.kotlin.codegen.state.GenerationState$GenerateClassFilter          : loaded 2 times (x 77B)
Class org.jetbrains.kotlin.ir.expressions.impl.IrCompositeImpl                        : loaded 2 times (x 110B)
Class org.jetbrains.kotlin.ir.descriptors.IrBasedCallableDescriptor                   : loaded 2 times (x 169B)
Class org.jetbrains.kotlin.ir.descriptors.IrBasedDeclarationDescriptor$annotations$2  : loaded 2 times (x 125B)
Class org.jetbrains.kotlin.ir.interpreter.checker.IrInterpreterCheckerData            : loaded 2 times (x 72B)
Class [Lorg.jetbrains.kotlin.ir.expressions.IrStatementOriginImpl;                    : loaded 2 times (x 69B)
Class org.jetbrains.kotlin.backend.jvm.JvmIrSpecialAnnotationSymbolProvider           : loaded 2 times (x 76B)
Class org.jetbrains.kotlin.serialization.deserialization.MemberDeserializer           : loaded 2 times (x 72B)
Class org.jetbrains.kotlin.diagnostics.PositioningStrategies$ModifierSetBasedPositioningStrategy: loaded 2 times (x 75B)
Class org.jetbrains.kotlin.types.model.TypeVariableMarker                             : loaded 2 times (x 70B)
Class kotlin.coroutines.jvm.internal.Boxing                                           : loaded 2 times (x 71B)
Class org.jetbrains.kotlin.resolve.calls.inference.components.ConstraintInjector$Context: loaded 2 times (x 70B)
Class org.jetbrains.kotlin.types.AbstractTypeChecker                                  : loaded 2 times (x 71B)
Class [Lorg.jetbrains.kotlin.load.java.typeEnhancement.TypeComponentPosition;         : loaded 2 times (x 69B)
Class org.jetbrains.kotlin.it.unimi.dsi.fastutil.objects.Object2ObjectOpenHashMap$KeySet: loaded 2 times (x 180B)
Class org.jetbrains.kotlin.utils.SmartList$SingletonIteratorBase                      : loaded 2 times (x 81B)
Class org.jetbrains.kotlin.descriptors.SourceElement$1                                : loaded 2 times (x 74B)
Class org.jetbrains.kotlin.mpp.TypeParameterSymbolMarker                              : loaded 2 times (x 70B)
Class kotlin.collections.ArrayDeque$Companion                                         : loaded 2 times (x 71B)
Class org.jetbrains.kotlin.types.model.TypeSubstitutorMarker                          : loaded 2 times (x 70B)
Class org.jetbrains.kotlin.psi.KtWhenCondition                                        : loaded 2 times (x 376B)
Class org.jetbrains.kotlin.psi.KtPostfixExpression                                    : loaded 2 times (x 502B)
Class org.jetbrains.kotlin.psi.KtStringTemplateEntryWithExpression                    : loaded 2 times (x 444B)
Class org.jetbrains.kotlin.psi.stubs.impl.KotlinTypeBean                              : loaded 2 times (x 70B)
Class [Lorg.jetbrains.kotlin.psi.KtDeclarationContainer;                              : loaded 2 times (x 69B)
Class org.jetbrains.kotlin.resolve.checkers.CyclicAnnotationsChecker                  : loaded 2 times (x 74B)
Class org.jetbrains.kotlin.descriptors.annotations.Annotated                          : loaded 2 times (x 70B)
Class org.jetbrains.kotlin.platform.TargetPlatformKt                                  : loaded 2 times (x 71B)
Class org.jetbrains.kotlin.platform.SimplePlatform                                    : loaded 2 times (x 75B)
Class org.jetbrains.kotlin.resolve.jvm.KotlinJavaPsiFacade$2                          : loaded 2 times (x 77B)
Class org.jetbrains.kotlin.com.intellij.openapi.util.io.FileUtilRt                    : loaded 2 times (x 71B)
Class org.jetbrains.kotlin.com.intellij.psi.impl.PsiConstantEvaluationHelperImpl      : loaded 2 times (x 74B)
Class org.jetbrains.kotlin.asJava.classes.KtUltraLightSupport                         : loaded 2 times (x 70B)
Class org.jetbrains.kotlin.com.intellij.openapi.util.RecursionGuard$StackStamp        : loaded 2 times (x 70B)
Class [Lorg.jetbrains.kotlin.com.intellij.psi.PsiAnnotationOwner;                     : loaded 2 times (x 69B)
Class org.jetbrains.kotlin.com.intellij.psi.TypeAnnotationProvider$Static             : loaded 2 times (x 75B)
Class org.jetbrains.kotlin.com.intellij.lang.java.parser.BasicJavaParserUtil$ParserWrapper: loaded 2 times (x 70B)
Class org.jetbrains.kotlin.com.intellij.openapi.project.DumbService                   : loaded 2 times (x 76B)
Class org.jetbrains.kotlin.com.intellij.psi.util.JavaClassSupers                      : loaded 2 times (x 73B)
Class org.jetbrains.kotlin.com.intellij.psi.PsiClass                                  : loaded 2 times (x 70B)
Class org.jetbrains.kotlin.com.intellij.psi.JavaDirectoryService                      : loaded 2 times (x 85B)
Class org.jetbrains.kotlin.com.intellij.psi.impl.source.javadoc.PsiDocTagValueImpl    : loaded 2 times (x 449B)
Class org.jetbrains.kotlin.com.intellij.psi.impl.source.tree.PsiPlainTextImpl         : loaded 2 times (x 360B)
Class [Lorg.jetbrains.kotlin.com.intellij.openapi.util.UserDataHolderEx;              : loaded 2 times (x 69B)
Class org.jetbrains.kotlin.com.intellij.util.messages.impl.MessageBusEx               : loaded 2 times (x 70B)
Class org.jetbrains.kotlin.com.intellij.openapi.util.registry.EarlyAccessRegistryManagerKt$lazyMap$1: loaded 2 times (x 78B)
Class org.jetbrains.kotlin.com.intellij.openapi.diagnostic.Attachment                 : loaded 2 times (x 72B)
Class kotlin.text.CharsKt__CharKt                                                     : loaded 2 times (x 71B)
Class org.jetbrains.kotlin.backend.common.lower.InitializersCleanupLowering           : loaded 2 times (x 88B)
Class org.jetbrains.kotlin.backend.jvm.JvmLoweringPhasesKt$jvmFilePhases$47           : loaded 2 times (x 125B)
Class org.jetbrains.kotlin.backend.jvm.JvmLoweringPhasesKt$jvmFilePhases$10           : loaded 2 times (x 125B)
Class org.jetbrains.kotlin.backend.common.phaser.CompositePhase                       : loaded 2 times (x 77B)
Class kotlin.jvm.functions.Function15                                                 : loaded 2 times (x 70B)
Class kotlin.collections.ArraysKt                                                     : loaded 2 times (x 71B)
Class org.jetbrains.kotlin.cli.common.arguments.CommonToolArguments                   : loaded 2 times (x 73B)
Class com.google.common.util.concurrent.AbstractFuture$Failure                        : loaded 2 times (x 72B)
Class com.google.common.base.Equivalence$Equals                                       : loaded 2 times (x 82B)
Class com.google.common.collect.Hashing                                               : loaded 2 times (x 71B)
Class com.google.common.base.PatternCompiler                                          : loaded 2 times (x 70B)
Class com.google.common.base.Preconditions                                            : loaded 2 times (x 71B)
Class org.jetbrains.kotlin.codegen.optimization.boxing.RedundantBoxingInterpreter$Companion: loaded 2 times (x 71B)
Class org.jetbrains.kotlin.codegen.inline.MethodInliner$doInline$lambdaInliner$1      : loaded 2 times (x 191B)
Class org.jetbrains.kotlin.ir.descriptors.IrBasedPropertyDescriptor                   : loaded 2 times (x 391B)
Class org.jetbrains.kotlin.backend.jvm.codegen.ExpressionCodegen                      : loaded 2 times (x 170B)
Class org.jetbrains.kotlin.codegen.AbstractClassBuilder$3                             : loaded 2 times (x 76B)
Class org.jetbrains.kotlin.types.DelegatingSimpleType                                 : loaded 2 times (x 95B)
Class org.jetbrains.kotlin.backend.common.lower.SpecialMethodWithDefaultInfo          : loaded 2 times (x 72B)
Class org.jetbrains.kotlin.codegen.state.LazyJvmDiagnostics                           : loaded 2 times (x 98B)
Class org.jetbrains.kotlin.codegen.state.GenerationState                              : loaded 2 times (x 72B)
Class org.jetbrains.kotlin.ir.visitors.IrElementTransformerVoidKt                     : loaded 2 times (x 71B)
Class org.jetbrains.kotlin.ir.util.SymbolRemapper                                     : loaded 2 times (x 70B)
Class org.jetbrains.kotlin.ir.util.SymbolTableSlice$Scoped                            : loaded 2 times (x 74B)
Class org.jetbrains.kotlin.ir.expressions.IrTypeOperatorCall                          : loaded 2 times (x 109B)
Class org.jetbrains.kotlin.descriptors.impl.ModuleDependenciesImpl                    : loaded 2 times (x 78B)
Class org.jetbrains.kotlin.resolve.constants.UShortValue                              : loaded 2 times (x 76B)
Class org.jetbrains.kotlin.renderer.DescriptorRenderer$ValueParametersHandler$DEFAULT : loaded 2 times (x 77B)
Class org.jetbrains.kotlin.builtins.functions.BuiltInFictitiousFunctionClassFactory   : loaded 2 times (x 77B)
Class org.jetbrains.kotlin.descriptors.DescriptorVisibility                           : loaded 2 times (x 78B)
Class org.jetbrains.kotlin.diagnostics.PositioningStrategies$LONG_LITERAL_SUFFIX$1    : loaded 2 times (x 74B)
Class org.jetbrains.kotlin.resolve.calls.model.PostponedResolvedAtomMarker            : loaded 2 times (x 70B)
Class org.jetbrains.kotlin.resolve.calls.inference.model.ConstraintStorage            : loaded 2 times (x 70B)
Class org.jetbrains.kotlin.metadata.ProtoBuf$Expression$1                             : loaded 2 times (x 144B)
Class org.jetbrains.kotlin.builtins.jvm.JavaToKotlinClassMap                          : loaded 2 times (x 71B)
Class org.jetbrains.kotlin.load.java.structure.impl.source.JavaElementPsiSourceWithFixedPsi: loaded 2 times (x 74B)
Class [Lorg.jetbrains.kotlin.descriptors.Modality;                                    : loaded 2 times (x 69B)
Class org.jetbrains.kotlin.psi.KtThisExpression                                       : loaded 2 times (x 438B)
Class org.jetbrains.kotlin.com.intellij.psi.impl.source.SubstrateRef                  : loaded 2 times (x 76B)
Class org.jetbrains.kotlin.psi.stubs.elements.KtConstantExpressionElementType         : loaded 2 times (x 100B)
Class org.jetbrains.kotlin.resolve.checkers.ExplicitApiDeclarationChecker$Companion   : loaded 2 times (x 71B)
Class org.jetbrains.kotlin.resolve.checkers.DelegationChecker                         : loaded 2 times (x 74B)
Class [Lorg.jetbrains.kotlin.types.model.KotlinTypeMarker;                            : loaded 2 times (x 69B)
Class kotlin.coroutines.EmptyCoroutineContext                                         : loaded 2 times (x 77B)
Class org.jetbrains.kotlin.com.intellij.ide.plugins.PluginDescriptorLoader            : loaded 2 times (x 71B)
Class org.jetbrains.kotlin.com.intellij.openapi.util.NotNullLazyValue$4               : loaded 2 times (x 77B)
Class org.jetbrains.kotlin.com.intellij.openapi.util.NotNullLazyValue                 : loaded 2 times (x 77B)
Class org.jetbrains.kotlin.com.intellij.psi.compiled.ClassFileDecompilers$Full        : loaded 2 times (x 77B)
Class org.jetbrains.kotlin.com.intellij.openapi.extensions.SmartExtensionPoint$1      : loaded 2 times (x 82B)
Class org.jetbrains.kotlin.com.intellij.psi.impl.source.tree.java.PsiFragmentImpl     : loaded 2 times (x 547B)
Class org.jetbrains.kotlin.com.intellij.psi.impl.source.tree.OwnBufferLeafPsiElement  : loaded 2 times (x 305B)
Class org.jetbrains.kotlin.com.intellij.lang.MetaLanguage                             : loaded 2 times (x 109B)
Class org.jetbrains.kotlin.com.intellij.codeInsight.highlighting.PassRunningAssert    : loaded 2 times (x 72B)
Class org.jetbrains.kotlin.com.intellij.openapi.util.registry.RegistryValueListener   : loaded 2 times (x 70B)
Class org.jetbrains.kotlin.backend.jvm.JvmLoweringPhasesKt$jvmLoweringPhases$7        : loaded 2 times (x 80B)
Class org.jetbrains.kotlin.backend.jvm.lower.AddContinuationLowering                  : loaded 2 times (x 80B)
Class org.jetbrains.kotlin.backend.jvm.JvmLoweringPhasesKt$jvmFilePhases$48           : loaded 2 times (x 125B)
Class org.jetbrains.kotlin.backend.jvm.JvmLoweringPhasesKt$jvmFilePhases$11           : loaded 2 times (x 125B)
Class kotlin.collections.SetsKt__SetsKt                                               : loaded 2 times (x 71B)
Class kotlin.jvm.functions.Function16                                                 : loaded 2 times (x 70B)
Class kotlin.reflect.jvm.internal.KProperty0Impl                                      : loaded 2 times (x 128B)
Class kotlin.LazyKt                                                                   : loaded 2 times (x 71B)
Class com.google.common.base.Joiner$1                                                 : loaded 2 times (x 80B)
Class org.objectweb.asm.Label                                                         : loaded 2 times (x 73B)
Class org.objectweb.asm.CurrentFrame                                                  : loaded 2 times (x 73B)
Class org.objectweb.asm.ClassTooLargeException                                        : loaded 2 times (x 83B)
Class com.google.common.collect.PeekingIterator                                       : loaded 2 times (x 70B)
Class com.google.common.base.CharMatcher                                              : loaded 2 times (x 111B)
Class org.jetbrains.kotlin.com.intellij.util.messages.impl.MessageBusImpl$dispose$2   : loaded 2 times (x 79B)
Class org.jetbrains.kotlin.cli.common.messages.AnalyzerWithCompilerReport             : loaded 2 times (x 78B)
Class org.jetbrains.kotlin.codegen.inline.InlineCodegen$Companion                     : loaded 2 times (x 71B)
Class org.jetbrains.kotlin.codegen.inline.InlineCodegen                               : loaded 2 times (x 74B)
Class [Lorg.jetbrains.kotlin.types.TypeProjection;                                    : loaded 2 times (x 69B)
Class org.jetbrains.kotlin.backend.jvm.codegen.TypeAnnotationPosition$FieldType       : loaded 2 times (x 72B)
Class org.jetbrains.kotlin.codegen.optimization.temporaryVals.TemporaryVariablesEliminationTransformer$ControlFlowGraph: loaded 2 times (x 72B)
Class org.jetbrains.kotlin.codegen.optimization.ConstantConditionEliminationMethodTransformer: loaded 2 times (x 72B)
Class org.jetbrains.kotlin.backend.jvm.codegen.LineNumberMapper                       : loaded 2 times (x 72B)
Class org.jetbrains.kotlin.backend.jvm.codegen.TypeAnnotationPosition$FunctionReturnType: loaded 2 times (x 72B)
Class org.jetbrains.org.objectweb.asm.RecordComponentWriter                           : loaded 2 times (x 78B)
Class org.jetbrains.kotlin.load.kotlin.MethodSignatureBuildingUtilsKt                 : loaded 2 times (x 71B)
Class org.jetbrains.kotlin.types.DefinitelyNotNullType                                : loaded 2 times (x 102B)
Class org.jetbrains.kotlin.types.FlexibleTypesKt                                      : loaded 2 times (x 71B)
Class org.jetbrains.kotlin.codegen.optimization.common.UtilKt                         : loaded 2 times (x 71B)
Class org.jetbrains.kotlin.backend.jvm.lower.RenameFieldsLowering$lower$$inlined$sortBy$1: loaded 2 times (x 89B)
Class org.jetbrains.kotlin.backend.jvm.lower.AddContinuationLowering$addContinuationObjectAndContinuationParameterToSuspendFunctions$1: loaded 2 times (x 501B)
Class [Lorg.jetbrains.kotlin.ir.declarations.IrValueDeclaration;                      : loaded 2 times (x 69B)
Class org.jetbrains.kotlin.resolve.calls.components.BuiltInsProvider                  : loaded 2 times (x 70B)
Class org.jetbrains.kotlin.codegen.intrinsics.Java8UIntCompare                        : loaded 2 times (x 79B)
Class org.jetbrains.kotlin.codegen.state.GenerationState$GenerateClassFilter$Companion$GENERATE_ALL$1: loaded 2 times (x 77B)
Class org.jetbrains.kotlin.ir.interpreter.IrInterpreter                               : loaded 2 times (x 72B)
Class org.jetbrains.kotlin.ir.types.IrTypeCheckerStateKt                              : loaded 2 times (x 71B)
Class [Lorg.jetbrains.kotlin.ir.IrElement;                                            : loaded 2 times (x 69B)
Class org.jetbrains.kotlin.types.checker.NewKotlinTypeChecker$Companion               : loaded 2 times (x 71B)
Class org.jetbrains.kotlin.resolve.sam.SamConversionResolver                          : loaded 2 times (x 70B)
Class org.jetbrains.kotlin.metadata.builtins.ReadPackageFragmentKt                    : loaded 2 times (x 71B)
Class kotlin.InitializedLazyImpl                                                      : loaded 2 times (x 76B)
Class org.jetbrains.kotlin.types.TypeApproximatorConfiguration$LocalDeclaration       : loaded 2 times (x 87B)
Class [Lorg.jetbrains.kotlin.resolve.calls.inference.model.ConstraintKind;            : loaded 2 times (x 69B)
Class org.jetbrains.kotlin.load.java.structure.impl.classFiles.PlainJavaEnumValueAnnotationArgument: loaded 2 times (x 80B)
Class org.jetbrains.kotlin.metadata.ProtoBuf$ExpressionOrBuilder                      : loaded 2 times (x 70B)
Class org.jetbrains.kotlin.parsing.AbstractKotlinParsing$AtSet                        : loaded 2 times (x 78B)
Class [Lorg.jetbrains.kotlin.metadata.ProtoBuf$Type$Argument$Projection;              : loaded 2 times (x 69B)
Class org.jetbrains.kotlin.com.intellij.util.containers.ConcurrentWeakKeySoftValueHashMap$WeakKey: loaded 2 times (x 87B)
Class org.jetbrains.kotlin.com.intellij.util.containers.ConcurrentWeakKeySoftValueHashMap$SoftValue: loaded 2 times (x 87B)
Class org.jetbrains.kotlin.resolve.calls.checkers.ReifiedTypeParameterSubstitutionChecker: loaded 2 times (x 75B)
Class org.jetbrains.kotlin.com.intellij.psi.tree.IElementType$TombstoneElementType    : loaded 2 times (x 75B)
Class org.jetbrains.kotlin.psi.KtLabelReferenceExpression                             : loaded 2 times (x 569B)
Class [Lorg.jetbrains.kotlin.psi.KtStatementExpression;                               : loaded 2 times (x 69B)
Class org.jetbrains.kotlin.psi.stubs.KotlinStubWithFqName                             : loaded 2 times (x 70B)
Class org.jetbrains.kotlin.metadata.jvm.deserialization.ModuleMappingKt               : loaded 2 times (x 71B)
Class [Lorg.jetbrains.kotlin.com.intellij.lang.jvm.JvmElement;                        : loaded 2 times (x 69B)
Class org.jetbrains.kotlin.com.intellij.core.CorePsiDocumentManager                   : loaded 2 times (x 133B)
Class org.jetbrains.kotlin.com.intellij.psi.PsiElementFinder                          : loaded 2 times (x 83B)
Class org.jetbrains.kotlin.load.kotlin.KotlinBinaryClassCache$cache$1                 : loaded 2 times (x 83B)
Class org.jetbrains.kotlin.com.fasterxml.aalto.in.AttributeCollector                  : loaded 2 times (x 72B)
Class org.jetbrains.kotlin.org.codehaus.stax2.XMLStreamLocation2                      : loaded 2 times (x 70B)
Class org.jetbrains.kotlin.org.codehaus.stax2.ri.typed.ValueDecoderFactory$BooleanDecoder: loaded 2 times (x 81B)
Class org.jetbrains.kotlin.com.intellij.openapi.extensions.SimpleSmartExtensionPoint  : loaded 2 times (x 74B)
Class org.jetbrains.kotlin.com.intellij.psi.PsiField                                  : loaded 2 times (x 70B)
Class org.jetbrains.kotlin.com.intellij.psi.impl.PsiSubstitutorFactoryImpl            : loaded 2 times (x 74B)
Class org.jetbrains.kotlin.com.intellij.psi.javadoc.PsiSnippetAttributeValue          : loaded 2 times (x 70B)
Class org.jetbrains.kotlin.com.intellij.psi.impl.source.tree.LazyParseableElement     : loaded 2 times (x 226B)
Class org.jetbrains.kotlin.com.intellij.core.CoreEncodingRegistry                     : loaded 2 times (x 74B)
Class org.jetbrains.kotlin.com.intellij.util.keyFMap.KeyFMap                          : loaded 2 times (x 70B)
Class org.jetbrains.kotlin.cli.jvm.compiler.EnvironmentConfigFiles                    : loaded 2 times (x 79B)
Class org.jetbrains.kotlin.backend.jvm.JvmLoweringPhasesKt$jvmLoweringPhases$8        : loaded 2 times (x 125B)
Class org.jetbrains.kotlin.backend.jvm.lower.RenameFieldsLowering                     : loaded 2 times (x 84B)
Class org.jetbrains.kotlin.backend.jvm.JvmLoweringPhasesKt$jvmFilePhases$49           : loaded 2 times (x 125B)
Class org.jetbrains.kotlin.backend.jvm.lower.StaticCallableReferenceLowering          : loaded 2 times (x 509B)
Class org.jetbrains.kotlin.backend.jvm.JvmLoweringPhasesKt$jvmFilePhases$12           : loaded 2 times (x 125B)
Class org.jetbrains.kotlin.it.unimi.dsi.fastutil.objects.ReferenceSet                 : loaded 2 times (x 70B)
Class kotlin.jvm.functions.Function17                                                 : loaded 2 times (x 70B)
Class org.jetbrains.kotlin.cli.common.messages.MessageCollector$Companion$NONE$1      : loaded 2 times (x 76B)
Class org.jetbrains.kotlin.config.MavenComparableVersion$Item                         : loaded 2 times (x 70B)
Class kotlin.collections.ArraysKt__ArraysJVMKt                                        : loaded 2 times (x 71B)
Class com.google.common.collect.Maps$IteratorBasedAbstractMap                         : loaded 2 times (x 125B)
Class com.google.common.collect.RangeGwtSerializationDependencies                     : loaded 2 times (x 71B)
Class com.google.common.base.Joiner$2                                                 : loaded 2 times (x 79B)
Class org.objectweb.asm.Frame                                                         : loaded 2 times (x 73B)
Class org.objectweb.asm.MethodVisitor                                                 : loaded 2 times (x 105B)
Class com.google.common.cache.LocalCache$EntryFactory$1                               : loaded 2 times (x 83B)
Class [Lcom.google.common.cache.RemovalListener;                                      : loaded 2 times (x 69B)
Class com.google.common.base.CharMatcher$1                                            : loaded 2 times (x 113B)
Class com.google.common.base.CharMatcher$NamedFastMatcher                             : loaded 2 times (x 112B)
Class org.jetbrains.kotlin.com.intellij.util.ThrowableRunnable                        : loaded 2 times (x 70B)
Class org.jetbrains.org.objectweb.asm.util.TraceMethodVisitor                         : loaded 2 times (x 104B)
Class org.jetbrains.kotlin.backend.jvm.codegen.PromisedValueKt$nullConstant$1         : loaded 2 times (x 74B)
Class org.jetbrains.kotlin.resolve.jvm.jvmSignature.JvmClassSignature                 : loaded 2 times (x 76B)
Class org.jetbrains.kotlin.descriptors.impl.VariableDescriptorImpl                    : loaded 2 times (x 226B)
Class org.jetbrains.kotlin.resolve.SinceKotlinAccessibility                           : loaded 2 times (x 71B)
Class org.jetbrains.kotlin.ir.types.IrTypeUtilsKt                                     : loaded 2 times (x 71B)
Class org.jetbrains.kotlin.ir.expressions.IrTypeOperator                              : loaded 2 times (x 79B)
Class org.jetbrains.kotlin.ir.expressions.IrFieldAccessExpression                     : loaded 2 times (x 112B)
Class org.jetbrains.kotlin.serialization.deserialization.DeserializationContext       : loaded 2 times (x 72B)
Class org.jetbrains.kotlin.types.SimpleType                                           : loaded 2 times (x 93B)
Class org.jetbrains.kotlin.backend.jvm.JvmSymbols                                     : loaded 2 times (x 99B)
Class org.jetbrains.kotlin.ir.symbols.IrPackageFragmentSymbol                         : loaded 2 times (x 70B)
Class org.jetbrains.kotlin.resolve.AnnotationTargetLists                              : loaded 2 times (x 71B)
Class org.jetbrains.kotlin.resolve.calls.inference.components.ConstraintSystemCompletionMode: loaded 2 times (x 79B)
Class org.jetbrains.kotlin.metadata.jvm.JvmProtoBuf$JvmPropertySignature$1            : loaded 2 times (x 144B)
Class org.jetbrains.org.objectweb.asm.MethodWriter                                    : loaded 2 times (x 105B)
Class org.jetbrains.kotlin.com.intellij.util.containers.ImmutableList$Itr             : loaded 2 times (x 82B)
Class org.jetbrains.kotlin.load.java.SpecialGenericSignatures$TypeSafeBarrierDescription: loaded 2 times (x 80B)
Class org.jetbrains.kotlin.util.NullableArrayMapAccessor                              : loaded 2 times (x 74B)
Class org.jetbrains.kotlin.container.ConstructorInfo                                  : loaded 2 times (x 72B)
Class org.jetbrains.kotlin.resolve.calls.checkers.UnderscoreUsageChecker              : loaded 2 times (x 74B)
Class org.jetbrains.kotlin.descriptors.ConstructorDescriptor                          : loaded 2 times (x 70B)
Class org.jetbrains.kotlin.descriptors.ValidateableDescriptor                         : loaded 2 times (x 70B)
Class [Lorg.jetbrains.kotlin.psi.KtSimpleNameStringTemplateEntry;                     : loaded 2 times (x 69B)
Class org.jetbrains.kotlin.com.intellij.psi.tree.IReparseableElementType              : loaded 2 times (x 94B)
Class org.jetbrains.kotlin.metadata.ProtoBuf$EnumEntryOrBuilder                       : loaded 2 times (x 70B)
Class org.jetbrains.kotlin.metadata.jvm.deserialization.JvmMetadataVersion$Companion  : loaded 2 times (x 71B)
Class [Lorg.jetbrains.kotlin.it.unimi.dsi.fastutil.objects.AbstractObject2ObjectMap;  : loaded 2 times (x 69B)
Class org.jetbrains.kotlin.com.intellij.openapi.util.KeyedExtensionCollector$MyExtensionPointListener: loaded 2 times (x 79B)
Class org.jetbrains.kotlin.com.intellij.psi.impl.file.PsiPackageBase                  : loaded 2 times (x 420B)
Class org.jetbrains.kotlin.com.intellij.psi.impl.source.tree.TreeElementVisitor       : loaded 2 times (x 73B)
Class org.jetbrains.kotlin.org.codehaus.stax2.ri.typed.ValueDecoderFactory$IntDecoder : loaded 2 times (x 81B)
Class kotlinx.coroutines.scheduling.TaskContextImpl                                   : loaded 2 times (x 75B)
Class org.jetbrains.kotlin.com.intellij.psi.PsiNameIdentifierOwner                    : loaded 2 times (x 70B)
Class org.jetbrains.kotlin.com.intellij.openapi.extensions.SortingException           : loaded 2 times (x 82B)
Class org.jetbrains.kotlin.com.intellij.lexer.EmptyLexer                              : loaded 2 times (x 84B)
Class [Lorg.jetbrains.kotlin.com.intellij.openapi.util.UserDataHolder;                : loaded 2 times (x 69B)
Class org.jetbrains.kotlin.com.intellij.util.messages.impl.MessageBusConnectionImpl   : loaded 2 times (x 87B)
Class org.jetbrains.kotlin.com.intellij.psi.FileTypeFileViewProviders                 : loaded 2 times (x 90B)
Class org.jetbrains.kotlin.backend.jvm.JvmLoweringPhasesKt$jvmLoweringPhases$9        : loaded 2 times (x 125B)
Class org.jetbrains.kotlin.backend.jvm.ir.IrInlineReferenceLocator                    : loaded 2 times (x 330B)
Class org.jetbrains.kotlin.backend.jvm.JvmLoweringPhasesKt$jvmFilePhases$13           : loaded 2 times (x 125B)
Class org.jetbrains.kotlin.backend.common.ClassLoweringPass                           : loaded 2 times (x 70B)
Class kotlin.jvm.functions.Function18                                                 : loaded 2 times (x 70B)
Class org.jetbrains.kotlin.load.java.JavaNullabilityAnnotationsStatus$Companion       : loaded 2 times (x 71B)
Class kotlin.text.StringsKt__StringBuilderKt                                          : loaded 2 times (x 71B)
Class kotlin.jvm.internal.CallableReference$NoReceiver                                : loaded 2 times (x 71B)
Class com.google.common.collect.RangeSet                                              : loaded 2 times (x 70B)
Class com.google.common.cache.LocalCache$EntryFactory$2                               : loaded 2 times (x 83B)
Class org.gradle.api.internal.classpath.GlobalCacheRootsProvider                      : loaded 2 times (x 70B)
Class org.jetbrains.kotlin.util.slicedMap.SetSlice                                    : loaded 2 times (x 103B)
Class org.jetbrains.kotlin.codegen.optimization.boxing.RedundantBoxedValuesCollection : loaded 2 times (x 84B)
Class org.jetbrains.kotlin.resolve.source.PsiSourceElement                            : loaded 2 times (x 70B)
Class org.jetbrains.kotlin.ir.descriptors.IrBasedPropertySetterDescriptor             : loaded 2 times (x 490B)
Class org.jetbrains.kotlin.types.error.ErrorModuleDescriptor                          : loaded 2 times (x 109B)
Class org.jetbrains.kotlin.backend.common.lower.inline.SyntheticAccessorGenerator     : loaded 2 times (x 78B)
Class org.jetbrains.kotlin.backend.common.lower.ProvisionalFunctionExpressionLoweringContext: loaded 2 times (x 72B)
Class org.jetbrains.kotlin.backend.jvm.lower.SingletonObjectJvmStaticTransformer      : loaded 2 times (x 501B)
Class org.jetbrains.kotlin.ir.interpreter.preprocessor.IrInterpreterPreprocessorData  : loaded 2 times (x 72B)
Class org.jetbrains.kotlin.codegen.ClassFileFactory$ModuleMappingException            : loaded 2 times (x 82B)
Class org.jetbrains.kotlin.codegen.context.FieldOwnerContext                          : loaded 2 times (x 111B)
Class org.jetbrains.kotlin.resolve.deprecation.DeprecationResolver$DeprecationInfo    : loaded 2 times (x 72B)
Class org.jetbrains.kotlin.util.slicedMap.BasicWritableSlice                          : loaded 2 times (x 101B)
Class [Lorg.jetbrains.kotlin.mpp.ClassifierSymbolMarker;                              : loaded 2 times (x 69B)
Class org.jetbrains.kotlin.types.AbstractTypePreparator$Default                       : loaded 2 times (x 72B)
Class org.jetbrains.kotlin.ir.declarations.IrEnumEntry                                : loaded 2 times (x 125B)
Class org.jetbrains.kotlin.ir.util.ReferenceSymbolTable                               : loaded 2 times (x 70B)
Class org.jetbrains.kotlin.ir.symbols.impl.IrExternalPackageFragmentSymbolImpl        : loaded 2 times (x 93B)
Class org.jetbrains.kotlin.builtins.KotlinBuiltIns$1                                  : loaded 2 times (x 77B)
Class org.jetbrains.kotlin.resolve.calls.results.FlatSignature                        : loaded 2 times (x 72B)
Class org.jetbrains.kotlin.resolve.calls.inference.components.ConstraintIncorporator$Context: loaded 2 times (x 70B)
Class org.jetbrains.kotlin.load.java.structure.JavaArrayAnnotationArgument            : loaded 2 times (x 70B)
Class org.jetbrains.kotlin.serialization.deserialization.ProtoEnumFlags$WhenMappings  : loaded 2 times (x 71B)
Class org.jetbrains.kotlin.com.google.common.collect.AbstractIndexedListIterator      : loaded 2 times (x 96B)
Class kotlin.reflect.KMutableProperty$Setter                                          : loaded 2 times (x 70B)
Class org.jetbrains.kotlin.resolve.checkers.DeclarationCheckerContext                 : loaded 2 times (x 78B)
Class org.jetbrains.kotlin.resolve.lazy.AbsentDescriptorHandler                       : loaded 2 times (x 70B)
Class [Lorg.jetbrains.kotlin.psi.KtClassLikeDeclaration;                              : loaded 2 times (x 69B)
Class org.jetbrains.kotlin.resolve.calls.checkers.SynchronizedByValueChecker          : loaded 2 times (x 74B)
Class [Lorg.jetbrains.kotlin.com.intellij.lang.jvm.JvmPackage;                        : loaded 2 times (x 69B)
Class org.jetbrains.kotlin.codegen.extensions.ClassFileFactoryFinalizerExtension      : loaded 2 times (x 70B)
Class org.jetbrains.kotlin.com.intellij.util.containers.SoftKeySoftValueHashMap$ValueReference: loaded 2 times (x 80B)
Class org.jetbrains.kotlin.com.intellij.openapi.util.RecursionManager$CalculationStack: loaded 2 times (x 72B)
Class org.jetbrains.kotlin.com.intellij.psi.PsiAnnotationOwner                        : loaded 2 times (x 70B)
Class org.jetbrains.kotlin.com.fasterxml.aalto.in.ReaderScanner                       : loaded 2 times (x 124B)
Class org.jetbrains.kotlin.com.fasterxml.aalto.in.ByteBasedScanner                    : loaded 2 times (x 126B)
Class org.jetbrains.kotlin.com.intellij.psi.PsiJvmModifiersOwner                      : loaded 2 times (x 70B)
Class org.jetbrains.kotlin.com.intellij.util.messages.impl.ToDirectChildrenMessagePublisher: loaded 2 times (x 76B)
Class org.jetbrains.kotlin.com.intellij.openapi.command.impl.CoreCommandProcessor$1   : loaded 2 times (x 80B)
Class org.jetbrains.kotlin.com.intellij.psi.stubs.ManyProjectsStubIndexMismatch       : loaded 2 times (x 87B)
Class org.jetbrains.kotlin.com.intellij.psi.PsiReferenceProviderBean                  : loaded 2 times (x 86B)
Class org.jetbrains.kotlin.com.intellij.psi.impl.source.resolve.reference.ReferenceProvidersRegistry: loaded 2 times (x 74B)
Class org.jetbrains.kotlin.com.intellij.psi.impl.ReparseableASTNode                   : loaded 2 times (x 70B)
Class org.jetbrains.kotlin.com.intellij.openapi.application.ModalityState             : loaded 2 times (x 72B)
Class org.jetbrains.kotlin.com.intellij.lang.Language                                 : loaded 2 times (x 107B)
Class org.jetbrains.kotlin.org.picocontainer.MutablePicoContainer                     : loaded 2 times (x 70B)
Class org.jetbrains.kotlin.backend.jvm.lower.AnonymousObjectSuperConstructorLowering  : loaded 2 times (x 518B)
Class org.jetbrains.kotlin.backend.jvm.JvmLoweringPhasesKt$jvmFilePhases$14           : loaded 2 times (x 125B)
Class org.jetbrains.kotlin.backend.common.BackendContext                              : loaded 2 times (x 70B)
Class kotlin.jvm.functions.Function19                                                 : loaded 2 times (x 70B)
Class org.jetbrains.kotlin.utils.DFS$VisitedWithSet                                   : loaded 2 times (x 76B)
Class org.jetbrains.kotlin.load.java.ReportLevel                                      : loaded 2 times (x 79B)
Class kotlin.Lazy                                                                     : loaded 2 times (x 70B)
Class kotlin.NoWhenBranchMatchedException                                             : loaded 2 times (x 82B)
Class com.google.common.collect.CollectCollectors                                     : loaded 2 times (x 71B)
Class org.objectweb.asm.ModuleWriter                                                  : loaded 2 times (x 82B)
Class com.google.common.cache.LocalCache$EntryFactory$3                               : loaded 2 times (x 83B)
Class com.google.common.base.Ticker$1                                                 : loaded 2 times (x 72B)
Class com.google.common.collect.ImmutableMapEntrySet$RegularEntrySet                  : loaded 2 times (x 151B)
Class com.google.common.collect.Maps$BiMapConverter                                   : loaded 2 times (x 90B)
Class org.jetbrains.kotlin.diagnostics.DiagnosticFactory$Companion                    : loaded 2 times (x 71B)
Class org.jetbrains.kotlin.codegen.inline.CoveringTryCatchNodeProcessor               : loaded 2 times (x 74B)
Class org.jetbrains.kotlin.codegen.inline.InliningContext                             : loaded 2 times (x 74B)
Class org.jetbrains.org.objectweb.asm.RecordComponentVisitor                          : loaded 2 times (x 77B)
Class org.jetbrains.org.objectweb.asm.tree.InsnNode                                   : loaded 2 times (x 78B)
Class org.jetbrains.kotlin.backend.jvm.intrinsics.GetClassByDescriptor                : loaded 2 times (x 73B)
Class org.jetbrains.kotlin.utils.SortUtilsKt$topologicalSort$1                        : loaded 2 times (x 74B)
Class org.jetbrains.kotlin.backend.jvm.JvmBackendExtension                            : loaded 2 times (x 70B)
Class org.jetbrains.kotlin.codegen.intrinsics.Java8UIntToString                       : loaded 2 times (x 79B)
Class org.jetbrains.kotlin.types.AbstractTypeConstructor                              : loaded 2 times (x 98B)
Class org.jetbrains.kotlin.ir.util.NameProvider                                       : loaded 2 times (x 70B)
Class org.jetbrains.kotlin.ir.expressions.impl.IrReturnImpl                           : loaded 2 times (x 108B)
Class org.jetbrains.kotlin.serialization.deserialization.AnnotationLoader             : loaded 2 times (x 70B)
Class org.jetbrains.kotlin.builtins.KotlinBuiltIns$2                                  : loaded 2 times (x 77B)
Class org.jetbrains.kotlin.ir.declarations.IrConstructor                              : loaded 2 times (x 174B)
Class org.jetbrains.kotlin.diagnostics.PositioningStrategies$TYPE_PARAMETERS_LIST$1   : loaded 2 times (x 74B)
Class org.jetbrains.kotlin.types.AbstractTypeChecker$WhenMappings                     : loaded 2 times (x 71B)
Class [Lorg.jetbrains.kotlin.metadata.ProtoBuf$Expression$ConstantValue;              : loaded 2 times (x 69B)
Class org.jetbrains.kotlin.metadata.ProtoBuf$Effect                                   : loaded 2 times (x 113B)
Class org.jetbrains.kotlin.load.java.structure.JavaConstructor                        : loaded 2 times (x 70B)
Class org.jetbrains.kotlin.com.intellij.openapi.vfs.CharsetToolkit                    : loaded 2 times (x 72B)
Class org.jetbrains.kotlin.mpp.ValueParameterSymbolMarker                             : loaded 2 times (x 70B)
Class [Lorg.jetbrains.kotlin.resolve.checkers.ClassifierUsageChecker;                 : loaded 2 times (x 69B)
Class org.jetbrains.kotlin.resolve.calls.checkers.SelfCallInNestedObjectConstructorChecker: loaded 2 times (x 74B)
Class [Lorg.jetbrains.kotlin.com.intellij.psi.PsiLanguageInjectionHost;               : loaded 2 times (x 69B)
Class org.jetbrains.kotlin.psi.KtDoubleColonExpression                                : loaded 2 times (x 70B)
Class [Lorg.jetbrains.kotlin.psi.KtFunctionType;                                      : loaded 2 times (x 69B)
Class org.jetbrains.kotlin.psi.stubs.KotlinBackingFieldStub                           : loaded 2 times (x 70B)
Class org.jetbrains.kotlin.psi.stubs.elements.KtPropertyAccessorElementType           : loaded 2 times (x 103B)
Class org.jetbrains.kotlin.container.ComponentRegistry                                : loaded 2 times (x 72B)
Class org.jetbrains.kotlin.types.model.AnnotationMarker                               : loaded 2 times (x 70B)
Class org.jetbrains.kotlin.cli.jvm.compiler.JavaLanguageLevelKt                       : loaded 2 times (x 71B)
Class org.jetbrains.kotlin.resolve.diagnostics.DiagnosticSuppressor                   : loaded 2 times (x 70B)
Class org.jetbrains.kotlin.com.intellij.psi.util.CachedValue                          : loaded 2 times (x 70B)
Class kotlinx.coroutines.Incomplete                                                   : loaded 2 times (x 70B)
Class org.jetbrains.kotlin.com.intellij.ide.plugins.PluginDescriptorLoader$loadForCoreEnv$1: loaded 2 times (x 95B)
Class org.jetbrains.kotlin.com.intellij.openapi.components.Service                    : loaded 2 times (x 70B)
Class org.jetbrains.kotlin.com.intellij.psi.impl.source.tree.JavaASTFactory           : loaded 2 times (x 75B)
Class org.jetbrains.kotlin.it.unimi.dsi.fastutil.doubles.Double2ObjectFunction        : loaded 2 times (x 70B)
Class org.jetbrains.kotlin.com.intellij.psi.impl.source.resolve.reference.TrackingReferenceRegistrar: loaded 2 times (x 80B)
Class org.jetbrains.kotlin.com.intellij.psi.impl.source.tree.TreeElement              : loaded 2 times (x 195B)
Class org.jetbrains.kotlin.com.intellij.openapi.extensions.impl.ExtensionsAreaImpl    : loaded 2 times (x 82B)
Class org.jetbrains.kotlin.com.intellij.util.messages.impl.BusState                   : loaded 2 times (x 79B)
Class org.jetbrains.kotlin.com.intellij.util.messages.MessageBus                      : loaded 2 times (x 70B)
Class org.jetbrains.kotlin.backend.jvm.JvmLoweringPhasesKt$jvmFilePhases$15           : loaded 2 times (x 125B)
Class [Lkotlin.jvm.functions.Function1;                                               : loaded 2 times (x 69B)
Class org.jetbrains.kotlin.it.unimi.dsi.fastutil.objects.Reference2ObjectMap          : loaded 2 times (x 70B)
Class org.jetbrains.kotlin.it.unimi.dsi.fastutil.objects.Reference2ObjectFunction     : loaded 2 times (x 70B)
Class org.jetbrains.kotlin.storage.LockBasedStorageManager$NotValue                   : loaded 2 times (x 79B)
Class org.jetbrains.kotlin.com.google.common.collect.Maps$BiMapConverter              : loaded 2 times (x 90B)
Class org.jetbrains.kotlin.cli.common.PropertiesKt                                    : loaded 2 times (x 71B)
Class org.jetbrains.kotlin.cli.common.messages.MessageRenderer                        : loaded 2 times (x 70B)
Class com.google.common.cache.LocalCache$EntryFactory$4                               : loaded 2 times (x 83B)
Class com.google.common.collect.ImmutableSet$Builder                                  : loaded 2 times (x 85B)
Class com.google.common.base.CharMatcher$InRange                                      : loaded 2 times (x 111B)
Class [Lorg.jetbrains.kotlin.com.intellij.openapi.util.io.FileAttributes$CaseSensitivity;: loaded 2 times (x 69B)
Class org.jetbrains.kotlin.codegen.WriteAnnotationUtilKt                              : loaded 2 times (x 71B)
Class org.jetbrains.kotlin.codegen.state.TypeMappingUtil                              : loaded 2 times (x 71B)
Class org.jetbrains.org.objectweb.asm.tree.analysis.AnalyzerException                 : loaded 2 times (x 82B)
Class org.jetbrains.org.objectweb.asm.MethodTooLargeException                         : loaded 2 times (x 83B)
Class org.jetbrains.kotlin.codegen.inline.SourceMapper$Companion                      : loaded 2 times (x 71B)
Class org.jetbrains.kotlin.types.SubtypingRepresentatives                             : loaded 2 times (x 70B)
Class org.jetbrains.kotlin.load.kotlin.TypeMappingMode                                : loaded 2 times (x 72B)
Class org.jetbrains.kotlin.backend.common.lower.InnerClassConstructorCallsLowering$lower$1: loaded 2 times (x 501B)
Class org.jetbrains.kotlin.backend.jvm.lower.JvmStringConcatenationLoweringKt         : loaded 2 times (x 71B)
Class org.jetbrains.kotlin.ir.IrElementsKt                                            : loaded 2 times (x 71B)
Class org.jetbrains.kotlin.ir.interpreter.preprocessor.IrInterpreterPreprocessor      : loaded 2 times (x 415B)
Class org.jetbrains.kotlin.resolve.calls.components.ClassicTypeSystemContextForCS     : loaded 2 times (x 925B)
Class org.jetbrains.kotlin.codegen.intrinsics.ArrayConstructor                        : loaded 2 times (x 78B)
Class org.jetbrains.kotlin.codegen.intrinsics.UnaryPlus                               : loaded 2 times (x 78B)
Class org.jetbrains.kotlin.codegen.intrinsics.UnaryMinus                              : loaded 2 times (x 78B)
Class org.jetbrains.kotlin.codegen.intrinsics.IntrinsicMethods                        : loaded 2 times (x 73B)
Class org.jetbrains.kotlin.ir.declarations.MetadataSource$File                        : loaded 2 times (x 70B)
Class org.jetbrains.kotlin.ir.declarations.IrOverridableDeclaration                   : loaded 2 times (x 70B)
Class org.jetbrains.kotlin.builtins.KotlinBuiltIns$3                                  : loaded 2 times (x 77B)
Class org.jetbrains.kotlin.ir.symbols.IrValueSymbol                                   : loaded 2 times (x 70B)
Class org.jetbrains.kotlin.resolve.AnnotationTargetList                               : loaded 2 times (x 72B)
Class org.jetbrains.kotlin.diagnostics.PositioningStrategies$REDUNDANT_NULLABLE$1     : loaded 2 times (x 74B)
Class org.jetbrains.kotlin.types.model.StubTypeMarker                                 : loaded 2 times (x 70B)
Class org.jetbrains.kotlin.types.model.CaptureStatus                                  : loaded 2 times (x 79B)
Class org.jetbrains.kotlin.load.java.structure.impl.classFiles.JavaPlainType          : loaded 2 times (x 88B)
Class org.jetbrains.kotlin.com.google.common.math.MathPreconditions                   : loaded 2 times (x 71B)
Class [Lorg.jetbrains.kotlin.types.Variance;                                          : loaded 2 times (x 69B)
Class org.jetbrains.kotlin.mpp.PropertySymbolMarker                                   : loaded 2 times (x 70B)
Class org.jetbrains.kotlin.descriptors.Visibility                                     : loaded 2 times (x 79B)
Class org.jetbrains.kotlin.builtins.functions.FunctionTypeKind$KFunction              : loaded 2 times (x 76B)
Class org.jetbrains.kotlin.resolve.calls.checkers.UnitConversionCallChecker           : loaded 2 times (x 74B)
Class org.jetbrains.kotlin.psi.stubs.elements.KtAnnotationEntryElementType            : loaded 2 times (x 104B)
Class org.jetbrains.kotlin.container.ComponentStorageState                            : loaded 2 times (x 79B)
Class org.jetbrains.kotlin.protobuf.RopeByteString$RopeInputStream                    : loaded 2 times (x 92B)
Class org.jetbrains.kotlin.protobuf.CodedInputStream                                  : loaded 2 times (x 72B)
Class org.jetbrains.org.objectweb.asm.Context                                         : loaded 2 times (x 72B)
Class org.jetbrains.kotlin.cli.jvm.compiler.ClasspathRootsResolver                    : loaded 2 times (x 72B)
Class org.jetbrains.kotlin.resolve.extensions.SyntheticResolveExtension$Companion     : loaded 2 times (x 72B)
Class org.jetbrains.kotlin.com.intellij.psi.JavaElementVisitor                        : loaded 2 times (x 205B)
Class org.jetbrains.kotlin.com.intellij.core.CoreLanguageLevelProjectExtension        : loaded 2 times (x 74B)
Class org.jetbrains.kotlin.com.intellij.psi.impl.source.PsiImmediateClassType         : loaded 2 times (x 119B)
Class org.jetbrains.kotlin.com.intellij.psi.PsiClassType$Stub                         : loaded 2 times (x 119B)
Class org.jetbrains.kotlin.com.intellij.psi.search.GlobalSearchScope$FilesScope       : loaded 2 times (x 105B)
Class org.jetbrains.kotlin.com.intellij.psi.PsiFileFactory                            : loaded 2 times (x 82B)
Class org.jetbrains.kotlin.com.intellij.psi.impl.PsiToDocumentSynchronizer            : loaded 2 times (x 84B)
Class kotlinx.coroutines.AbstractTimeSourceKt                                         : loaded 2 times (x 71B)
Class org.jetbrains.kotlin.com.intellij.psi.search.searches.ExtensibleQueryFactory$1  : loaded 2 times (x 74B)
Class org.jetbrains.kotlin.com.intellij.psi.PsiSubstitutorFactory                     : loaded 2 times (x 74B)
Class org.jetbrains.kotlin.kotlinx.collections.immutable.implementations.immutableSet.PersistentHashSet: loaded 2 times (x 204B)
Class [Lorg.jetbrains.kotlin.com.intellij.util.containers.ConcurrentLongObjectMap$LongEntry;: loaded 2 times (x 69B)
Class org.jetbrains.kotlin.com.intellij.pom.Navigatable                               : loaded 2 times (x 70B)
Class org.jetbrains.kotlin.com.intellij.openapi.vfs.impl.VirtualFileManagerImpl$LoggingListener: loaded 2 times (x 93B)
Class org.jetbrains.kotlin.kotlinx.collections.immutable.implementations.immutableMap.PersistentHashMap$Companion: loaded 2 times (x 71B)
Class org.jetbrains.kotlin.com.intellij.openapi.util.EmptyRunnable                    : loaded 2 times (x 74B)
Class org.jetbrains.kotlin.com.intellij.openapi.extensions.LoadingOrder$Orderable     : loaded 2 times (x 70B)
Class org.jetbrains.kotlin.com.intellij.util.keyFMap.DebugFMap                        : loaded 2 times (x 80B)
Class kotlin.sequences.ConstrainedOnceSequence                                        : loaded 2 times (x 75B)
Class org.jetbrains.kotlin.backend.jvm.lower.JvmExpectDeclarationRemover              : loaded 2 times (x 600B)
Class org.jetbrains.kotlin.backend.jvm.lower.JvmMultiFieldValueClassLowering          : loaded 2 times (x 530B)
Class org.jetbrains.kotlin.backend.jvm.JvmLoweringPhasesKt$jvmFilePhases$16           : loaded 2 times (x 125B)
Class org.jetbrains.kotlin.progress.ProgressIndicatorAndCompilationCanceledStatus     : loaded 2 times (x 71B)
Class org.jetbrains.kotlin.utils.WrappedValues$WrappedProcessCanceledException        : loaded 2 times (x 82B)
Class org.jetbrains.kotlin.com.google.common.collect.ImmutableEnumMap                 : loaded 2 times (x 126B)
Class com.google.common.io.ByteStreams$1                                              : loaded 2 times (x 85B)
Class com.google.common.cache.LocalCache$EntryFactory$5                               : loaded 2 times (x 83B)
Class [Lorg.jetbrains.kotlin.resolve.scopes.MemberScope;                              : loaded 2 times (x 69B)
Class org.jetbrains.kotlin.descriptors.impl.SubpackagesScope                          : loaded 2 times (x 100B)
Class org.jetbrains.kotlin.codegen.optimization.boxing.CleanBoxedValue                : loaded 2 times (x 80B)
Class org.jetbrains.kotlin.codegen.StackValue$LateinitLocal                           : loaded 2 times (x 88B)
Class org.jetbrains.org.objectweb.asm.tree.analysis.Interpreter                       : loaded 2 times (x 84B)
Class org.jetbrains.kotlin.codegen.optimization.transformer.MethodTransformer         : loaded 2 times (x 72B)
Class org.jetbrains.org.objectweb.asm.CurrentFrame                                    : loaded 2 times (x 73B)
Class org.jetbrains.kotlin.backend.jvm.intrinsics.IntrinsicMethod                     : loaded 2 times (x 73B)
Class org.jetbrains.kotlin.utils.SortUtilsKt                                          : loaded 2 times (x 71B)
Class org.jetbrains.kotlin.resolve.diagnostics.BindingContextSuppressCache            : loaded 2 times (x 80B)
Class org.jetbrains.kotlin.ir.descriptors.LazyTypeConstructor                         : loaded 2 times (x 99B)
Class org.jetbrains.kotlin.ir.types.IrTypeSystemContext$DefaultImpls                  : loaded 2 times (x 71B)
Class org.jetbrains.kotlin.load.java.JavaDescriptorVisibilities                       : loaded 2 times (x 71B)
Class org.jetbrains.kotlin.types.model.TypeVariance                                   : loaded 2 times (x 79B)
Class org.jetbrains.kotlin.types.TypeApproximatorConfiguration                        : loaded 2 times (x 86B)
Class [Lorg.jetbrains.kotlin.parsing.KotlinParsing$AnnotationParsingMode;             : loaded 2 times (x 69B)
Class org.jetbrains.kotlin.container.ClassTraversalCache                              : loaded 2 times (x 71B)
Class org.jetbrains.kotlin.psi.stubs.KotlinPlaceHolderStub                            : loaded 2 times (x 70B)
Class org.jetbrains.kotlin.psi.stubs.KotlinCallableStubBase                           : loaded 2 times (x 70B)
Class org.jetbrains.kotlin.resolve.checkers.ExpectActualClassifiersAreInBetaChecker   : loaded 2 times (x 74B)
Class org.jetbrains.kotlin.container.ComponentContainer                               : loaded 2 times (x 70B)
Class org.jetbrains.kotlin.mpp.DeclarationSymbolMarker                                : loaded 2 times (x 70B)
Class org.jetbrains.kotlin.protobuf.MessageLite$Builder                               : loaded 2 times (x 70B)
Class org.jetbrains.kotlin.com.intellij.openapi.vfs.VfsUtilCore                       : loaded 2 times (x 71B)
Class org.jetbrains.kotlin.com.intellij.openapi.util.io.FileUtil$1                    : loaded 2 times (x 82B)
Class org.jetbrains.kotlin.com.intellij.openapi.util.io.FileUtilRt$SymlinkResolver    : loaded 2 times (x 70B)
Class [Lorg.jetbrains.kotlin.com.intellij.openapi.extensions.PluginAware;             : loaded 2 times (x 69B)
Class org.jetbrains.kotlin.fir.extensions.FirAnalysisHandlerExtension$Companion       : loaded 2 times (x 72B)
Class org.jetbrains.kotlin.resolve.extensions.AssignResolutionAltererExtension$Companion: loaded 2 times (x 72B)
Class org.jetbrains.kotlin.com.intellij.psi.impl.source.JavaDummyHolderFactory        : loaded 2 times (x 87B)
Class org.jetbrains.kotlin.com.intellij.util.containers.HashSetInterner               : loaded 2 times (x 75B)
Class org.jetbrains.kotlin.com.intellij.psi.impl.GeneratedMarkerVisitor               : loaded 2 times (x 77B)
Class org.jetbrains.kotlin.com.intellij.openapi.vfs.VirtualFileFilter$1               : loaded 2 times (x 75B)
Class org.jetbrains.kotlin.com.fasterxml.aalto.in.PName1                              : loaded 2 times (x 79B)
Class org.jetbrains.kotlin.com.fasterxml.aalto.UncheckedStreamException               : loaded 2 times (x 82B)
Class org.jetbrains.kotlin.com.intellij.psi.search.searches.ExtensibleQueryFactory$2  : loaded 2 times (x 74B)
Class org.jetbrains.kotlin.kotlinx.collections.immutable.implementations.immutableList.UtilsKt: loaded 2 times (x 71B)
Class org.jetbrains.kotlin.cli.jvm.compiler.CliCompilerUtilsKt                        : loaded 2 times (x 71B)
Class org.jetbrains.kotlin.backend.jvm.lower.ApiVersionIsAtLeastEvaluationLowering    : loaded 2 times (x 254B)
Class org.jetbrains.kotlin.backend.jvm.lower.ReplaceNumberToCharCallSitesLowering     : loaded 2 times (x 339B)
Class org.jetbrains.kotlin.backend.jvm.JvmLoweringPhasesKt$jvmFilePhases$17           : loaded 2 times (x 125B)
Class org.jetbrains.kotlin.utils.WrappedValues$ThrowableWrapper                       : loaded 2 times (x 72B)
Class [Lkotlin.reflect.KProperty;                                                     : loaded 2 times (x 69B)
Class org.jetbrains.kotlin.config.JVMAssertionsMode$Companion                         : loaded 2 times (x 71B)
Class kotlin.jvm.internal.markers.KMappedMarker                                       : loaded 2 times (x 70B)
Class kotlin.sequences.DropTakeSequence                                               : loaded 2 times (x 70B)
Class com.google.common.cache.LocalCache$EntryFactory$6                               : loaded 2 times (x 83B)
Class org.gradle.internal.installation.CurrentGradleInstallationLocator               : loaded 2 times (x 71B)
Class org.jetbrains.kotlin.codegen.ClassFileFactory$1                                 : loaded 2 times (x 74B)
Class org.jetbrains.kotlin.backend.jvm.codegen.ExpressionCodegen$WhenMappings         : loaded 2 times (x 71B)
Class org.jetbrains.kotlin.types.TypeProjectionImpl                                   : loaded 2 times (x 85B)
Class org.jetbrains.kotlin.types.checker.ClassicTypeSystemContextKt$WhenMappings      : loaded 2 times (x 71B)
Class org.jetbrains.kotlin.codegen.CoercionValue                                      : loaded 2 times (x 87B)
Class org.jetbrains.kotlin.resolve.jvm.checkers.JvmSimpleNameBacktickChecker          : loaded 2 times (x 75B)
Class org.jetbrains.kotlin.backend.jvm.codegen.IrCodegenUtilsKt                       : loaded 2 times (x 71B)
Class org.jetbrains.kotlin.resolve.scopes.MemberScope$Empty                           : loaded 2 times (x 99B)
Class org.jetbrains.org.objectweb.asm.tree.LdcInsnNode                                : loaded 2 times (x 78B)
Class org.jetbrains.kotlin.ir.expressions.IrReturnableBlock                           : loaded 2 times (x 120B)
Class org.jetbrains.kotlin.ir.expressions.IrFunctionReference                         : loaded 2 times (x 115B)
Class org.jetbrains.kotlin.backend.common.BodyLoweringVisitor                         : loaded 2 times (x 329B)
Class org.jetbrains.kotlin.backend.jvm.lower.JvmInlineFunctionResolver                : loaded 2 times (x 78B)
Class org.jetbrains.kotlin.types.checker.ClassicTypeSystemContext                     : loaded 2 times (x 70B)
Class org.jetbrains.kotlin.codegen.OwnerKind$Companion                                : loaded 2 times (x 71B)
Class org.jetbrains.kotlin.backend.jvm.JvmIrCodegenFactory$IdeCodegenSettings         : loaded 2 times (x 71B)
Class org.jetbrains.kotlin.ir.util.PatchDeclarationParentsVisitor                     : loaded 2 times (x 329B)
Class org.jetbrains.kotlin.ir.builders.IrGeneratorContext                             : loaded 2 times (x 70B)
Class org.jetbrains.kotlin.ir.expressions.impl.IrConstImpl$Companion                  : loaded 2 times (x 71B)
Class org.jetbrains.kotlin.ir.expressions.impl.IrConstImpl                            : loaded 2 times (x 108B)
Class org.jetbrains.kotlin.ir.symbols.IrTypeParameterSymbol                           : loaded 2 times (x 70B)
Class org.jetbrains.kotlin.diagnostics.PositioningStrategies$PACKAGE_DIRECTIVE_NAME_EXPRESSION$1: loaded 2 times (x 74B)
Class org.jetbrains.kotlin.load.kotlin.KotlinJvmBinaryClass$MethodAnnotationVisitor   : loaded 2 times (x 70B)
Class org.jetbrains.kotlin.metadata.ProtoBuf$VersionRequirement$Level$1               : loaded 2 times (x 74B)
Class org.jetbrains.kotlin.load.kotlin.FacadeClassSource                              : loaded 2 times (x 70B)
Class org.jetbrains.kotlin.load.java.structure.impl.classFiles.BinaryJavaTypeParameter: loaded 2 times (x 95B)
Class org.jetbrains.kotlin.com.google.common.collect.RegularImmutableBiMap$Inverse    : loaded 2 times (x 143B)
Class org.jetbrains.kotlin.com.google.common.collect.ImmutableMap$1                   : loaded 2 times (x 81B)
Class org.jetbrains.kotlin.it.unimi.dsi.fastutil.ints.AbstractIntSet                  : loaded 2 times (x 216B)
Class org.jetbrains.kotlin.lexer.KotlinLexerException                                 : loaded 2 times (x 82B)
Class org.jetbrains.kotlin.resolve.BindingTrace                                       : loaded 2 times (x 70B)
Class [Lorg.jetbrains.kotlin.psi.KtCollectionLiteralExpression;                       : loaded 2 times (x 69B)
Class [Lorg.jetbrains.kotlin.psi.KtValueArgumentName;                                 : loaded 2 times (x 69B)
Class [Lorg.jetbrains.kotlin.psi.KtIntersectionType;                                  : loaded 2 times (x 69B)
Class org.jetbrains.kotlin.psi.stubs.KotlinAnnotationUseSiteTargetStub                : loaded 2 times (x 70B)
Class org.jetbrains.kotlin.psi.stubs.elements.KtModifierListElementType               : loaded 2 times (x 103B)
Class org.jetbrains.kotlin.psi.stubs.elements.KtParameterElementType                  : loaded 2 times (x 104B)
Class org.jetbrains.kotlin.resolve.checkers.TrailingCommaDeclarationChecker           : loaded 2 times (x 74B)
Class org.jetbrains.kotlin.protobuf.FieldSet$1                                        : loaded 2 times (x 71B)
Class org.jetbrains.kotlin.metadata.builtins.BuiltInsProtoBuf                         : loaded 2 times (x 71B)
Class org.jetbrains.kotlin.util.AttributeArrayOwner                                   : loaded 2 times (x 82B)
Class org.jetbrains.kotlin.com.intellij.openapi.util.io.FileUtil$2                    : loaded 2 times (x 77B)
Class [Lkotlin.io.FileWalkDirection;                                                  : loaded 2 times (x 69B)
Class [Lorg.jetbrains.kotlin.cli.jvm.modules.CoreJrtVirtualFile;                      : loaded 2 times (x 69B)
Class org.jetbrains.kotlin.com.intellij.psi.impl.IsConstantExpressionVisitor          : loaded 2 times (x 206B)
Class org.jetbrains.kotlin.cli.jvm.compiler.KotlinCliJavaFileManagerImpl$Companion    : loaded 2 times (x 71B)
Class org.jetbrains.kotlin.com.intellij.psi.PsiPolyVariantReference                   : loaded 2 times (x 70B)
Class org.jetbrains.kotlin.com.intellij.psi.impl.PsiElementFactoryImpl                : loaded 2 times (x 256B)
Class org.jetbrains.kotlin.com.intellij.util.LocalTimeCounter                         : loaded 2 times (x 71B)
Class org.jetbrains.kotlin.com.intellij.openapi.vfs.VirtualFileFilter$2               : loaded 2 times (x 75B)
Class org.jetbrains.kotlin.com.fasterxml.aalto.in.PName2                              : loaded 2 times (x 79B)
Class kotlinx.coroutines.internal.OpDescriptor                                        : loaded 2 times (x 73B)
Class kotlinx.coroutines.Empty                                                        : loaded 2 times (x 75B)
Class org.jetbrains.kotlin.com.intellij.psi.PsiTypeParameterListOwner                 : loaded 2 times (x 70B)
Class org.jetbrains.kotlin.com.intellij.psi.PsiLiteralValue                           : loaded 2 times (x 70B)
Class org.jetbrains.kotlin.com.intellij.lexer.DummyLexer                              : loaded 2 times (x 84B)
Class org.jetbrains.kotlin.codegen.StackValue$PrefixIncrement                         : loaded 2 times (x 87B)
Class org.jetbrains.kotlin.com.intellij.openapi.editor.impl.event.DocumentEventImpl   : loaded 2 times (x 86B)
Class org.jetbrains.kotlin.com.intellij.util.keyFMap.EmptyFMap                        : loaded 2 times (x 79B)
Class org.jetbrains.kotlin.backend.jvm.lower.JvmInlineCallableReferenceToLambdaWithDefaultsPhase: loaded 2 times (x 429B)
Class org.jetbrains.kotlin.backend.jvm.lower.SerializeIrPhase                         : loaded 2 times (x 80B)
Class org.jetbrains.kotlin.backend.jvm.JvmLoweringPhasesKt$jvmFilePhases$18           : loaded 2 times (x 125B)
Class org.jetbrains.kotlin.com.google.common.collect.Platform                         : loaded 2 times (x 71B)
Class org.jetbrains.kotlin.com.google.common.collect.AbstractMapBasedMultimap$WrappedCollection: loaded 2 times (x 124B)
Class [Lorg.jetbrains.kotlin.resolve.scopes.LexicalScopeKind;                         : loaded 2 times (x 69B)
Class com.google.common.collect.Maps$KeySet                                           : loaded 2 times (x 137B)
Class com.google.common.cache.LocalCache$EntryFactory$7                               : loaded 2 times (x 83B)
Class com.google.common.collect.ImmutableSet$EmptySetBuilderImpl                      : loaded 2 times (x 76B)
Class com.google.common.collect.ImmutableList                                         : loaded 2 times (x 206B)
Class org.gradle.internal.service.DefaultServiceLocator                               : loaded 2 times (x 83B)
Class org.jetbrains.kotlin.codegen.inline.SplittableInterval                          : loaded 2 times (x 70B)
Class [Lorg.jetbrains.kotlin.resolve.scopes.ResolutionScope;                          : loaded 2 times (x 69B)
Class org.jetbrains.kotlin.codegen.inline.MethodInliner$Companion$removeClosureAssertions$$inlined$filterIsInstance$1: loaded 2 times (x 74B)
Class org.jetbrains.kotlin.ir.declarations.MetadataSource$Script                      : loaded 2 times (x 70B)
Class [Lorg.jetbrains.kotlin.codegen.coroutines.SuspensionPointKind;                  : loaded 2 times (x 69B)
Class org.jetbrains.kotlin.codegen.coroutines.SuspensionPointKind                     : loaded 2 times (x 79B)
Class org.jetbrains.kotlin.it.unimi.dsi.fastutil.objects.AbstractObject2IntMap        : loaded 2 times (x 206B)
Class org.jetbrains.kotlin.codegen.signature.BothSignatureWriter                      : loaded 2 times (x 107B)
Class org.jetbrains.org.objectweb.asm.SymbolTable                                     : loaded 2 times (x 72B)
Class [Lorg.jetbrains.kotlin.resolve.jvm.diagnostics.MemberKind;                      : loaded 2 times (x 69B)
Class org.jetbrains.kotlin.backend.jvm.metadata.MetadataSerializer                    : loaded 2 times (x 70B)
Class org.jetbrains.kotlin.types.error.ErrorPropertyDescriptor                        : loaded 2 times (x 325B)
Class org.jetbrains.kotlin.backend.jvm.MemoizedMultiFieldValueClassReplacements$RemappedParameter$MultiFieldValueClassMapping: loaded 2 times (x 73B)
Class org.jetbrains.kotlin.ir.linkage.partial.PartialLinkageUtilsKt                   : loaded 2 times (x 71B)
Class org.jetbrains.org.objectweb.asm.tree.UnsupportedClassVersionException           : loaded 2 times (x 82B)
Class org.jetbrains.kotlin.load.java.BuiltinMethodsWithSpecialGenericSignature        : loaded 2 times (x 71B)
Class org.jetbrains.kotlin.backend.common.lower.RangeHeaderInfoBuilder                : loaded 2 times (x 332B)
Class org.jetbrains.kotlin.backend.jvm.intrinsics.PrimitiveComparison                 : loaded 2 times (x 74B)
Class org.jetbrains.kotlin.backend.jvm.intrinsics.NumberCast                          : loaded 2 times (x 73B)
Class org.jetbrains.kotlin.load.kotlin.PackagePartClassUtils                          : loaded 2 times (x 71B)
Class org.jetbrains.kotlin.ir.visitors.IrVisitorsKt                                   : loaded 2 times (x 71B)
Class org.jetbrains.kotlin.ir.IrAttributeKt                                           : loaded 2 times (x 71B)
Class org.jetbrains.kotlin.descriptors.ClassDescriptor                                : loaded 2 times (x 70B)
Class kotlin.properties.ObservableProperty                                            : loaded 2 times (x 83B)
Class org.jetbrains.kotlin.load.kotlin.MemberSignature$Companion                      : loaded 2 times (x 71B)
Class org.jetbrains.kotlin.load.kotlin.KotlinClassFinderKt                            : loaded 2 times (x 71B)
Class org.jetbrains.kotlin.load.java.typeEnhancement.TypeComponentPositionKt          : loaded 2 times (x 71B)
Class org.jetbrains.kotlin.load.java.structure.impl.classFiles.BinaryJavaValueParameter: loaded 2 times (x 94B)
Class org.jetbrains.kotlin.cli.jvm.compiler.KotlinCliJavaFileManagerImplKt            : loaded 2 times (x 71B)
Class org.jetbrains.kotlin.parsing.FirstBefore                                        : loaded 2 times (x 84B)
Class [Lorg.jetbrains.kotlin.psi.KtNameReferenceExpression;                           : loaded 2 times (x 69B)
Class org.jetbrains.kotlin.psi.KtSecondaryConstructor                                 : loaded 2 times (x 1274B)
Class [Lorg.jetbrains.kotlin.psi.KtTypeParameterListOwner;                            : loaded 2 times (x 69B)
Class org.jetbrains.kotlin.resolve.calls.checkers.DeprecatedCallChecker               : loaded 2 times (x 74B)
Class org.jetbrains.kotlin.resolve.PlatformConfiguratorBase                           : loaded 2 times (x 80B)
Class org.jetbrains.kotlin.protobuf.SmallSortedMap$Entry                              : loaded 2 times (x 88B)
Class org.jetbrains.kotlin.metadata.ProtoBuf$Package$1                                : loaded 2 times (x 144B)
Class kotlin.io.FileTreeWalk                                                          : loaded 2 times (x 75B)
Class org.jetbrains.kotlin.load.kotlin.PackagePartProvider                            : loaded 2 times (x 70B)
Class org.jetbrains.kotlin.metadata.ProtoBuf$Class$Kind$1                             : loaded 2 times (x 74B)
Class org.jetbrains.kotlin.extensions.TypeAttributeTranslatorExtension$Companion      : loaded 2 times (x 72B)
Class org.jetbrains.kotlin.extensions.TypeAttributeTranslatorExtension                : loaded 2 times (x 70B)
Class org.jetbrains.kotlin.extensions.ProcessSourcesBeforeCompilingExtension$Companion: loaded 2 times (x 72B)
Class org.jetbrains.kotlin.extensions.PreprocessedVirtualFileFactoryExtension         : loaded 2 times (x 70B)
Class org.jetbrains.kotlin.com.intellij.core.CoreJavaCodeStyleManager$1CancelException: loaded 2 times (x 82B)
Class org.jetbrains.kotlin.com.intellij.lang.jvm.JvmAnnotation                        : loaded 2 times (x 70B)
Class org.jetbrains.kotlin.com.intellij.lang.jvm.facade.JvmElementProvider            : loaded 2 times (x 70B)
Class org.jetbrains.kotlin.psi.stubs.elements.KtFileElementType                       : loaded 2 times (x 111B)
Class org.jetbrains.kotlin.com.fasterxml.aalto.in.PName3                              : loaded 2 times (x 79B)
Class org.jetbrains.kotlin.com.fasterxml.aalto.in.MergedStream                        : loaded 2 times (x 92B)
Class org.jetbrains.kotlin.com.intellij.ide.plugins.DataLoader                        : loaded 2 times (x 70B)
Class kotlin.coroutines.jvm.internal.SuspendFunction                                  : loaded 2 times (x 70B)
Class org.jetbrains.kotlin.com.intellij.ide.plugins.PluginXmlPathResolver$Companion   : loaded 2 times (x 71B)
Class org.jetbrains.kotlin.com.intellij.util.io.DataOutputStream                      : loaded 2 times (x 105B)
Class org.jetbrains.kotlin.kotlinx.collections.immutable.implementations.immutableSet.TrieNode: loaded 2 times (x 72B)
Class org.jetbrains.kotlin.com.intellij.lang.PsiBuilder                               : loaded 2 times (x 70B)
Class org.jetbrains.kotlin.com.intellij.openapi.extensions.PluginAware                : loaded 2 times (x 70B)
Class org.jetbrains.kotlin.com.intellij.openapi.vfs.VirtualFilePropertyEvent          : loaded 2 times (x 80B)
Class org.jetbrains.kotlin.cli.jvm.compiler.KotlinCoreApplicationEnvironmentMode$Production: loaded 2 times (x 71B)
Class org.jetbrains.kotlin.backend.jvm.lower.JvmIrValidationAfterLoweringPhase        : loaded 2 times (x 77B)
Class org.jetbrains.kotlin.backend.jvm.lower.JvmInlineClassLowering                   : loaded 2 times (x 530B)
Class org.jetbrains.kotlin.backend.jvm.JvmLoweringPhasesKt$jvmFilePhases$19           : loaded 2 times (x 125B)
Class org.jetbrains.kotlin.backend.common.BodyLoweringPass                            : loaded 2 times (x 70B)
Class [Lorg.jetbrains.kotlin.storage.LockBasedStorageManager$NotValue;                : loaded 2 times (x 69B)
Class org.jetbrains.kotlin.it.unimi.dsi.fastutil.ints.Int2ObjectMap$FastEntrySet      : loaded 2 times (x 70B)
Class kotlin.reflect.KMutableProperty0                                                : loaded 2 times (x 70B)
Class kotlin.reflect.KClassifier                                                      : loaded 2 times (x 70B)
Class org.jetbrains.kotlin.com.intellij.util.messages.Topic                           : loaded 2 times (x 76B)
Class com.google.common.cache.LocalCache$EntryFactory$8                               : loaded 2 times (x 83B)
Class com.google.common.collect.ImmutableSet$SetBuilderImpl                           : loaded 2 times (x 76B)
Class org.gradle.internal.installation.CurrentGradleInstallation                      : loaded 2 times (x 73B)
Class org.jetbrains.org.objectweb.asm.ConstantDynamic                                 : loaded 2 times (x 72B)
Class org.jetbrains.kotlin.codegen.inline.InlineAdapter                               : loaded 2 times (x 190B)
Class org.jetbrains.kotlin.codegen.ValueKind                                          : loaded 2 times (x 79B)
Class org.jetbrains.kotlin.codegen.inline.InlineException                             : loaded 2 times (x 82B)
Class org.jetbrains.kotlin.codegen.optimization.temporaryVals.TemporaryValsAnalyzer$StoredValue$Unknown: loaded 2 times (x 75B)
Class org.jetbrains.kotlin.codegen.coroutines.UninitializedStoresProcessor$UninitializedNewValueFrame: loaded 2 times (x 88B)
Class org.jetbrains.kotlin.codegen.optimization.boxing.StackPeepholeOptimizationsTransformer: loaded 2 times (x 72B)
Class org.jetbrains.org.objectweb.asm.ModuleWriter                                    : loaded 2 times (x 81B)
Class org.jetbrains.kotlin.backend.common.lower.LocalDeclarationsLowering$LocalDeclarationsTransformer$FunctionBodiesRewriter: loaded 2 times (x 501B)
Class org.jetbrains.kotlin.backend.common.lower.LocalDeclarationsLowering$LocalDeclarationsTransformer$collectLocalDeclarations$Data: loaded 2 times (x 72B)
Class [Lorg.jetbrains.kotlin.ir.visitors.IrElementTransformer;                        : loaded 2 times (x 69B)
Class org.jetbrains.kotlin.codegen.optimization.OptimizationClassBuilder              : loaded 2 times (x 101B)
Class org.jetbrains.kotlin.com.google.common.collect.Iterators$ArrayItr               : loaded 2 times (x 97B)
Class org.jetbrains.kotlin.codegen.state.GenerationStateKt                            : loaded 2 times (x 71B)
Class org.jetbrains.kotlin.ir.util.SymbolRemapper$Empty                               : loaded 2 times (x 143B)
Class org.jetbrains.kotlin.diagnostics.KtDiagnosticReporterWithContext                : loaded 2 times (x 75B)
Class org.jetbrains.kotlin.ir.util.EmptyArraysForMemberAccessKt                       : loaded 2 times (x 71B)
Class org.jetbrains.kotlin.descriptors.VariableAccessorDescriptor                     : loaded 2 times (x 70B)
Class org.jetbrains.kotlin.diagnostics.PositioningStrategies$FUNCTION_PARAMETERS$1    : loaded 2 times (x 74B)
Class org.jetbrains.kotlin.diagnostics.PositioningStrategies$VARIANCE_IN_PROJECTION$1 : loaded 2 times (x 74B)
Class org.jetbrains.kotlin.builtins.functions.FunctionTypeKindExtractor$KindWithArity : loaded 2 times (x 72B)
Class kotlin.jvm.internal.StringCompanionObject                                       : loaded 2 times (x 71B)
Class org.jetbrains.kotlin.load.java.structure.JavaTypeParameter                      : loaded 2 times (x 70B)
Class org.jetbrains.kotlin.load.java.structure.JavaClassifierType                     : loaded 2 times (x 70B)
Class org.jetbrains.kotlin.parsing.SemanticWhitespaceAwarePsiBuilderImpl              : loaded 2 times (x 150B)
Class org.jetbrains.kotlin.it.unimi.dsi.fastutil.ints.AbstractIntCollection           : loaded 2 times (x 171B)
Class org.jetbrains.kotlin.name.CallableId$Companion                                  : loaded 2 times (x 71B)
Class org.jetbrains.kotlin.diagnostics.UnboundDiagnostic                              : loaded 2 times (x 70B)
Class org.jetbrains.kotlin.psi.KtBreakExpression                                      : loaded 2 times (x 437B)
Class [Lorg.jetbrains.kotlin.psi.KtFunctionTypeReceiver;                              : loaded 2 times (x 69B)
Class org.jetbrains.kotlin.psi.KtNullableType                                         : loaded 2 times (x 510B)
Class org.jetbrains.kotlin.psi.stubs.KotlinTypeAliasStub                              : loaded 2 times (x 70B)
Class [Lorg.jetbrains.kotlin.psi.KtProperty;                                          : loaded 2 times (x 69B)
Class org.jetbrains.kotlin.mpp.ClassifierSymbolMarker                                 : loaded 2 times (x 70B)
Class org.jetbrains.kotlin.types.model.SimpleTypeMarker                               : loaded 2 times (x 70B)
Class org.jetbrains.kotlin.metadata.ProtoBuf$Annotation$ArgumentOrBuilder             : loaded 2 times (x 70B)
Class org.jetbrains.kotlin.protobuf.FieldSet$FieldDescriptorLite                      : loaded 2 times (x 70B)
Class org.jetbrains.kotlin.protobuf.AbstractMessageLite                               : loaded 2 times (x 98B)
Class kotlin.jvm.internal.Ref$BooleanRef                                              : loaded 2 times (x 71B)
Class org.jetbrains.kotlin.cli.jvm.modules.CliJavaModuleResolver$Companion            : loaded 2 times (x 71B)
Class org.jetbrains.kotlin.load.java.structure.JavaNamedElement                       : loaded 2 times (x 70B)
Class org.jetbrains.kotlin.cli.common.extensions.ShellExtension$Companion             : loaded 2 times (x 72B)
Class org.jetbrains.kotlin.extensions.CompilerConfigurationExtension                  : loaded 2 times (x 70B)
Class org.jetbrains.kotlin.com.intellij.psi.impl.source.resolve.PsiResolveHelperImpl$1: loaded 2 times (x 112B)
Class [Lorg.jetbrains.kotlin.com.intellij.psi.PsiType;                                : loaded 2 times (x 69B)
Class org.jetbrains.kotlin.com.intellij.psi.search.impl.VirtualFileEnumerationAware   : loaded 2 times (x 70B)
Class org.jetbrains.kotlin.com.intellij.psi.impl.PsiCachedValuesFactory               : loaded 2 times (x 76B)
Class org.jetbrains.kotlin.com.intellij.openapi.util.StackOverflowPreventedException  : loaded 2 times (x 82B)
Class org.jetbrains.kotlin.com.intellij.openapi.vfs.VirtualFileFilter                 : loaded 2 times (x 70B)
Class kotlinx.coroutines.scheduling.Task                                              : loaded 2 times (x 76B)
Class kotlin.coroutines.intrinsics.IntrinsicsKt__IntrinsicsJvmKt                      : loaded 2 times (x 71B)
Class kotlinx.coroutines.BlockingCoroutine                                            : loaded 2 times (x 144B)
Class kotlin.coroutines.jvm.internal.CoroutineStackFrame                              : loaded 2 times (x 70B)
Class org.jetbrains.kotlin.com.intellij.psi.PsiVariable                               : loaded 2 times (x 70B)
Class [Lorg.jetbrains.kotlin.com.intellij.openapi.util.UserDataHolderBase;            : loaded 2 times (x 69B)
Class org.jetbrains.kotlin.com.intellij.psi.stubs.StubTreeLoader                      : loaded 2 times (x 81B)
Class org.jetbrains.kotlin.com.intellij.openapi.editor.event.DocumentEvent            : loaded 2 times (x 82B)
Class org.jetbrains.kotlin.com.intellij.openapi.extensions.ExtensionNotApplicableException: loaded 2 times (x 82B)
Class org.jetbrains.kotlin.backend.jvm.lower.InterfaceLowering                        : loaded 2 times (x 514B)
Class kotlin.reflect.KMutableProperty1                                                : loaded 2 times (x 70B)
Class com.google.common.cache.CacheLoader$1                                           : loaded 2 times (x 75B)
Class com.google.common.collect.ImmutableList$SubList                                 : loaded 2 times (x 208B)
Class org.gradle.util.internal.GUtil                                                  : loaded 2 times (x 71B)
Class org.jetbrains.kotlin.com.intellij.openapi.vfs.impl.AddonlyKeylessHash$KeyValueMapper: loaded 2 times (x 71B)
Class org.jetbrains.kotlin.serialization.StringTableImpl                              : loaded 2 times (x 93B)
Class org.jetbrains.kotlin.metadata.ProtoBuf$ValueParameter$Builder                   : loaded 2 times (x 153B)
Class org.jetbrains.kotlin.codegen.inline.MethodInlinerUtilKt                         : loaded 2 times (x 71B)
Class org.jetbrains.kotlin.backend.jvm.intrinsics.IrDataClassArrayMemberToString      : loaded 2 times (x 73B)
Class [Lorg.jetbrains.kotlin.backend.jvm.extensions.ClassGeneratorExtension;          : loaded 2 times (x 69B)
Class org.jetbrains.kotlin.resolve.diagnostics.OnDemandSuppressCache                  : loaded 2 times (x 80B)
Class org.jetbrains.kotlin.ir.interpreter.checker.IrInterpreterCommonChecker          : loaded 2 times (x 161B)
Class org.jetbrains.kotlin.ir.overrides.IrFakeOverrideBuilder                         : loaded 2 times (x 72B)
Class org.jetbrains.kotlin.ir.expressions.IrConstKind$Int                             : loaded 2 times (x 72B)
Class org.jetbrains.kotlin.ir.util.IdSignature$CommonSignature                        : loaded 2 times (x 82B)
Class org.jetbrains.kotlin.ir.expressions.IrCall                                      : loaded 2 times (x 116B)
Class org.jetbrains.kotlin.types.checker.KotlinTypePreparator                         : loaded 2 times (x 73B)
Class org.jetbrains.kotlin.descriptors.deserialization.AdditionalClassPartsProvider$None: loaded 2 times (x 77B)
Class org.jetbrains.kotlin.ir.declarations.IrDeclarationOriginImpl$Companion          : loaded 2 times (x 74B)
Class org.jetbrains.kotlin.resolve.calls.inference.components.VariableFixationFinderKt: loaded 2 times (x 71B)
Class org.jetbrains.kotlin.resolve.calls.inference.model.DeclaredUpperBoundConstraintPosition: loaded 2 times (x 72B)
Class org.jetbrains.kotlin.resolve.descriptorUtil.AnnotationsForResolveKt             : loaded 2 times (x 71B)
Class org.jetbrains.kotlin.resolve.calls.inference.ConstraintSystemOperation          : loaded 2 times (x 70B)
Class org.jetbrains.kotlin.load.java.typeEnhancement.NullabilityQualifierWithMigrationStatus: loaded 2 times (x 72B)
Class org.jetbrains.kotlin.metadata.jvm.JvmProtoBuf$StringTableTypes$Record           : loaded 2 times (x 119B)
Class [Lorg.jetbrains.org.objectweb.asm.Label;                                        : loaded 2 times (x 69B)
Class org.jetbrains.kotlin.load.java.structure.JavaElementsKt                         : loaded 2 times (x 71B)
Class org.jetbrains.kotlin.it.unimi.dsi.fastutil.Arrays                               : loaded 2 times (x 71B)
Class org.jetbrains.kotlin.load.java.SpecialGenericSignatures$Companion$NameAndSignature: loaded 2 times (x 72B)
Class org.jetbrains.kotlin.resolve.calls.checkers.UselessElvisCallChecker             : loaded 2 times (x 74B)
Class org.jetbrains.kotlin.kdoc.lexer.KDocTokens$1                                    : loaded 2 times (x 84B)
Class org.jetbrains.kotlin.psi.KtModifierListOwnerStub                                : loaded 2 times (x 581B)
Class org.jetbrains.kotlin.types.model.TypeSystemOptimizationContext                  : loaded 2 times (x 70B)
Class org.jetbrains.kotlin.protobuf.FieldSet                                          : loaded 2 times (x 72B)
Class org.jetbrains.kotlin.psi.KtFile                                                 : loaded 2 times (x 941B)
Class [Lorg.jetbrains.kotlin.cli.jvm.index.JavaRoot$RootType;                         : loaded 2 times (x 69B)
Class org.jetbrains.kotlin.com.intellij.psi.impl.source.DummyHolder                   : loaded 2 times (x 723B)
Class org.jetbrains.kotlin.com.intellij.util.containers.ConcurrentWeakKeySoftValueHashMap$KeyReference: loaded 2 times (x 70B)
Class org.jetbrains.kotlin.com.intellij.psi.JavaRecursiveElementWalkingVisitor        : loaded 2 times (x 208B)
Class org.jetbrains.kotlin.com.intellij.psi.impl.source.resolve.PsiResolveHelperImpl$2: loaded 2 times (x 112B)
Class kotlinx.coroutines.internal.LockFreeTaskQueue                                   : loaded 2 times (x 72B)
Class kotlinx.coroutines.scheduling.DefaultScheduler                                  : loaded 2 times (x 108B)
Class kotlinx.coroutines.Dispatchers                                                  : loaded 2 times (x 71B)
Class org.jetbrains.kotlin.kotlinx.collections.immutable.PersistentList               : loaded 2 times (x 70B)
Class kotlin.io.NoSuchFileException                                                   : loaded 2 times (x 82B)
Class org.jetbrains.kotlin.backend.jvm.JvmLoweringPhasesKt$jvmLoweringPhases$10       : loaded 2 times (x 125B)
Class org.jetbrains.kotlin.platform.TargetPlatformVersion                             : loaded 2 times (x 70B)
Class org.jetbrains.kotlin.storage.LockBasedStorageManager$ExceptionHandlingStrategy$1: loaded 2 times (x 74B)
Class org.jetbrains.kotlin.storage.MemoizedFunctionToNullable                         : loaded 2 times (x 70B)
Class kotlin.reflect.KMutableProperty2                                                : loaded 2 times (x 70B)
Class kotlin.collections.CollectionsKt                                                : loaded 2 times (x 71B)
Class com.google.common.util.concurrent.AbstractFuture$SetFuture                      : loaded 2 times (x 75B)
Class com.google.common.cache.AbstractCache$StatsCounter                              : loaded 2 times (x 70B)
Class org.jetbrains.kotlin.serialization.SerializableStringTable                      : loaded 2 times (x 80B)
Class org.jetbrains.kotlin.serialization.deserialization.ProtoContainer$Class         : loaded 2 times (x 74B)
Class org.jetbrains.kotlin.codegen.optimization.temporaryVals.TemporaryValsAnalyzer$StoredValue: loaded 2 times (x 75B)
Class org.jetbrains.kotlin.codegen.coroutines.CoroutineCodegenUtilKt$INITIAL_SUSPEND_DESCRIPTOR_FOR_INVOKE_SUSPEND$1: loaded 2 times (x 71B)
Class org.jetbrains.kotlin.codegen.StackValue$Expression                              : loaded 2 times (x 87B)
Class org.jetbrains.kotlin.codegen.Asm7UtilKt                                         : loaded 2 times (x 71B)
Class org.jetbrains.kotlin.types.SpecialTypesKt                                       : loaded 2 times (x 71B)
Class org.jetbrains.kotlin.backend.jvm.lower.JvmOptimizationLowering$Transformer      : loaded 2 times (x 246B)
Class org.jetbrains.kotlin.load.kotlin.TypeSignatureMappingKt                         : loaded 2 times (x 71B)
Class org.jetbrains.kotlin.backend.jvm.intrinsics.SingleArgumentInlineFunctionIntrinsic: loaded 2 times (x 73B)
Class org.jetbrains.kotlin.backend.jvm.intrinsics.Not                                 : loaded 2 times (x 73B)
Class org.jetbrains.kotlin.codegen.state.GenerationStateEventCallback$Companion       : loaded 2 times (x 71B)
Class org.jetbrains.kotlin.util.slicedMap.SlicedMap                                   : loaded 2 times (x 70B)
Class org.jetbrains.kotlin.ir.util.IrTypeUtilsKt                                      : loaded 2 times (x 71B)
Class [Lorg.jetbrains.kotlin.ir.symbols.IrBindableSymbol;                             : loaded 2 times (x 69B)
Class org.jetbrains.kotlin.descriptors.ValueClassRepresentation                       : loaded 2 times (x 74B)
Class org.jetbrains.kotlin.load.java.JavaIncompatibilityRulesOverridabilityCondition$Companion: loaded 2 times (x 71B)
Class org.jetbrains.kotlin.types.checker.KotlinTypePreparator$Default                 : loaded 2 times (x 73B)
Class org.jetbrains.kotlin.storage.LockBasedStorageManager$CacheWithNullableValuesBasedOnMemoizedFunction: loaded 2 times (x 86B)
Class org.jetbrains.kotlin.serialization.deserialization.ContractDeserializer$Companion: loaded 2 times (x 71B)
Class [Lorg.jetbrains.kotlin.renderer.RenderingFormat;                                : loaded 2 times (x 69B)
Class org.jetbrains.kotlin.diagnostics.PositioningStrategies$VALUE_ARGUMENTS_LIST$1   : loaded 2 times (x 74B)
Class org.jetbrains.kotlin.diagnostics.PositioningStrategies$DECLARATION_SIGNATURE$1  : loaded 2 times (x 74B)
Class org.jetbrains.kotlin.resolve.calls.inference.components.ConstraintContext       : loaded 2 times (x 72B)
Class org.jetbrains.kotlin.it.unimi.dsi.fastutil.ints.IntArrays                       : loaded 2 times (x 71B)
Class org.jetbrains.kotlin.metadata.builtins.BuiltInsBinaryVersion                    : loaded 2 times (x 74B)
Class kotlin.ranges.IntProgressionIterator                                            : loaded 2 times (x 82B)
Class org.jetbrains.kotlin.load.java.JavaClassFinder                                  : loaded 2 times (x 70B)
Class org.jetbrains.kotlin.resolve.calls.checkers.InfixCallChecker                    : loaded 2 times (x 74B)
Class [Lorg.jetbrains.kotlin.psi.KtStringTemplateExpression;                          : loaded 2 times (x 69B)
Class org.jetbrains.kotlin.psi.KtTypeCodeFragmentType                                 : loaded 2 times (x 84B)
Class org.jetbrains.kotlin.kdoc.lexer.KDocTokens$2                                    : loaded 2 times (x 84B)
Class org.jetbrains.kotlin.resolve.calls.checkers.InlineCheckerWrapper                : loaded 2 times (x 75B)
Class org.jetbrains.kotlin.resolve.checkers.DeprecatedSinceKotlinAnnotationChecker    : loaded 2 times (x 74B)
Class org.jetbrains.kotlin.psi.KtNamedFunction                                        : loaded 2 times (x 1343B)
Class org.jetbrains.kotlin.resolve.checkers.LocalVariableTypeParametersChecker        : loaded 2 times (x 74B)
Class org.jetbrains.kotlin.psi.KtNamedDeclaration                                     : loaded 2 times (x 70B)
Class org.jetbrains.kotlin.metadata.ProtoBuf$Annotation$Argument$Value$Type$1         : loaded 2 times (x 74B)
Class org.jetbrains.kotlin.metadata.ProtoBuf$TypeOrBuilder                            : loaded 2 times (x 70B)
Class org.jetbrains.kotlin.metadata.ProtoBuf$TypeTableOrBuilder                       : loaded 2 times (x 70B)
Class org.jetbrains.kotlin.metadata.ProtoBuf$Package                                  : loaded 2 times (x 129B)
Class org.jetbrains.kotlin.load.kotlin.MetadataFinderFactory                          : loaded 2 times (x 70B)
Class org.jetbrains.kotlin.com.intellij.util.text.ImmutableCharSequence               : loaded 2 times (x 90B)
Class org.jetbrains.kotlin.com.intellij.openapi.util.Pair                             : loaded 2 times (x 72B)
Class org.jetbrains.kotlin.resolve.jvm.KotlinJavaPsiFacade$KotlinPsiElementFinderWrapperImpl: loaded 2 times (x 82B)
Class [Lorg.jetbrains.kotlin.metadata.ProtoBuf$MemberKind;                            : loaded 2 times (x 69B)
Class org.jetbrains.kotlin.com.intellij.psi.PsiElementFactory                         : loaded 2 times (x 70B)
Class org.jetbrains.kotlin.com.intellij.testFramework.LightVirtualFileBase$MyVirtualFileSystem: loaded 2 times (x 101B)
Class kotlin.coroutines.jvm.internal.DebugProbesKt                                    : loaded 2 times (x 71B)
Class kotlinx.coroutines.intrinsics.CancellableKt                                     : loaded 2 times (x 71B)
Class kotlin.coroutines.CoroutineContext                                              : loaded 2 times (x 70B)
Class org.jetbrains.kotlin.com.intellij.psi.stubs.BinaryFileStubBuilder$CompositeBinaryFileStubBuilder: loaded 2 times (x 70B)
Class org.jetbrains.kotlin.com.intellij.openapi.util.UserDataHolderBase               : loaded 2 times (x 95B)
Class org.jetbrains.kotlin.backend.jvm.JvmLoweringPhasesKt$jvmLoweringPhases$11       : loaded 2 times (x 125B)
Class org.jetbrains.kotlin.backend.jvm.lower.StaticDefaultFunctionLowering            : loaded 2 times (x 509B)
Class org.jetbrains.kotlin.backend.common.lower.ReturnableBlockLowering               : loaded 2 times (x 86B)
Class org.jetbrains.kotlin.backend.common.IrElementTransformerVoidWithContext         : loaded 2 times (x 510B)
Class org.jetbrains.kotlin.backend.common.phaser.PhaserState                          : loaded 2 times (x 72B)
Class kotlin.reflect.jvm.internal.RuntimeTypeMapper                                   : loaded 2 times (x 71B)
Class org.jetbrains.kotlin.com.intellij.openapi.application.PathManager               : loaded 2 times (x 71B)
Class org.jetbrains.kotlin.com.intellij.openapi.diagnostic.ExceptionWithAttachments   : loaded 2 times (x 70B)
Class com.google.common.collect.Iterators$MergingIterator                             : loaded 2 times (x 81B)
Class com.google.common.collect.RegularImmutableSet                                   : loaded 2 times (x 148B)
Class org.gradle.internal.installation.GradleInstallation                             : loaded 2 times (x 75B)
Class org.jetbrains.kotlin.resolve.scopes.ChainedMemberScope$Companion                : loaded 2 times (x 71B)
Class org.jetbrains.kotlin.diagnostics.DiagnosticFactory0                             : loaded 2 times (x 81B)
Class org.jetbrains.kotlin.resolve.calls.checkers.CoroutineCallCheckerKt              : loaded 2 times (x 71B)
Class org.jetbrains.kotlin.codegen.optimization.fixStack.BasicTypeInterpreter         : loaded 2 times (x 100B)
Class org.jetbrains.kotlin.codegen.AbstractClassBuilder$Concrete                      : loaded 2 times (x 100B)
Class org.jetbrains.kotlin.types.TypeUtils$SpecialType                                : loaded 2 times (x 97B)
Class [Lorg.jetbrains.kotlin.ir.declarations.IrDeclarationOrigin;                     : loaded 2 times (x 69B)
Class org.jetbrains.kotlin.codegen.intrinsics.MutableMapSet                           : loaded 2 times (x 78B)
Class org.jetbrains.kotlin.com.intellij.psi.util.CachedValueProvider$Result           : loaded 2 times (x 72B)
Class org.jetbrains.kotlin.ir.interpreter.stack.CallStack                             : loaded 2 times (x 72B)
Class org.jetbrains.kotlin.utils.ThreadLocalKt                                        : loaded 2 times (x 71B)
Class org.jetbrains.kotlin.ir.expressions.IrExpression                                : loaded 2 times (x 103B)
Class org.jetbrains.kotlin.ir.types.IrTypeSystemContext                               : loaded 2 times (x 70B)
Class org.jetbrains.kotlin.descriptors.NotFoundClasses                                : loaded 2 times (x 72B)
Class org.jetbrains.kotlin.ir.types.IrTypesKt                                         : loaded 2 times (x 71B)
Class [Lorg.jetbrains.kotlin.descriptors.DescriptorVisibility;                        : loaded 2 times (x 69B)
Class org.jetbrains.kotlin.ir.declarations.impl.IrFactoryImpl                         : loaded 2 times (x 73B)
Class org.jetbrains.kotlin.diagnostics.PositioningStrategies$ARRAY_ACCESS$1           : loaded 2 times (x 74B)
Class org.jetbrains.kotlin.metadata.deserialization.ProtoTypeTableUtilKt              : loaded 2 times (x 71B)
Class [Lorg.jetbrains.kotlin.resolve.jvm.NotFoundPackagesCachingStrategy$CacheType;   : loaded 2 times (x 69B)
Class org.jetbrains.kotlin.com.google.common.collect.RegularImmutableSet              : loaded 2 times (x 149B)
Class [Lorg.jetbrains.kotlin.com.intellij.lang.LighterASTNode;                        : loaded 2 times (x 69B)
Class [Lorg.jetbrains.kotlin.com.google.common.collect.AbstractMapEntry;              : loaded 2 times (x 69B)
Class [Lorg.jetbrains.kotlin.builtins.PrimitiveType;                                  : loaded 2 times (x 69B)
Class org.jetbrains.kotlin.container.ContainerKt                                      : loaded 2 times (x 71B)
Class org.jetbrains.kotlin.resolve.calls.checkers.ResultTypeWithNullableOperatorsChecker: loaded 2 times (x 74B)
Class org.jetbrains.kotlin.psi.KtContainerNodeForControlStructureBody                 : loaded 2 times (x 376B)
Class org.jetbrains.kotlin.psi.KtDeclarationImpl                                      : loaded 2 times (x 645B)
Class org.jetbrains.kotlin.psi.KtBlockStringTemplateEntry                             : loaded 2 times (x 444B)
Class org.jetbrains.kotlin.psi.stubs.KotlinClassLiteralExpressionStub                 : loaded 2 times (x 70B)
Class org.jetbrains.kotlin.types.TypeCheckerState                                     : loaded 2 times (x 76B)
Class org.jetbrains.kotlin.resolve.calls.inference.components.ResultTypeResolver      : loaded 2 times (x 72B)
Class org.jetbrains.kotlin.resolve.jvm.modules.JavaModule$Automatic                   : loaded 2 times (x 80B)
Class org.jetbrains.kotlin.cli.jvm.modules.JavaModuleGraph$module$1                   : loaded 2 times (x 125B)
Class [Lorg.jetbrains.kotlin.com.intellij.psi.PsiCheckedRenameElement;                : loaded 2 times (x 69B)
Class [Lorg.jetbrains.kotlin.com.intellij.psi.PsiNamedElement;                        : loaded 2 times (x 69B)
Class org.jetbrains.kotlin.load.java.structure.impl.source.JavaFixedElementSourceFactory: loaded 2 times (x 79B)
Class org.jetbrains.kotlin.cli.jvm.compiler.CliLightClassGenerationSupport            : loaded 2 times (x 77B)
Class org.jetbrains.kotlin.asJava.LightClassGenerationSupport                         : loaded 2 times (x 76B)
Class org.jetbrains.kotlin.com.intellij.core.CoreJavaCodeStyleManager                 : loaded 2 times (x 97B)
Class kotlinx.coroutines.internal.ThreadContextKt$updateState$1                       : loaded 2 times (x 78B)
Class org.jetbrains.kotlin.com.intellij.openapi.progress.impl.CoreProgressManager$CheckCanceledBehavior: loaded 2 times (x 79B)
Class org.jetbrains.kotlin.com.intellij.psi.stubs.CoreStubTreeLoader                  : loaded 2 times (x 81B)
Class org.jetbrains.kotlin.com.intellij.util.containers.ConcurrentFactoryMap$2        : loaded 2 times (x 148B)
Class org.jetbrains.kotlin.backend.jvm.JvmLoweringPhasesKt$jvmLoweringPhases$12       : loaded 2 times (x 125B)
Class org.jetbrains.kotlin.ir.visitors.IrElementVisitorVoid                           : loaded 2 times (x 70B)
Class org.jetbrains.kotlin.backend.jvm.lower.JvmLocalClassPopupLowering               : loaded 2 times (x 87B)
Class org.jetbrains.kotlin.backend.common.phaser.SimpleNamedCompilerPhase             : loaded 2 times (x 86B)
Class org.jetbrains.kotlin.it.unimi.dsi.fastutil.objects.Object2ObjectMap             : loaded 2 times (x 70B)
Class kotlin.collections.ReversedList                                                 : loaded 2 times (x 207B)
Class org.jetbrains.kotlin.config.LanguageFeature$State                               : loaded 2 times (x 82B)
Class com.google.common.collect.Iterables                                             : loaded 2 times (x 71B)
Class com.google.common.base.Splitter$Strategy                                        : loaded 2 times (x 70B)
Class org.jetbrains.kotlin.backend.jvm.codegen.VariableInfo                           : loaded 2 times (x 72B)
Class org.jetbrains.kotlin.codegen.optimization.CapturedVarsOptimizationMethodTransformer$Transformer: loaded 2 times (x 72B)
Class org.jetbrains.kotlin.codegen.inline.InplaceArgumentsMethodTransformer$MethodContext: loaded 2 times (x 72B)
Class org.jetbrains.kotlin.codegen.optimization.RedundantGotoMethodTransformer        : loaded 2 times (x 72B)
Class org.jetbrains.kotlin.backend.jvm.codegen.TypeAnnotationPosition                 : loaded 2 times (x 71B)
Class org.jetbrains.kotlin.backend.jvm.lower.UpdateConstantFacadePropertyReferences   : loaded 2 times (x 85B)
Class org.jetbrains.kotlin.backend.jvm.lower.AddContinuationLoweringKt                : loaded 2 times (x 71B)
Class org.jetbrains.kotlin.backend.common.lower.VisibilityPolicy$Companion            : loaded 2 times (x 71B)
Class org.jetbrains.kotlin.backend.common.lower.Transformer$headerInfoBuilder$1       : loaded 2 times (x 125B)
Class org.jetbrains.kotlin.backend.jvm.intrinsics.GetJavaPrimitiveType                : loaded 2 times (x 73B)
Class org.jetbrains.kotlin.backend.jvm.intrinsics.GetJavaObjectType                   : loaded 2 times (x 73B)
Class org.jetbrains.kotlin.backend.jvm.ir.JvmIrUtilsKt                                : loaded 2 times (x 71B)
Class org.jetbrains.kotlin.codegen.intrinsics.ArrayGet                                : loaded 2 times (x 78B)
Class org.jetbrains.kotlin.ir.util.ReferencedSymbolRemapper                           : loaded 2 times (x 70B)
Class org.jetbrains.kotlin.ir.symbols.impl.IrPropertySymbolImpl                       : loaded 2 times (x 94B)
Class org.jetbrains.kotlin.serialization.deserialization.descriptors.DeserializedMemberScope: loaded 2 times (x 109B)
Class org.jetbrains.kotlin.resolve.constants.UIntValue                                : loaded 2 times (x 76B)
Class org.jetbrains.kotlin.serialization.deserialization.AnnotationAndConstantLoaderImpl: loaded 2 times (x 98B)
Class org.jetbrains.kotlin.backend.jvm.JvmIrDeserializerImpl                          : loaded 2 times (x 74B)
Class org.jetbrains.kotlin.resolve.calls.inference.ConstraintSystemTransaction        : loaded 2 times (x 73B)
Class org.jetbrains.kotlin.load.java.typeEnhancement.SignatureEnhancementBuilder$ClassEnhancementBuilder: loaded 2 times (x 72B)
Class org.jetbrains.kotlin.metadata.jvm.JvmProtoBuf$StringTableTypes$Record$Operation : loaded 2 times (x 82B)
Class org.jetbrains.kotlin.com.google.common.collect.Sets$ImprovedAbstractSet         : loaded 2 times (x 135B)
Class org.jetbrains.kotlin.parsing.KotlinParsing$1                                    : loaded 2 times (x 78B)
Class org.jetbrains.kotlin.resolve.calls.results.SpecificityComparisonCallbacks       : loaded 2 times (x 70B)
Class org.jetbrains.kotlin.container.DefaultImplementation                            : loaded 2 times (x 70B)
Class org.jetbrains.kotlin.psi.KtUnaryExpression                                      : loaded 2 times (x 502B)
Class org.jetbrains.kotlin.resolve.PlatformConfiguratorBaseKt                         : loaded 2 times (x 71B)
Class org.jetbrains.kotlin.metadata.ProtoBuf$Annotation$Builder                       : loaded 2 times (x 136B)
Class kotlin.io.FileWalkDirection                                                     : loaded 2 times (x 79B)
Class org.jetbrains.kotlin.cli.jvm.compiler.ClasspathRootsResolver$Companion          : loaded 2 times (x 71B)
Class org.jetbrains.kotlin.cli.jvm.modules.CliJavaModuleFinder                        : loaded 2 times (x 75B)
Class org.jetbrains.kotlin.com.intellij.DynamicBundle$1                               : loaded 2 times (x 76B)
Class org.jetbrains.kotlin.com.intellij.psi.PsiCaseLabelElement                       : loaded 2 times (x 70B)
Class org.jetbrains.kotlin.com.intellij.util.containers.ConcurrentFactoryMap$3        : loaded 2 times (x 148B)
Class kotlinx.coroutines.JobSupportKt                                                 : loaded 2 times (x 71B)
Class kotlinx.coroutines.ExecutorCoroutineDispatcher$Key                              : loaded 2 times (x 72B)
Class org.jetbrains.kotlin.com.intellij.psi.compiled.ClassFileDecompilers$Decompiler  : loaded 2 times (x 70B)
Class org.jetbrains.kotlin.com.intellij.psi.impl.file.PsiPackageImplementationHelper  : loaded 2 times (x 77B)
Class kotlin.ranges.IntProgression                                                    : loaded 2 times (x 81B)
Class org.jetbrains.kotlin.com.intellij.openapi.fileTypes.PlainTextParserDefinition   : loaded 2 times (x 95B)
Class org.jetbrains.kotlin.com.intellij.psi.impl.source.tree.PlainTextASTFactory      : loaded 2 times (x 74B)
Class org.jetbrains.kotlin.com.intellij.util.containers.ConcurrentLongObjectMap       : loaded 2 times (x 70B)
Class org.jetbrains.kotlin.com.intellij.core.CoreApplicationEnvironment$1             : loaded 2 times (x 330B)
Class org.jetbrains.kotlin.com.intellij.openapi.diagnostic.DefaultLogger              : loaded 2 times (x 100B)
Class org.jetbrains.kotlin.backend.jvm.JvmLoweringPhasesKt$jvmLoweringPhases$13       : loaded 2 times (x 125B)
Class org.jetbrains.kotlin.backend.jvm.lower.RecordEnclosingMethodsLowering           : loaded 2 times (x 80B)
Class org.jetbrains.kotlin.backend.common.lower.DefaultParameterCleaner               : loaded 2 times (x 88B)
Class org.jetbrains.kotlin.backend.jvm.lower.RemapObjectFieldAccesses                 : loaded 2 times (x 509B)
Class kotlin.collections.ReversedList$listIterator$1                                  : loaded 2 times (x 94B)
Class org.jetbrains.kotlin.utils.DFS$Visited                                          : loaded 2 times (x 70B)
Class org.jetbrains.kotlin.com.intellij.util.containers.IntKeyWeakValueHashMap$MyReference: loaded 2 times (x 79B)
Class kotlin.jvm.KotlinReflectionNotSupportedError                                    : loaded 2 times (x 82B)

---------------  S Y S T E M  ---------------

OS:
 Windows 11 , 64 bit Build 26100 (10.0.26100.9168)
OS uptime: 0 days 6:40 hours

CPU: total 8 (initial active 8) (4 cores per cpu, 2 threads per core) family 6 model 142 stepping 12 microcode 0xf8, cx8, cmov, fxsr, ht, mmx, 3dnowpref, sse, sse2, sse3, ssse3, sse4.1, sse4.2, popcnt, lzcnt, tsc, tscinvbit, avx, avx2, aes, erms, clmul, bmi1, bmi2, adx, fma, vzeroupper, clflush, clflushopt, rdtscp, f16c
Processor Information for the first 8 processors :
  Max Mhz: 1896, Current Mhz: 1596, Mhz Limit: 1592

Memory: 4k page, system-wide physical 8006M (586M free)
TotalPageFile size 18631M (AvailPageFile size 1M)
current process WorkingSet (physical memory assigned to process): 1217M, peak: 1222M
current process commit charge ("private bytes"): 1660M, peak: 1660M

vm_info: OpenJDK 64-Bit Server VM (21.0.8+-14196175-b1038.72) for windows-amd64 JRE (21.0.8+-14196175-b1038.72), built on 2025-10-01T10:24:33Z by "builder" with MS VC++ 16.10 / 16.11 (VS2019)

END.
