#
# There is insufficient memory for the Java Runtime Environment to continue.
# Native memory allocation (mmap) failed to map 895483904 bytes. Error detail: G1 virtual space
# Possible reasons:
#   The system is out of physical RAM or swap space
#   This process is running with CompressedOops enabled, and the Java Heap may be blocking the growth of the native heap
# Possible solutions:
#   Reduce memory load on the system
#   Increase physical memory or swap space
#   Check if swap backing store is full
#   Decrease Java heap size (-Xmx/-Xms)
#   Decrease number of Java threads
#   Decrease Java thread stack sizes (-Xss)
#   Set larger code cache with -XX:ReservedCodeCacheSize=
#   JVM is running with Zero Based Compressed Oops mode in which the Java heap is
#     placed in the first 32GB address space. The Java Heap base address is the
#     maximum limit for the native heap growth. Please use -XX:HeapBaseMinAddress
#     to set the Java Heap base and to place the Java Heap above 32GB virtual address.
# This output file may be truncated or incomplete.
#
#  Out of Memory Error (os_windows.cpp:3925), pid=4272, tid=13800
#
# JRE version: OpenJDK Runtime Environment (21.0.8) (build 21.0.8+-14196175-b1038.72)
# Java VM: OpenJDK 64-Bit Server VM (21.0.8+-14196175-b1038.72, mixed mode, tiered, compressed oops, compressed class ptrs, g1 gc, windows-amd64)
# No core dump will be written. Minidumps are not enabled by default on client versions of Windows
#

---------------  S U M M A R Y ------------

Command Line: --add-opens=java.base/java.lang=ALL-UNNAMED --add-opens=java.base/java.lang.invoke=ALL-UNNAMED --add-opens=java.base/java.util=ALL-UNNAMED --add-opens=java.prefs/java.util.prefs=ALL-UNNAMED --add-exports=jdk.compiler/com.sun.tools.javac.api=ALL-UNNAMED --add-exports=jdk.compiler/com.sun.tools.javac.util=ALL-UNNAMED --add-opens=java.base/java.util=ALL-UNNAMED --add-opens=java.prefs/java.util.prefs=ALL-UNNAMED --add-opens=java.base/java.nio.charset=ALL-UNNAMED --add-opens=java.base/java.net=ALL-UNNAMED --add-opens=java.base/java.util.concurrent.atomic=ALL-UNNAMED --add-opens=java.xml/javax.xml.namespace=ALL-UNNAMED -XX:MaxMetaspaceSize=1G -XX:+HeapDumpOnOutOfMemoryError -Xmx4G -Dfile.encoding=UTF-8 -Duser.country=ID -Duser.language=en -Duser.variant -javaagent:C:\Users\DELL\.gradle\wrapper\dists\gradle-8.11.1-bin\bpt9gzteqjrbo1mjrsomdt32c\gradle-8.11.1\lib\agents\gradle-instrumentation-agent-8.11.1.jar org.gradle.launcher.daemon.bootstrap.GradleDaemon 8.11.1

Host: Intel(R) Core(TM) i5-8365U CPU @ 1.60GHz, 8 cores, 7G,  Windows 11 , 64 bit Build 26100 (10.0.26100.9168)
Time: Thu Sep 24 02:14:11 2026 SE Asia Standard Time elapsed time: 176.494290 seconds (0d 0h 2m 56s)

---------------  T H R E A D  ---------------

Current thread (0x000002637d7cac90):  VMThread "VM Thread"          [id=13800, stack(0x00000064b7700000,0x00000064b7800000) (1024K)]

Stack: [0x00000064b7700000,0x00000064b7800000]
Native frames: (J=compiled Java code, j=interpreted, Vv=VM code, C=native code)
V  [jvm.dll+0x6d68d9]
V  [jvm.dll+0x866693]
V  [jvm.dll+0x868c4e]
V  [jvm.dll+0x869333]
V  [jvm.dll+0x280566]
V  [jvm.dll+0x6d3195]
V  [jvm.dll+0x6c69ea]
V  [jvm.dll+0x3586db]
V  [jvm.dll+0x360336]
V  [jvm.dll+0x3b23f6]
V  [jvm.dll+0x3b26c8]
V  [jvm.dll+0x32ae6c]
V  [jvm.dll+0x32aef7]
V  [jvm.dll+0x370d3c]
V  [jvm.dll+0x36f4ee]
V  [jvm.dll+0x32a5c1]
V  [jvm.dll+0x36ebf0]
V  [jvm.dll+0x86f0b8]
V  [jvm.dll+0x870434]
V  [jvm.dll+0x870970]
V  [jvm.dll+0x870c03]
V  [jvm.dll+0x80eac8]
V  [jvm.dll+0x6d512d]
C  [ucrtbase.dll+0x2cd30]
C  [KERNEL32.DLL+0x2ccb7]
C  [ntdll.dll+0xaad6c]

VM_Operation (0x00000064ba6f9cd0): G1CollectForAllocation, mode: safepoint, requested by thread 0x0000026315946180


---------------  P R O C E S S  ---------------

Threads class SMR info:
_java_thread_list=0x000002631e4021b0, length=140, elements={
0x000002637295e3d0, 0x000002637d9d8900, 0x000002637d9edef0, 0x000002637d9f18d0,
0x000002637da07b60, 0x000002637da085c0, 0x000002637da05f00, 0x000002637da11270,
0x000002637d9fc600, 0x000002637da3d510, 0x000002637dd31480, 0x00000263133bade0,
0x000002631336def0, 0x00000263134e1010, 0x00000263134f2090, 0x00000263135e6670,
0x00000263135e7a20, 0x00000263135e80b0, 0x00000263135e8740, 0x00000263135e5950,
0x0000026314fd09a0, 0x0000026314fd1030, 0x0000026315df05f0, 0x0000026317d7d770,
0x000002631861ed60, 0x000002631861d320, 0x000002631861d9b0, 0x000002631861e040,
0x0000026318f7dae0, 0x0000026313774750, 0x00000263137712d0, 0x0000026313771ff0,
0x0000026313772680, 0x0000026315942670, 0x0000026315942d00, 0x000002631593ff10,
0x0000026315943a20, 0x0000026315940c30, 0x00000263159412c0, 0x0000026315943390,
0x00000263159405a0, 0x00000263159440b0, 0x0000026315941950, 0x0000026315944740,
0x0000026315945460, 0x0000026315946180, 0x0000026315946810, 0x0000026315946ea0,
0x0000026315947530, 0x0000026318f7c0a0, 0x0000026318f7fbb0, 0x0000026318f7f520,
0x0000026318f7c730, 0x0000026318f7e170, 0x000002631861a530, 0x0000026318619ea0,
0x0000026318618af0, 0x000002631861abc0, 0x000002631861b250, 0x0000026318617dd0,
0x000002631861bf70, 0x000002631861c600, 0x0000026317d7de00, 0x0000026317d7eb20,
0x0000026317d7f1b0, 0x0000026317d7ca50, 0x0000026317d81910, 0x0000026317d80560,
0x0000026317d81fa0, 0x0000026317d82630, 0x0000026317d82cc0, 0x0000026314fd3790,
0x0000026314fd1d50, 0x0000026314fd16c0, 0x0000026314fd23e0, 0x0000026314fd0310,
0x0000026314fd2a70, 0x0000026314fd72a0, 0x0000026314fd6580, 0x0000026313b16020,
0x0000026313b173d0, 0x0000026313b145e0, 0x0000026313b17a60, 0x0000026313b19b30,
0x0000026313b18e10, 0x0000026313b194a0, 0x0000026313b18780, 0x0000026313b166b0,
0x0000026313b1a1c0, 0x0000026313b16d40, 0x0000026313b1b570, 0x0000026313b1aee0,
0x0000026313b180f0, 0x0000026313b1c920, 0x0000026313b1cfb0, 0x0000026313b15990,
0x0000026313b1d640, 0x0000026313b1dcd0, 0x0000026313b1c290, 0x0000026313b1bc00,
0x0000026313b1e9f0, 0x0000026313b14c70, 0x0000026313b13f50, 0x0000026313b15300,
0x0000026313b20ac0, 0x0000026313b21e70, 0x0000026313b20430, 0x0000026313b21150,
0x0000026313b217e0, 0x0000026313b22500, 0x0000026313b1f080, 0x0000026313b1fda0,
0x0000026313b22b90, 0x0000026313b1f710, 0x0000026313b23220, 0x00000263163f4ab0,
0x00000263163f3700, 0x00000263163f4420, 0x00000263163f5e60, 0x00000263163f64f0,
0x00000263163f3070, 0x00000263163f85c0, 0x00000263163f9970, 0x00000263163f6b80,
0x00000263163f8c50, 0x00000263163f92e0, 0x00000263163fa690, 0x00000263163f7f30,
0x00000263163f7210, 0x00000263163f78a0, 0x0000026314c7b9a0, 0x000002631650ef80,
0x00000263165137b0, 0x0000026316510330, 0x0000026316513e40, 0x00000263165144d0,
0x00000263165151f0, 0x0000026316515880, 0x000002631650a750, 0x0000026314a7a990
}

Java Threads: ( => current thread )
  0x000002637295e3d0 JavaThread "main"                              [_thread_blocked, id=13836, stack(0x00000064b7000000,0x00000064b7100000) (1024K)]
  0x000002637d9d8900 JavaThread "Common-Cleaner"             daemon [_thread_blocked, id=18428, stack(0x00000064b7800000,0x00000064b7900000) (1024K)]
  0x000002637d9edef0 JavaThread "Reference Handler"          daemon [_thread_blocked, id=2688, stack(0x00000064b7900000,0x00000064b7a00000) (1024K)]
  0x000002637d9f18d0 JavaThread "Finalizer"                  daemon [_thread_blocked, id=19152, stack(0x00000064b7a00000,0x00000064b7b00000) (1024K)]
  0x000002637da07b60 JavaThread "Signal Dispatcher"          daemon [_thread_blocked, id=8136, stack(0x00000064b7b00000,0x00000064b7c00000) (1024K)]
  0x000002637da085c0 JavaThread "Attach Listener"            daemon [_thread_blocked, id=20660, stack(0x00000064b7c00000,0x00000064b7d00000) (1024K)]
  0x000002637da05f00 JavaThread "Service Thread"             daemon [_thread_blocked, id=13160, stack(0x00000064b7d00000,0x00000064b7e00000) (1024K)]
  0x000002637da11270 JavaThread "Monitor Deflation Thread"   daemon [_thread_blocked, id=13424, stack(0x00000064b7e00000,0x00000064b7f00000) (1024K)]
  0x000002637d9fc600 JavaThread "C2 CompilerThread0"         daemon [_thread_in_native, id=19528, stack(0x00000064b7f00000,0x00000064b8000000) (1024K)]
  0x000002637da3d510 JavaThread "C1 CompilerThread0"         daemon [_thread_blocked, id=20752, stack(0x00000064b8000000,0x00000064b8100000) (1024K)]
  0x000002637dd31480 JavaThread "Notification Thread"        daemon [_thread_blocked, id=20824, stack(0x00000064b8100000,0x00000064b8200000) (1024K)]
  0x00000263133bade0 JavaThread "Daemon health stats"               [_thread_blocked, id=13480, stack(0x00000064b8700000,0x00000064b8800000) (1024K)]
  0x000002631336def0 JavaThread "Incoming local TCP Connector on port 64786"        [_thread_in_native, id=9596, stack(0x00000064b8800000,0x00000064b8900000) (1024K)]
  0x00000263134e1010 JavaThread "Daemon periodic checks"            [_thread_blocked, id=12600, stack(0x00000064b8900000,0x00000064b8a00000) (1024K)]
  0x00000263134f2090 JavaThread "Daemon"                            [_thread_blocked, id=19124, stack(0x00000064b8a00000,0x00000064b8b00000) (1024K)]
  0x00000263135e6670 JavaThread "Daemon worker"                     [_thread_blocked, id=15728, stack(0x00000064b9000000,0x00000064b9100000) (1024K)]
  0x00000263135e7a20 JavaThread "Cache worker for journal cache (C:\Users\DELL\.gradle\caches\journal-1)"        [_thread_blocked, id=2672, stack(0x00000064b9500000,0x00000064b9600000) (1024K)]
  0x00000263135e80b0 JavaThread "File lock request listener"        [_thread_in_native, id=3352, stack(0x00000064b9600000,0x00000064b9700000) (1024K)]
  0x00000263135e8740 JavaThread "Cache worker for file hash cache (C:\Users\DELL\.gradle\caches\8.11.1\fileHashes)"        [_thread_blocked, id=16396, stack(0x00000064b9700000,0x00000064b9800000) (1024K)]
  0x00000263135e5950 JavaThread "Cache worker for file content cache (C:\Users\DELL\.gradle\caches\8.11.1\fileContent)"        [_thread_blocked, id=13384, stack(0x00000064b9800000,0x00000064b9900000) (1024K)]
  0x0000026314fd09a0 JavaThread "File watcher server"        daemon [_thread_blocked, id=3132, stack(0x00000064b9b00000,0x00000064b9c00000) (1024K)]
  0x0000026314fd1030 JavaThread "File watcher consumer"      daemon [_thread_blocked, id=10032, stack(0x00000064b9c00000,0x00000064b9d00000) (1024K)]
  0x0000026315df05f0 JavaThread "Memory manager"                    [_thread_blocked, id=13120, stack(0x00000064bb600000,0x00000064bb700000) (1024K)]
  0x0000026317d7d770 JavaThread "pool-3-thread-1"                   [_thread_blocked, id=9660, stack(0x00000064b8300000,0x00000064b8400000) (1024K)]
  0x000002631861ed60 JavaThread "RMI Scheduler(0)"           daemon [_thread_blocked, id=20604, stack(0x00000064bdc00000,0x00000064bdd00000) (1024K)]
  0x000002631861d320 JavaThread "RMI GC Daemon"              daemon [_thread_blocked, id=21268, stack(0x00000064bde00000,0x00000064bdf00000) (1024K)]
  0x000002631861d9b0 JavaThread "RMI TCP Accept-0"           daemon [_thread_in_native, id=12668, stack(0x00000064bdf00000,0x00000064be000000) (1024K)]
  0x000002631861e040 JavaThread "RMI Reaper"                        [_thread_blocked, id=21092, stack(0x00000064be000000,0x00000064be100000) (1024K)]
  0x0000026318f7dae0 JavaThread "RMI TCP Connection(idle)"   daemon [_thread_blocked, id=21292, stack(0x00000064be100000,0x00000064be200000) (1024K)]
  0x0000026313774750 JavaThread "Handler for socket connection from /127.0.0.1:64786 to /127.0.0.1:51437"        [_thread_in_native, id=13720, stack(0x00000064b6d00000,0x00000064b6e00000) (1024K)]
  0x00000263137712d0 JavaThread "Cancel handler"                    [_thread_blocked, id=12760, stack(0x00000064b6f00000,0x00000064b7000000) (1024K)]
  0x0000026313771ff0 JavaThread "Asynchronous log dispatcher for DefaultDaemonConnection: socket connection from /127.0.0.1:64786 to /127.0.0.1:51437"        [_thread_blocked, id=7696, stack(0x00000064b8b00000,0x00000064b8c00000) (1024K)]
  0x0000026313772680 JavaThread "Stdin handler"                     [_thread_blocked, id=12428, stack(0x00000064b8f00000,0x00000064b9000000) (1024K)]
  0x0000026315942670 JavaThread "Daemon client event forwarder"        [_thread_blocked, id=14328, stack(0x00000064b9100000,0x00000064b9200000) (1024K)]
  0x0000026315942d00 JavaThread "Cache worker for file hash cache (D:\bizgrow-project\upstyle\multi_platform\bizgrow-kmp\.gradle\8.11.1\fileHashes)"        [_thread_blocked, id=9136, stack(0x00000064b9200000,0x00000064b9300000) (1024K)]
  0x000002631593ff10 JavaThread "Cache worker for Build Output Cleanup Cache (D:\bizgrow-project\upstyle\multi_platform\bizgrow-kmp\.gradle\buildOutputCleanup)"        [_thread_blocked, id=7708, stack(0x00000064b9300000,0x00000064b9400000) (1024K)]
  0x0000026315943a20 JavaThread "Cache worker for checksums cache (D:\bizgrow-project\upstyle\multi_platform\bizgrow-kmp\.gradle\8.11.1\checksums)"        [_thread_blocked, id=20680, stack(0x00000064b9900000,0x00000064b9a00000) (1024K)]
  0x0000026315940c30 JavaThread "Cache worker for cache directory md-rule (C:\Users\DELL\.gradle\caches\8.11.1\md-rule)"        [_thread_blocked, id=20868, stack(0x00000064b9d00000,0x00000064b9e00000) (1024K)]
  0x00000263159412c0 JavaThread "Cache worker for cache directory md-supplier (C:\Users\DELL\.gradle\caches\8.11.1\md-supplier)"        [_thread_blocked, id=19316, stack(0x00000064b9e00000,0x00000064b9f00000) (1024K)]
  0x0000026315943390 JavaThread "Unconstrained build operations"        [_thread_blocked, id=17708, stack(0x00000064b9f00000,0x00000064ba000000) (1024K)]
  0x00000263159405a0 JavaThread "Unconstrained build operations Thread 2"        [_thread_blocked, id=3832, stack(0x00000064ba100000,0x00000064ba200000) (1024K)]
  0x00000263159440b0 JavaThread "Unconstrained build operations Thread 3"        [_thread_blocked, id=21332, stack(0x00000064ba200000,0x00000064ba300000) (1024K)]
  0x0000026315941950 JavaThread "Unconstrained build operations Thread 4"        [_thread_blocked, id=13328, stack(0x00000064ba300000,0x00000064ba400000) (1024K)]
  0x0000026315944740 JavaThread "Unconstrained build operations Thread 5"        [_thread_blocked, id=20948, stack(0x00000064ba400000,0x00000064ba500000) (1024K)]
  0x0000026315945460 JavaThread "Unconstrained build operations Thread 6"        [_thread_blocked, id=19492, stack(0x00000064ba500000,0x00000064ba600000) (1024K)]
  0x0000026315946180 JavaThread "Unconstrained build operations Thread 7"        [_thread_blocked, id=10736, stack(0x00000064ba600000,0x00000064ba700000) (1024K)]
  0x0000026315946810 JavaThread "Unconstrained build operations Thread 8"        [_thread_blocked, id=15404, stack(0x00000064ba700000,0x00000064ba800000) (1024K)]
  0x0000026315946ea0 JavaThread "Unconstrained build operations Thread 9"        [_thread_blocked, id=8252, stack(0x00000064ba800000,0x00000064ba900000) (1024K)]
  0x0000026315947530 JavaThread "Unconstrained build operations Thread 10"        [_thread_blocked, id=384, stack(0x00000064ba900000,0x00000064baa00000) (1024K)]
  0x0000026318f7c0a0 JavaThread "Unconstrained build operations Thread 11"        [_thread_blocked, id=21340, stack(0x00000064baa00000,0x00000064bab00000) (1024K)]
  0x0000026318f7fbb0 JavaThread "Unconstrained build operations Thread 12"        [_thread_blocked, id=9104, stack(0x00000064bab00000,0x00000064bac00000) (1024K)]
  0x0000026318f7f520 JavaThread "Unconstrained build operations Thread 13"        [_thread_blocked, id=1296, stack(0x00000064bac00000,0x00000064bad00000) (1024K)]
  0x0000026318f7c730 JavaThread "Unconstrained build operations Thread 14"        [_thread_blocked, id=20272, stack(0x00000064bad00000,0x00000064bae00000) (1024K)]
  0x0000026318f7e170 JavaThread "build event listener"              [_thread_blocked, id=3884, stack(0x00000064bae00000,0x00000064baf00000) (1024K)]
  0x000002631861a530 JavaThread "pool-6-thread-1"                   [_thread_blocked, id=18016, stack(0x00000064baf00000,0x00000064bb000000) (1024K)]
  0x0000026318619ea0 JavaThread "build event listener"              [_thread_blocked, id=20584, stack(0x00000064bb000000,0x00000064bb100000) (1024K)]
  0x0000026318618af0 JavaThread "included builds"                   [_thread_blocked, id=11104, stack(0x00000064bb100000,0x00000064bb200000) (1024K)]
  0x000002631861abc0 JavaThread "Execution worker"                  [_thread_blocked, id=2604, stack(0x00000064bb200000,0x00000064bb300000) (1024K)]
  0x000002631861b250 JavaThread "Execution worker Thread 2"         [_thread_blocked, id=14688, stack(0x00000064bb300000,0x00000064bb400000) (1024K)]
  0x0000026318617dd0 JavaThread "Execution worker Thread 3"         [_thread_blocked, id=8828, stack(0x00000064bb400000,0x00000064bb500000) (1024K)]
  0x000002631861bf70 JavaThread "Execution worker Thread 4"         [_thread_blocked, id=17840, stack(0x00000064bb500000,0x00000064bb600000) (1024K)]
  0x000002631861c600 JavaThread "Execution worker Thread 5"         [_thread_blocked, id=10224, stack(0x00000064bb700000,0x00000064bb800000) (1024K)]
  0x0000026317d7de00 JavaThread "Execution worker Thread 6"         [_thread_blocked, id=10640, stack(0x00000064bb800000,0x00000064bb900000) (1024K)]
  0x0000026317d7eb20 JavaThread "Execution worker Thread 7"         [_thread_blocked, id=12056, stack(0x00000064bba00000,0x00000064bbb00000) (1024K)]
  0x0000026317d7f1b0 JavaThread "Cache worker for execution history cache (D:\bizgrow-project\upstyle\multi_platform\bizgrow-kmp\.gradle\8.11.1\executionHistory)"        [_thread_blocked, id=10360, stack(0x00000064bbb00000,0x00000064bbc00000) (1024K)]
  0x0000026317d7ca50 JavaThread "Unconstrained build operations Thread 15"        [_thread_blocked, id=15624, stack(0x00000064bbd00000,0x00000064bbe00000) (1024K)]
  0x0000026317d81910 JavaThread "Unconstrained build operations Thread 16"        [_thread_blocked, id=2288, stack(0x00000064bbe00000,0x00000064bbf00000) (1024K)]
  0x0000026317d80560 JavaThread "Unconstrained build operations Thread 17"        [_thread_blocked, id=5136, stack(0x00000064bbf00000,0x00000064bc000000) (1024K)]
  0x0000026317d81fa0 JavaThread "Unconstrained build operations Thread 18"        [_thread_blocked, id=6376, stack(0x00000064bc000000,0x00000064bc100000) (1024K)]
  0x0000026317d82630 JavaThread "Unconstrained build operations Thread 19"        [_thread_blocked, id=17348, stack(0x00000064bc100000,0x00000064bc200000) (1024K)]
  0x0000026317d82cc0 JavaThread "Unconstrained build operations Thread 20"        [_thread_blocked, id=2544, stack(0x00000064bc200000,0x00000064bc300000) (1024K)]
  0x0000026314fd3790 JavaThread "Unconstrained build operations Thread 21"        [_thread_blocked, id=20540, stack(0x00000064bc300000,0x00000064bc400000) (1024K)]
  0x0000026314fd1d50 JavaThread "Unconstrained build operations Thread 22"        [_thread_blocked, id=14432, stack(0x00000064bc400000,0x00000064bc500000) (1024K)]
  0x0000026314fd16c0 JavaThread "Unconstrained build operations Thread 23"        [_thread_blocked, id=20924, stack(0x00000064bc500000,0x00000064bc600000) (1024K)]
  0x0000026314fd23e0 JavaThread "Unconstrained build operations Thread 24"        [_thread_blocked, id=20072, stack(0x00000064bc600000,0x00000064bc700000) (1024K)]
  0x0000026314fd0310 JavaThread "Unconstrained build operations Thread 25"        [_thread_blocked, id=7564, stack(0x00000064bc700000,0x00000064bc800000) (1024K)]
  0x0000026314fd2a70 JavaThread "Unconstrained build operations Thread 26"        [_thread_blocked, id=10988, stack(0x00000064bc800000,0x00000064bc900000) (1024K)]
  0x0000026314fd72a0 JavaThread "Unconstrained build operations Thread 27"        [_thread_blocked, id=12756, stack(0x00000064bc900000,0x00000064bca00000) (1024K)]
  0x0000026314fd6580 JavaThread "Unconstrained build operations Thread 28"        [_thread_blocked, id=12532, stack(0x00000064bca00000,0x00000064bcb00000) (1024K)]
  0x0000026313b16020 JavaThread "Unconstrained build operations Thread 29"        [_thread_blocked, id=3908, stack(0x00000064bcb00000,0x00000064bcc00000) (1024K)]
  0x0000026313b173d0 JavaThread "Unconstrained build operations Thread 30"        [_thread_blocked, id=3688, stack(0x00000064bcc00000,0x00000064bcd00000) (1024K)]
  0x0000026313b145e0 JavaThread "Unconstrained build operations Thread 31"        [_thread_blocked, id=19476, stack(0x00000064bcd00000,0x00000064bce00000) (1024K)]
  0x0000026313b17a60 JavaThread "Unconstrained build operations Thread 32"        [_thread_blocked, id=12832, stack(0x00000064bce00000,0x00000064bcf00000) (1024K)]
  0x0000026313b19b30 JavaThread "Unconstrained build operations Thread 33"        [_thread_blocked, id=10176, stack(0x00000064bcf00000,0x00000064bd000000) (1024K)]
  0x0000026313b18e10 JavaThread "Unconstrained build operations Thread 34"        [_thread_blocked, id=14408, stack(0x00000064bd000000,0x00000064bd100000) (1024K)]
  0x0000026313b194a0 JavaThread "Unconstrained build operations Thread 35"        [_thread_blocked, id=6508, stack(0x00000064bd100000,0x00000064bd200000) (1024K)]
  0x0000026313b18780 JavaThread "Unconstrained build operations Thread 36"        [_thread_blocked, id=10820, stack(0x00000064bd200000,0x00000064bd300000) (1024K)]
  0x0000026313b166b0 JavaThread "Unconstrained build operations Thread 37"        [_thread_blocked, id=17972, stack(0x00000064bd300000,0x00000064bd400000) (1024K)]
  0x0000026313b1a1c0 JavaThread "Unconstrained build operations Thread 38"        [_thread_blocked, id=2484, stack(0x00000064bd400000,0x00000064bd500000) (1024K)]
  0x0000026313b16d40 JavaThread "Unconstrained build operations Thread 39"        [_thread_blocked, id=4444, stack(0x00000064bd500000,0x00000064bd600000) (1024K)]
  0x0000026313b1b570 JavaThread "Unconstrained build operations Thread 40"        [_thread_blocked, id=16532, stack(0x00000064bd600000,0x00000064bd700000) (1024K)]
  0x0000026313b1aee0 JavaThread "Unconstrained build operations Thread 41"        [_thread_blocked, id=1996, stack(0x00000064bd700000,0x00000064bd800000) (1024K)]
  0x0000026313b180f0 JavaThread "Unconstrained build operations Thread 42"        [_thread_blocked, id=9432, stack(0x00000064bd800000,0x00000064bd900000) (1024K)]
  0x0000026313b1c920 JavaThread "Unconstrained build operations Thread 43"        [_thread_blocked, id=16860, stack(0x00000064bd900000,0x00000064bda00000) (1024K)]
  0x0000026313b1cfb0 JavaThread "Unconstrained build operations Thread 44"        [_thread_blocked, id=14924, stack(0x00000064bdb00000,0x00000064bdc00000) (1024K)]
  0x0000026313b15990 JavaThread "WorkerExecutor Queue Thread 2"        [_thread_blocked, id=14808, stack(0x00000064bdd00000,0x00000064bde00000) (1024K)]
  0x0000026313b1d640 JavaThread "WorkerExecutor Queue Thread 3"        [_thread_blocked, id=3300, stack(0x00000064be300000,0x00000064be400000) (1024K)]
  0x0000026313b1dcd0 JavaThread "WorkerExecutor Queue Thread 4"        [_thread_blocked, id=13192, stack(0x00000064be400000,0x00000064be500000) (1024K)]
  0x0000026313b1c290 JavaThread "WorkerExecutor Queue Thread 5"        [_thread_blocked, id=19360, stack(0x00000064be500000,0x00000064be600000) (1024K)]
  0x0000026313b1bc00 JavaThread "WorkerExecutor Queue Thread 6"        [_thread_blocked, id=16036, stack(0x00000064be600000,0x00000064be700000) (1024K)]
  0x0000026313b1e9f0 JavaThread "WorkerExecutor Queue Thread 7"        [_thread_blocked, id=9436, stack(0x00000064be800000,0x00000064be900000) (1024K)]
  0x0000026313b14c70 JavaThread "WorkerExecutor Queue Thread 8"        [_thread_blocked, id=20532, stack(0x00000064be900000,0x00000064bea00000) (1024K)]
  0x0000026313b13f50 JavaThread "WorkerExecutor Queue Thread 9"        [_thread_blocked, id=15856, stack(0x00000064bea00000,0x00000064beb00000) (1024K)]
  0x0000026313b15300 JavaThread "Unconstrained build operations Thread 45"        [_thread_blocked, id=19008, stack(0x00000064beb00000,0x00000064bec00000) (1024K)]
  0x0000026313b20ac0 JavaThread "Unconstrained build operations Thread 46"        [_thread_blocked, id=20260, stack(0x00000064bec00000,0x00000064bed00000) (1024K)]
  0x0000026313b21e70 JavaThread "Unconstrained build operations Thread 47"        [_thread_blocked, id=21260, stack(0x00000064bed00000,0x00000064bee00000) (1024K)]
  0x0000026313b20430 JavaThread "Unconstrained build operations Thread 48"        [_thread_blocked, id=17756, stack(0x00000064bee00000,0x00000064bef00000) (1024K)]
  0x0000026313b21150 JavaThread "Unconstrained build operations Thread 49"        [_thread_blocked, id=21168, stack(0x00000064bef00000,0x00000064bf000000) (1024K)]
  0x0000026313b217e0 JavaThread "Unconstrained build operations Thread 50"        [_thread_blocked, id=5036, stack(0x00000064bf000000,0x00000064bf100000) (1024K)]
  0x0000026313b22500 JavaThread "Unconstrained build operations Thread 51"        [_thread_blocked, id=3260, stack(0x00000064bf100000,0x00000064bf200000) (1024K)]
  0x0000026313b1f080 JavaThread "Unconstrained build operations Thread 52"        [_thread_blocked, id=8876, stack(0x00000064bf200000,0x00000064bf300000) (1024K)]
  0x0000026313b1fda0 JavaThread "Unconstrained build operations Thread 53"        [_thread_blocked, id=21036, stack(0x00000064bf300000,0x00000064bf400000) (1024K)]
  0x0000026313b22b90 JavaThread "Unconstrained build operations Thread 54"        [_thread_blocked, id=20052, stack(0x00000064bf400000,0x00000064bf500000) (1024K)]
  0x0000026313b1f710 JavaThread "Unconstrained build operations Thread 55"        [_thread_blocked, id=20624, stack(0x00000064bf500000,0x00000064bf600000) (1024K)]
  0x0000026313b23220 JavaThread "Unconstrained build operations Thread 56"        [_thread_blocked, id=3860, stack(0x00000064bf600000,0x00000064bf700000) (1024K)]
  0x00000263163f4ab0 JavaThread "Unconstrained build operations Thread 57"        [_thread_blocked, id=4936, stack(0x00000064bf700000,0x00000064bf800000) (1024K)]
  0x00000263163f3700 JavaThread "Unconstrained build operations Thread 58"        [_thread_blocked, id=14448, stack(0x00000064bf800000,0x00000064bf900000) (1024K)]
  0x00000263163f4420 JavaThread "Unconstrained build operations Thread 59"        [_thread_blocked, id=4360, stack(0x00000064b9a00000,0x00000064b9b00000) (1024K)]
  0x00000263163f5e60 JavaThread "Unconstrained build operations Thread 60"        [_thread_blocked, id=7836, stack(0x00000064bbc00000,0x00000064bbd00000) (1024K)]
  0x00000263163f64f0 JavaThread "Unconstrained build operations Thread 61"        [_thread_blocked, id=19432, stack(0x00000064bf900000,0x00000064bfa00000) (1024K)]
  0x00000263163f3070 JavaThread "Unconstrained build operations Thread 62"        [_thread_blocked, id=10336, stack(0x00000064bfa00000,0x00000064bfb00000) (1024K)]
  0x00000263163f85c0 JavaThread "Unconstrained build operations Thread 63"        [_thread_blocked, id=13912, stack(0x00000064bfb00000,0x00000064bfc00000) (1024K)]
  0x00000263163f9970 JavaThread "Unconstrained build operations Thread 64"        [_thread_blocked, id=10524, stack(0x00000064bfc00000,0x00000064bfd00000) (1024K)]
  0x00000263163f6b80 JavaThread "Unconstrained build operations Thread 65"        [_thread_blocked, id=18680, stack(0x00000064bfd00000,0x00000064bfe00000) (1024K)]
  0x00000263163f8c50 JavaThread "Unconstrained build operations Thread 66"        [_thread_blocked, id=2192, stack(0x00000064bfe00000,0x00000064bff00000) (1024K)]
  0x00000263163f92e0 JavaThread "Unconstrained build operations Thread 67"        [_thread_blocked, id=5556, stack(0x00000064bff00000,0x00000064c0000000) (1024K)]
  0x00000263163fa690 JavaThread "Unconstrained build operations Thread 68"        [_thread_blocked, id=1820, stack(0x00000064c0000000,0x00000064c0100000) (1024K)]
  0x00000263163f7f30 JavaThread "Unconstrained build operations Thread 69"        [_thread_blocked, id=6560, stack(0x00000064c0100000,0x00000064c0200000) (1024K)]
  0x00000263163f7210 JavaThread "Unconstrained build operations Thread 70"        [_thread_blocked, id=2572, stack(0x00000064c0200000,0x00000064c0300000) (1024K)]
  0x00000263163f78a0 JavaThread "Unconstrained build operations Thread 71"        [_thread_blocked, id=17956, stack(0x00000064c0300000,0x00000064c0400000) (1024K)]
  0x0000026314c7b9a0 JavaThread "Unconstrained build operations Thread 72"        [_thread_blocked, id=17680, stack(0x00000064c0400000,0x00000064c0500000) (1024K)]
  0x000002631650ef80 JavaThread "Unconstrained build operations Thread 73"        [_thread_blocked, id=10784, stack(0x00000064c0500000,0x00000064c0600000) (1024K)]
  0x00000263165137b0 JavaThread "Unconstrained build operations Thread 74"        [_thread_blocked, id=12472, stack(0x00000064c0600000,0x00000064c0700000) (1024K)]
  0x0000026316510330 JavaThread "Unconstrained build operations Thread 75"        [_thread_blocked, id=5208, stack(0x00000064c0700000,0x00000064c0800000) (1024K)]
  0x0000026316513e40 JavaThread "Unconstrained build operations Thread 76"        [_thread_blocked, id=8020, stack(0x00000064c0800000,0x00000064c0900000) (1024K)]
  0x00000263165144d0 JavaThread "Unconstrained build operations Thread 77"        [_thread_blocked, id=6364, stack(0x00000064c0900000,0x00000064c0a00000) (1024K)]
  0x00000263165151f0 JavaThread "Unconstrained build operations Thread 78"        [_thread_blocked, id=17044, stack(0x00000064c0a00000,0x00000064c0b00000) (1024K)]
  0x0000026316515880 JavaThread "Unconstrained build operations Thread 79"        [_thread_blocked, id=15848, stack(0x00000064c0b00000,0x00000064c0c00000) (1024K)]
  0x000002631650a750 JavaThread "Unconstrained build operations Thread 80"        [_thread_blocked, id=10744, stack(0x00000064c0c00000,0x00000064c0d00000) (1024K)]
  0x0000026314a7a990 JavaThread "C2 CompilerThread1"         daemon [_thread_in_native, id=15496, stack(0x00000064bda00000,0x00000064bdb00000) (1024K)]
Total: 140

Other Threads:
=>0x000002637d7cac90 VMThread "VM Thread"                           [id=13800, stack(0x00000064b7700000,0x00000064b7800000) (1024K)]
  0x000002637d7ba090 WatcherThread "VM Periodic Task Thread"        [id=18788, stack(0x00000064b7600000,0x00000064b7700000) (1024K)]
  0x00000263729c7fe0 WorkerThread "GC Thread#0"                     [id=3516, stack(0x00000064b7100000,0x00000064b7200000) (1024K)]
  0x000002637e0c8120 WorkerThread "GC Thread#1"                     [id=10680, stack(0x00000064b8400000,0x00000064b8500000) (1024K)]
  0x000002637e15d210 WorkerThread "GC Thread#2"                     [id=12300, stack(0x00000064b8500000,0x00000064b8600000) (1024K)]
  0x000002637dff95c0 WorkerThread "GC Thread#3"                     [id=9704, stack(0x00000064b8600000,0x00000064b8700000) (1024K)]
  0x000002637eccd700 WorkerThread "GC Thread#4"                     [id=9708, stack(0x00000064b8200000,0x00000064b8300000) (1024K)]
  0x00000263133a79f0 WorkerThread "GC Thread#5"                     [id=4204, stack(0x00000064b8c00000,0x00000064b8d00000) (1024K)]
  0x00000263133a7d90 WorkerThread "GC Thread#6"                     [id=1780, stack(0x00000064b8d00000,0x00000064b8e00000) (1024K)]
  0x00000263133a8130 WorkerThread "GC Thread#7"                     [id=20996, stack(0x00000064b8e00000,0x00000064b8f00000) (1024K)]
  0x00000263729d9d10 ConcurrentGCThread "G1 Main Marker"            [id=9184, stack(0x00000064b7200000,0x00000064b7300000) (1024K)]
  0x00000263729daec0 WorkerThread "G1 Conc#0"                       [id=21152, stack(0x00000064b7300000,0x00000064b7400000) (1024K)]
  0x00000263133a84d0 WorkerThread "G1 Conc#1"                       [id=9796, stack(0x00000064b9400000,0x00000064b9500000) (1024K)]
  0x000002637d688100 ConcurrentGCThread "G1 Refine#0"               [id=21224, stack(0x00000064b7400000,0x00000064b7500000) (1024K)]
  0x000002637d688b80 ConcurrentGCThread "G1 Service"                [id=10612, stack(0x00000064b7500000,0x00000064b7600000) (1024K)]
Total: 15

Threads with active compile tasks:
C2 CompilerThread0  176585 29514       4       com.android.tools.r8.internal.CQ::a (1862 bytes)
C2 CompilerThread1  176585 29671 %     4       com.android.tools.r8.internal.CQ::b @ 1257 (4448 bytes)
Total: 2

VM state: at safepoint (normal execution)

VM Mutex/Monitor currently owned by a thread:  ([mutex/lock_event])
[0x00007ff9a56385b8] Threads_lock - owner thread: 0x000002637d7cac90
[0x00007ff9a56386b8] Heap_lock - owner thread: 0x0000026315946180

Heap address: 0x0000000700000000, size: 4096 MB, Compressed Oops mode: Zero based, Oop shift amount: 3

CDS archive(s) not mapped
Compressed class space mapped at: 0x0000000800000000-0x0000000834000000, reserved size: 872415232
Narrow klass base: 0x0000000800000000, Narrow klass shift: 0, Narrow klass range: 0x34000000

GC Precious Log:
 CardTable entry size: 512
 Card Set container configuration: InlinePtr #cards 4 size 8 Array Of Cards #cards 16 size 48 Howl #buckets 8 coarsen threshold 3686 Howl Bitmap #cards 512 size 80 coarsen threshold 460 Card regions per heap region 1 cards per card region 4096
 CPUs: 8 total, 8 available
 Memory: 8006M
 Large Page Support: Disabled
 NUMA Support: Disabled
 Compressed Oops: Enabled (Zero based)
 Heap Region Size: 2M
 Heap Min Capacity: 8M
 Heap Initial Capacity: 126M
 Heap Max Capacity: 4G
 Pre-touch: Disabled
 Parallel Workers: 8
 Concurrent Workers: 2
 Concurrent Refinement Workers: 8
 Periodic GC: Disabled

Heap:
 garbage-first heap   total 675840K, used 421186K [0x0000000700000000, 0x0000000800000000)
  region size 2048K, 9 young (18432K), 9 survivors (18432K)
 Metaspace       used 168971K, committed 171328K, reserved 1048576K
  class space    used 23237K, committed 24384K, reserved 851968K

Heap Regions: E=young(eden), S=young(survivor), O=old, HS=humongous(starts), HC=humongous(continues), CS=collection set, F=free, TAMS=top-at-mark-start, PB=parsable bottom
|   0|0x0000000700000000, 0x0000000700200000, 0x0000000700200000|100%|HS|  |TAMS 0x0000000700200000| PB 0x0000000700000000| Complete 
|   1|0x0000000700200000, 0x0000000700400000, 0x0000000700400000|100%|HC|  |TAMS 0x0000000700400000| PB 0x0000000700200000| Complete 
|   2|0x0000000700400000, 0x0000000700600000, 0x0000000700600000|100%| O|  |TAMS 0x0000000700600000| PB 0x0000000700400000| Untracked 
|   3|0x0000000700600000, 0x0000000700800000, 0x0000000700800000|100%| O|  |TAMS 0x0000000700800000| PB 0x0000000700600000| Untracked 
|   4|0x0000000700800000, 0x0000000700a00000, 0x0000000700a00000|100%| O|  |TAMS 0x0000000700a00000| PB 0x0000000700800000| Untracked 
|   5|0x0000000700a00000, 0x0000000700c00000, 0x0000000700c00000|100%| O|  |TAMS 0x0000000700c00000| PB 0x0000000700a00000| Untracked 
|   6|0x0000000700c00000, 0x0000000700e00000, 0x0000000700e00000|100%| O|  |TAMS 0x0000000700e00000| PB 0x0000000700c00000| Updating 
|   7|0x0000000700e00000, 0x0000000701000000, 0x0000000701000000|100%| O|  |TAMS 0x0000000701000000| PB 0x0000000700e00000| Untracked 
|   8|0x0000000701000000, 0x0000000701200000, 0x0000000701200000|100%| O|  |TAMS 0x0000000701200000| PB 0x0000000701000000| Untracked 
|   9|0x0000000701200000, 0x0000000701400000, 0x0000000701400000|100%| O|  |TAMS 0x0000000701400000| PB 0x0000000701200000| Untracked 
|  10|0x0000000701400000, 0x0000000701600000, 0x0000000701600000|100%| O|  |TAMS 0x0000000701600000| PB 0x0000000701400000| Untracked 
|  11|0x0000000701600000, 0x0000000701800000, 0x0000000701800000|100%| O|  |TAMS 0x0000000701800000| PB 0x0000000701600000| Updating 
|  12|0x0000000701800000, 0x0000000701a00000, 0x0000000701a00000|100%| O|  |TAMS 0x0000000701a00000| PB 0x0000000701800000| Untracked 
|  13|0x0000000701a00000, 0x0000000701c00000, 0x0000000701c00000|100%| O|  |TAMS 0x0000000701c00000| PB 0x0000000701a00000| Untracked 
|  14|0x0000000701c00000, 0x0000000701e00000, 0x0000000701e00000|100%| O|  |TAMS 0x0000000701e00000| PB 0x0000000701c00000| Updating 
|  15|0x0000000701e00000, 0x0000000702000000, 0x0000000702000000|100%| O|  |TAMS 0x0000000702000000| PB 0x0000000701e00000| Updating 
|  16|0x0000000702000000, 0x0000000702200000, 0x0000000702200000|100%| O|  |TAMS 0x0000000702200000| PB 0x0000000702000000| Updating 
|  17|0x0000000702200000, 0x0000000702400000, 0x0000000702400000|100%| O|  |TAMS 0x0000000702400000| PB 0x0000000702200000| Updating 
|  18|0x0000000702400000, 0x0000000702600000, 0x0000000702600000|100%| O|  |TAMS 0x0000000702600000| PB 0x0000000702400000| Untracked 
|  19|0x0000000702600000, 0x0000000702800000, 0x0000000702800000|100%| O|  |TAMS 0x0000000702800000| PB 0x0000000702600000| Updating 
|  20|0x0000000702800000, 0x0000000702a00000, 0x0000000702a00000|100%| O|  |TAMS 0x0000000702a00000| PB 0x0000000702800000| Updating 
|  21|0x0000000702a00000, 0x0000000702c00000, 0x0000000702c00000|100%| O|  |TAMS 0x0000000702c00000| PB 0x0000000702a00000| Untracked 
|  22|0x0000000702c00000, 0x0000000702e00000, 0x0000000702e00000|100%| O|  |TAMS 0x0000000702e00000| PB 0x0000000702c00000| Updating 
|  23|0x0000000702e00000, 0x0000000703000000, 0x0000000703000000|100%| O|  |TAMS 0x0000000703000000| PB 0x0000000702e00000| Updating 
|  24|0x0000000703000000, 0x0000000703200000, 0x0000000703200000|100%| O|  |TAMS 0x0000000703200000| PB 0x0000000703000000| Updating 
|  25|0x0000000703200000, 0x0000000703400000, 0x0000000703400000|100%| O|  |TAMS 0x0000000703400000| PB 0x0000000703200000| Updating 
|  26|0x0000000703400000, 0x0000000703600000, 0x0000000703600000|100%|HS|  |TAMS 0x0000000703600000| PB 0x0000000703400000| Complete 
|  27|0x0000000703600000, 0x0000000703800000, 0x0000000703800000|100%|HS|  |TAMS 0x0000000703800000| PB 0x0000000703600000| Complete 
|  28|0x0000000703800000, 0x0000000703a00000, 0x0000000703a00000|100%| O|  |TAMS 0x0000000703a00000| PB 0x0000000703800000| Updating 
|  29|0x0000000703a00000, 0x0000000703c00000, 0x0000000703c00000|100%| O|  |TAMS 0x0000000703c00000| PB 0x0000000703a00000| Untracked 
|  30|0x0000000703c00000, 0x0000000703e00000, 0x0000000703e00000|100%| O|  |TAMS 0x0000000703e00000| PB 0x0000000703c00000| Untracked 
|  31|0x0000000703e00000, 0x0000000704000000, 0x0000000704000000|100%| O|  |TAMS 0x0000000704000000| PB 0x0000000703e00000| Untracked 
|  32|0x0000000704000000, 0x0000000704200000, 0x0000000704200000|100%| O|  |TAMS 0x0000000704200000| PB 0x0000000704000000| Updating 
|  33|0x0000000704200000, 0x0000000704400000, 0x0000000704400000|100%| O|  |TAMS 0x0000000704400000| PB 0x0000000704200000| Untracked 
|  34|0x0000000704400000, 0x0000000704600000, 0x0000000704600000|100%| O|  |TAMS 0x0000000704600000| PB 0x0000000704400000| Updating 
|  35|0x0000000704600000, 0x0000000704800000, 0x0000000704800000|100%| O|  |TAMS 0x0000000704800000| PB 0x0000000704600000| Updating 
|  36|0x0000000704800000, 0x0000000704a00000, 0x0000000704a00000|100%| O|  |TAMS 0x0000000704a00000| PB 0x0000000704800000| Untracked 
|  37|0x0000000704a00000, 0x0000000704c00000, 0x0000000704c00000|100%| O|  |TAMS 0x0000000704c00000| PB 0x0000000704a00000| Untracked 
|  38|0x0000000704c00000, 0x0000000704e00000, 0x0000000704e00000|100%| O|  |TAMS 0x0000000704e00000| PB 0x0000000704c00000| Untracked 
|  39|0x0000000704e00000, 0x0000000705000000, 0x0000000705000000|100%| O|  |TAMS 0x0000000705000000| PB 0x0000000704e00000| Untracked 
|  40|0x0000000705000000, 0x0000000705200000, 0x0000000705200000|100%| O|  |TAMS 0x0000000705200000| PB 0x0000000705000000| Updating 
|  41|0x0000000705200000, 0x0000000705400000, 0x0000000705400000|100%| O|  |TAMS 0x0000000705400000| PB 0x0000000705200000| Untracked 
|  42|0x0000000705400000, 0x0000000705600000, 0x0000000705600000|100%| O|  |TAMS 0x0000000705600000| PB 0x0000000705400000| Untracked 
|  43|0x0000000705600000, 0x0000000705800000, 0x0000000705800000|100%| O|  |TAMS 0x0000000705800000| PB 0x0000000705600000| Updating 
|  44|0x0000000705800000, 0x0000000705a00000, 0x0000000705a00000|100%| O|  |TAMS 0x0000000705a00000| PB 0x0000000705800000| Untracked 
|  45|0x0000000705a00000, 0x0000000705c00000, 0x0000000705c00000|100%| O|  |TAMS 0x0000000705c00000| PB 0x0000000705a00000| Untracked 
|  46|0x0000000705c00000, 0x0000000705e00000, 0x0000000705e00000|100%| O|  |TAMS 0x0000000705e00000| PB 0x0000000705c00000| Updating 
|  47|0x0000000705e00000, 0x0000000706000000, 0x0000000706000000|100%| O|  |TAMS 0x0000000706000000| PB 0x0000000705e00000| Updating 
|  48|0x0000000706000000, 0x0000000706200000, 0x0000000706200000|100%| O|  |TAMS 0x0000000706200000| PB 0x0000000706000000| Untracked 
|  49|0x0000000706200000, 0x0000000706400000, 0x0000000706400000|100%| O|  |TAMS 0x0000000706400000| PB 0x0000000706200000| Updating 
|  50|0x0000000706400000, 0x0000000706600000, 0x0000000706600000|100%| O|  |TAMS 0x0000000706600000| PB 0x0000000706400000| Updating 
|  51|0x0000000706600000, 0x0000000706800000, 0x0000000706800000|100%| O|  |TAMS 0x0000000706800000| PB 0x0000000706600000| Updating 
|  52|0x0000000706800000, 0x0000000706a00000, 0x0000000706a00000|100%| O|  |TAMS 0x0000000706a00000| PB 0x0000000706800000| Updating 
|  53|0x0000000706a00000, 0x0000000706c00000, 0x0000000706c00000|100%| O|  |TAMS 0x0000000706c00000| PB 0x0000000706a00000| Updating 
|  54|0x0000000706c00000, 0x0000000706e00000, 0x0000000706e00000|100%| O|  |TAMS 0x0000000706e00000| PB 0x0000000706c00000| Untracked 
|  55|0x0000000706e00000, 0x0000000707000000, 0x0000000707000000|100%| O|  |TAMS 0x0000000707000000| PB 0x0000000706e00000| Untracked 
|  56|0x0000000707000000, 0x0000000707200000, 0x0000000707200000|100%| O|  |TAMS 0x0000000707200000| PB 0x0000000707000000| Updating 
|  57|0x0000000707200000, 0x0000000707400000, 0x0000000707400000|100%| O|  |TAMS 0x0000000707400000| PB 0x0000000707200000| Untracked 
|  58|0x0000000707400000, 0x0000000707600000, 0x0000000707600000|100%| O|  |TAMS 0x0000000707600000| PB 0x0000000707400000| Untracked 
|  59|0x0000000707600000, 0x0000000707800000, 0x0000000707800000|100%| O|  |TAMS 0x0000000707800000| PB 0x0000000707600000| Untracked 
|  60|0x0000000707800000, 0x0000000707a00000, 0x0000000707a00000|100%| O|  |TAMS 0x0000000707a00000| PB 0x0000000707800000| Untracked 
|  61|0x0000000707a00000, 0x0000000707c00000, 0x0000000707c00000|100%| O|  |TAMS 0x0000000707a00000| PB 0x0000000707a00000| Untracked 
|  62|0x0000000707c00000, 0x0000000707e00000, 0x0000000707e00000|100%| O|  |TAMS 0x0000000707e00000| PB 0x0000000707c00000| Untracked 
|  63|0x0000000707e00000, 0x0000000708000000, 0x0000000708000000|100%| O|  |TAMS 0x0000000708000000| PB 0x0000000707e00000| Untracked 
|  64|0x0000000708000000, 0x0000000708200000, 0x0000000708200000|100%| O|  |TAMS 0x0000000708200000| PB 0x0000000708000000| Untracked 
|  65|0x0000000708200000, 0x0000000708400000, 0x0000000708400000|100%| O|  |TAMS 0x0000000708400000| PB 0x0000000708200000| Untracked 
|  66|0x0000000708400000, 0x0000000708600000, 0x0000000708600000|100%| O|  |TAMS 0x0000000708600000| PB 0x0000000708400000| Updating 
|  67|0x0000000708600000, 0x0000000708800000, 0x0000000708800000|100%| O|  |TAMS 0x0000000708800000| PB 0x0000000708600000| Untracked 
|  68|0x0000000708800000, 0x0000000708a00000, 0x0000000708a00000|100%| O|  |TAMS 0x0000000708a00000| PB 0x0000000708800000| Untracked 
|  69|0x0000000708a00000, 0x0000000708c00000, 0x0000000708c00000|100%| O|  |TAMS 0x0000000708c00000| PB 0x0000000708a00000| Updating 
|  70|0x0000000708c00000, 0x0000000708e00000, 0x0000000708e00000|100%| O|  |TAMS 0x0000000708e00000| PB 0x0000000708c00000| Updating 
|  71|0x0000000708e00000, 0x0000000709000000, 0x0000000709000000|100%| O|  |TAMS 0x0000000709000000| PB 0x0000000708e00000| Updating 
|  72|0x0000000709000000, 0x0000000709200000, 0x0000000709200000|100%| O|  |TAMS 0x0000000709200000| PB 0x0000000709000000| Updating 
|  73|0x0000000709200000, 0x0000000709400000, 0x0000000709400000|100%| O|  |TAMS 0x0000000709400000| PB 0x0000000709200000| Untracked 
|  74|0x0000000709400000, 0x0000000709600000, 0x0000000709600000|100%| O|  |TAMS 0x0000000709600000| PB 0x0000000709400000| Untracked 
|  75|0x0000000709600000, 0x0000000709800000, 0x0000000709800000|100%| O|  |TAMS 0x0000000709800000| PB 0x0000000709600000| Untracked 
|  76|0x0000000709800000, 0x0000000709a00000, 0x0000000709a00000|100%| O|  |TAMS 0x0000000709a00000| PB 0x0000000709800000| Untracked 
|  77|0x0000000709a00000, 0x0000000709c00000, 0x0000000709c00000|100%| O|  |TAMS 0x0000000709c00000| PB 0x0000000709a00000| Updating 
|  78|0x0000000709c00000, 0x0000000709e00000, 0x0000000709e00000|100%| O|  |TAMS 0x0000000709e00000| PB 0x0000000709c00000| Updating 
|  79|0x0000000709e00000, 0x000000070a000000, 0x000000070a000000|100%| O|  |TAMS 0x000000070a000000| PB 0x0000000709e00000| Untracked 
|  80|0x000000070a000000, 0x000000070a200000, 0x000000070a200000|100%| O|  |TAMS 0x000000070a200000| PB 0x000000070a000000| Untracked 
|  81|0x000000070a200000, 0x000000070a400000, 0x000000070a400000|100%| O|  |TAMS 0x000000070a400000| PB 0x000000070a200000| Untracked 
|  82|0x000000070a400000, 0x000000070a600000, 0x000000070a600000|100%| O|  |TAMS 0x000000070a600000| PB 0x000000070a400000| Updating 
|  83|0x000000070a600000, 0x000000070a800000, 0x000000070a800000|100%| O|  |TAMS 0x000000070a800000| PB 0x000000070a600000| Updating 
|  84|0x000000070a800000, 0x000000070aa00000, 0x000000070aa00000|100%| O|  |TAMS 0x000000070aa00000| PB 0x000000070a800000| Updating 
|  85|0x000000070aa00000, 0x000000070ac00000, 0x000000070ac00000|100%| O|  |TAMS 0x000000070ac00000| PB 0x000000070aa00000| Untracked 
|  86|0x000000070ac00000, 0x000000070ae00000, 0x000000070ae00000|100%| O|  |TAMS 0x000000070ae00000| PB 0x000000070ac00000| Untracked 
|  87|0x000000070ae00000, 0x000000070b000000, 0x000000070b000000|100%| O|  |TAMS 0x000000070b000000| PB 0x000000070ae00000| Updating 
|  88|0x000000070b000000, 0x000000070b200000, 0x000000070b200000|100%| O|  |TAMS 0x000000070b200000| PB 0x000000070b000000| Untracked 
|  89|0x000000070b200000, 0x000000070b400000, 0x000000070b400000|100%| O|  |TAMS 0x000000070b400000| PB 0x000000070b200000| Untracked 
|  90|0x000000070b400000, 0x000000070b600000, 0x000000070b600000|100%| O|  |TAMS 0x000000070b600000| PB 0x000000070b400000| Untracked 
|  91|0x000000070b600000, 0x000000070b800000, 0x000000070b800000|100%| O|  |TAMS 0x000000070b800000| PB 0x000000070b600000| Untracked 
|  92|0x000000070b800000, 0x000000070ba00000, 0x000000070ba00000|100%| O|  |TAMS 0x000000070ba00000| PB 0x000000070b800000| Untracked 
|  93|0x000000070ba00000, 0x000000070bc00000, 0x000000070bc00000|100%| O|  |TAMS 0x000000070bc00000| PB 0x000000070ba00000| Updating 
|  94|0x000000070bc00000, 0x000000070be00000, 0x000000070be00000|100%| O|  |TAMS 0x000000070be00000| PB 0x000000070bc00000| Updating 
|  95|0x000000070be00000, 0x000000070c000000, 0x000000070c000000|100%| O|  |TAMS 0x000000070be00000| PB 0x000000070be00000| Untracked 
|  96|0x000000070c000000, 0x000000070c200000, 0x000000070c200000|100%| O|  |TAMS 0x000000070c200000| PB 0x000000070c000000| Updating 
|  97|0x000000070c200000, 0x000000070c400000, 0x000000070c400000|100%| O|  |TAMS 0x000000070c400000| PB 0x000000070c200000| Updating 
|  98|0x000000070c400000, 0x000000070c600000, 0x000000070c600000|100%| O|  |TAMS 0x000000070c600000| PB 0x000000070c400000| Untracked 
|  99|0x000000070c600000, 0x000000070c800000, 0x000000070c800000|100%| O|  |TAMS 0x000000070c800000| PB 0x000000070c600000| Updating 
| 100|0x000000070c800000, 0x000000070ca00000, 0x000000070ca00000|100%| O|  |TAMS 0x000000070ca00000| PB 0x000000070c800000| Updating 
| 101|0x000000070ca00000, 0x000000070cc00000, 0x000000070cc00000|100%| O|  |TAMS 0x000000070cc00000| PB 0x000000070ca00000| Updating 
| 102|0x000000070cc00000, 0x000000070ce00000, 0x000000070ce00000|100%| O|  |TAMS 0x000000070ce00000| PB 0x000000070cc00000| Updating 
| 103|0x000000070ce00000, 0x000000070d000000, 0x000000070d000000|100%| O|  |TAMS 0x000000070d000000| PB 0x000000070ce00000| Updating 
| 104|0x000000070d000000, 0x000000070d200000, 0x000000070d200000|100%| O|  |TAMS 0x000000070d000000| PB 0x000000070d000000| Untracked 
| 105|0x000000070d200000, 0x000000070d400000, 0x000000070d400000|100%| O|  |TAMS 0x000000070d400000| PB 0x000000070d200000| Updating 
| 106|0x000000070d400000, 0x000000070d600000, 0x000000070d600000|100%| O|  |TAMS 0x000000070d600000| PB 0x000000070d400000| Updating 
| 107|0x000000070d600000, 0x000000070d800000, 0x000000070d800000|100%| O|  |TAMS 0x000000070d600000| PB 0x000000070d600000| Untracked 
| 108|0x000000070d800000, 0x000000070da00000, 0x000000070da00000|100%| O|  |TAMS 0x000000070da00000| PB 0x000000070d800000| Updating 
| 109|0x000000070da00000, 0x000000070dc00000, 0x000000070dc00000|100%| O|  |TAMS 0x000000070dc00000| PB 0x000000070da00000| Updating 
| 110|0x000000070dc00000, 0x000000070de00000, 0x000000070de00000|100%| O|  |TAMS 0x000000070de00000| PB 0x000000070dc00000| Untracked 
| 111|0x000000070de00000, 0x000000070e000000, 0x000000070e000000|100%| O|  |TAMS 0x000000070e000000| PB 0x000000070de00000| Untracked 
| 112|0x000000070e000000, 0x000000070e200000, 0x000000070e200000|100%| O|  |TAMS 0x000000070e000000| PB 0x000000070e000000| Untracked 
| 113|0x000000070e200000, 0x000000070e400000, 0x000000070e400000|100%| O|  |TAMS 0x000000070e400000| PB 0x000000070e200000| Updating 
| 114|0x000000070e400000, 0x000000070e600000, 0x000000070e600000|100%| O|  |TAMS 0x000000070e600000| PB 0x000000070e400000| Updating 
| 115|0x000000070e600000, 0x000000070e800000, 0x000000070e800000|100%| O|  |TAMS 0x000000070e800000| PB 0x000000070e600000| Untracked 
| 116|0x000000070e800000, 0x000000070ea00000, 0x000000070ea00000|100%| O|  |TAMS 0x000000070ea00000| PB 0x000000070e800000| Untracked 
| 117|0x000000070ea00000, 0x000000070ec00000, 0x000000070ec00000|100%| O|  |TAMS 0x000000070ec00000| PB 0x000000070ea00000| Updating 
| 118|0x000000070ec00000, 0x000000070ee00000, 0x000000070ee00000|100%| O|  |TAMS 0x000000070ee00000| PB 0x000000070ec00000| Updating 
| 119|0x000000070ee00000, 0x000000070f000000, 0x000000070f000000|100%| O|  |TAMS 0x000000070f000000| PB 0x000000070ee00000| Updating 
| 120|0x000000070f000000, 0x000000070f200000, 0x000000070f200000|100%| O|  |TAMS 0x000000070f200000| PB 0x000000070f000000| Untracked 
| 121|0x000000070f200000, 0x000000070f400000, 0x000000070f400000|100%| O|  |TAMS 0x000000070f400000| PB 0x000000070f200000| Untracked 
| 122|0x000000070f400000, 0x000000070f600000, 0x000000070f600000|100%| O|  |TAMS 0x000000070f600000| PB 0x000000070f400000| Untracked 
| 123|0x000000070f600000, 0x000000070f800000, 0x000000070f800000|100%| O|  |TAMS 0x000000070f600000| PB 0x000000070f600000| Untracked 
| 124|0x000000070f800000, 0x000000070fa00000, 0x000000070fa00000|100%| O|  |TAMS 0x000000070fa00000| PB 0x000000070f800000| Untracked 
| 125|0x000000070fa00000, 0x000000070fc00000, 0x000000070fc00000|100%| O|  |TAMS 0x000000070fc00000| PB 0x000000070fa00000| Untracked 
| 126|0x000000070fc00000, 0x000000070fe00000, 0x000000070fe00000|100%| O|  |TAMS 0x000000070fe00000| PB 0x000000070fc00000| Untracked 
| 127|0x000000070fe00000, 0x0000000710000000, 0x0000000710000000|100%| O|  |TAMS 0x0000000710000000| PB 0x000000070fe00000| Untracked 
| 128|0x0000000710000000, 0x0000000710200000, 0x0000000710200000|100%| O|  |TAMS 0x0000000710200000| PB 0x0000000710000000| Updating 
| 129|0x0000000710200000, 0x0000000710400000, 0x0000000710400000|100%| O|  |TAMS 0x0000000710400000| PB 0x0000000710200000| Updating 
| 130|0x0000000710400000, 0x0000000710600000, 0x0000000710600000|100%| O|  |TAMS 0x0000000710600000| PB 0x0000000710400000| Untracked 
| 131|0x0000000710600000, 0x0000000710800000, 0x0000000710800000|100%| O|  |TAMS 0x0000000710800000| PB 0x0000000710600000| Untracked 
| 132|0x0000000710800000, 0x0000000710a00000, 0x0000000710a00000|100%| O|  |TAMS 0x0000000710a00000| PB 0x0000000710800000| Untracked 
| 133|0x0000000710a00000, 0x0000000710c00000, 0x0000000710c00000|100%| O|  |TAMS 0x0000000710c00000| PB 0x0000000710a00000| Updating 
| 134|0x0000000710c00000, 0x0000000710e00000, 0x0000000710e00000|100%| O|  |TAMS 0x0000000710e00000| PB 0x0000000710c00000| Updating 
| 135|0x0000000710e00000, 0x0000000711000000, 0x0000000711000000|100%| O|  |TAMS 0x0000000711000000| PB 0x0000000710e00000| Untracked 
| 136|0x0000000711000000, 0x0000000711200000, 0x0000000711200000|100%| O|  |TAMS 0x0000000711200000| PB 0x0000000711000000| Untracked 
| 137|0x0000000711200000, 0x0000000711400000, 0x0000000711400000|100%| O|  |TAMS 0x0000000711400000| PB 0x0000000711200000| Updating 
| 138|0x0000000711400000, 0x0000000711600000, 0x0000000711600000|100%| O|  |TAMS 0x0000000711600000| PB 0x0000000711400000| Updating 
| 139|0x0000000711600000, 0x0000000711800000, 0x0000000711800000|100%| O|  |TAMS 0x0000000711800000| PB 0x0000000711600000| Untracked 
| 140|0x0000000711800000, 0x0000000711a00000, 0x0000000711a00000|100%| O|  |TAMS 0x0000000711a00000| PB 0x0000000711800000| Updating 
| 141|0x0000000711a00000, 0x0000000711c00000, 0x0000000711c00000|100%| O|  |TAMS 0x0000000711c00000| PB 0x0000000711a00000| Updating 
| 142|0x0000000711c00000, 0x0000000711e00000, 0x0000000711e00000|100%| O|  |TAMS 0x0000000711e00000| PB 0x0000000711c00000| Untracked 
| 143|0x0000000711e00000, 0x0000000712000000, 0x0000000712000000|100%| O|  |TAMS 0x0000000712000000| PB 0x0000000711e00000| Untracked 
| 144|0x0000000712000000, 0x0000000712200000, 0x0000000712200000|100%| O|  |TAMS 0x0000000712200000| PB 0x0000000712000000| Untracked 
| 145|0x0000000712200000, 0x0000000712400000, 0x0000000712400000|100%| O|  |TAMS 0x0000000712400000| PB 0x0000000712200000| Untracked 
| 146|0x0000000712400000, 0x0000000712600000, 0x0000000712600000|100%| O|  |TAMS 0x0000000712600000| PB 0x0000000712400000| Untracked 
| 147|0x0000000712600000, 0x0000000712800000, 0x0000000712800000|100%| O|  |TAMS 0x0000000712600000| PB 0x0000000712600000| Untracked 
| 148|0x0000000712800000, 0x0000000712a00000, 0x0000000712a00000|100%| O|  |TAMS 0x0000000712800000| PB 0x0000000712800000| Untracked 
| 149|0x0000000712a00000, 0x0000000712c00000, 0x0000000712c00000|100%| O|  |TAMS 0x0000000712c00000| PB 0x0000000712a00000| Untracked 
| 150|0x0000000712c00000, 0x0000000712e00000, 0x0000000712e00000|100%| O|  |TAMS 0x0000000712e00000| PB 0x0000000712c00000| Untracked 
| 151|0x0000000712e00000, 0x0000000713000000, 0x0000000713000000|100%| O|  |TAMS 0x0000000713000000| PB 0x0000000712e00000| Untracked 
| 152|0x0000000713000000, 0x0000000713200000, 0x0000000713200000|100%| O|  |TAMS 0x0000000713200000| PB 0x0000000713000000| Updating 
| 153|0x0000000713200000, 0x0000000713400000, 0x0000000713400000|100%| O|  |TAMS 0x0000000713400000| PB 0x0000000713200000| Updating 
| 154|0x0000000713400000, 0x0000000713600000, 0x0000000713600000|100%| O|  |TAMS 0x0000000713600000| PB 0x0000000713400000| Untracked 
| 155|0x0000000713600000, 0x0000000713800000, 0x0000000713800000|100%| O|  |TAMS 0x0000000713800000| PB 0x0000000713600000| Untracked 
| 156|0x0000000713800000, 0x0000000713a00000, 0x0000000713a00000|100%| O|  |TAMS 0x0000000713a00000| PB 0x0000000713800000| Untracked 
| 157|0x0000000713a00000, 0x0000000713c00000, 0x0000000713c00000|100%| O|  |TAMS 0x0000000713c00000| PB 0x0000000713a00000| Updating 
| 158|0x0000000713c00000, 0x0000000713e00000, 0x0000000713e00000|100%| O|  |TAMS 0x0000000713e00000| PB 0x0000000713c00000| Untracked 
| 159|0x0000000713e00000, 0x0000000714000000, 0x0000000714000000|100%| O|  |TAMS 0x0000000714000000| PB 0x0000000713e00000| Untracked 
| 160|0x0000000714000000, 0x0000000714200000, 0x0000000714200000|100%| O|  |TAMS 0x0000000714200000| PB 0x0000000714000000| Untracked 
| 161|0x0000000714200000, 0x0000000714400000, 0x0000000714400000|100%| O|  |TAMS 0x0000000714400000| PB 0x0000000714200000| Untracked 
| 162|0x0000000714400000, 0x0000000714600000, 0x0000000714600000|100%| O|  |TAMS 0x0000000714600000| PB 0x0000000714400000| Untracked 
| 163|0x0000000714600000, 0x0000000714800000, 0x0000000714800000|100%| O|  |TAMS 0x0000000714800000| PB 0x0000000714600000| Untracked 
| 164|0x0000000714800000, 0x0000000714a00000, 0x0000000714a00000|100%| O|  |TAMS 0x0000000714a00000| PB 0x0000000714800000| Untracked 
| 165|0x0000000714a00000, 0x0000000714c00000, 0x0000000714c00000|100%| O|  |TAMS 0x0000000714c00000| PB 0x0000000714c00000| Updating 
| 166|0x0000000714c00000, 0x0000000714e00000, 0x0000000714e00000|100%| O|  |TAMS 0x0000000714e00000| PB 0x0000000714e00000| Untracked 
| 167|0x0000000714e00000, 0x0000000715000000, 0x0000000715000000|100%| O|  |TAMS 0x0000000715000000| PB 0x0000000715000000| Updating 
| 168|0x0000000715000000, 0x0000000715200000, 0x0000000715200000|100%| O|  |TAMS 0x0000000715200000| PB 0x0000000715200000| Updating 
| 169|0x0000000715200000, 0x0000000715400000, 0x0000000715400000|100%| O|  |TAMS 0x0000000715400000| PB 0x0000000715400000| Updating 
| 170|0x0000000715400000, 0x0000000715600000, 0x0000000715600000|100%| O|  |TAMS 0x0000000715400000| PB 0x0000000715400000| Untracked 
| 171|0x0000000715600000, 0x0000000715800000, 0x0000000715800000|100%| O|  |TAMS 0x0000000715800000| PB 0x0000000715800000| Updating 
| 172|0x0000000715800000, 0x0000000715a00000, 0x0000000715a00000|100%| O|  |TAMS 0x0000000715800000| PB 0x0000000715800000| Untracked 
| 173|0x0000000715a00000, 0x0000000715c00000, 0x0000000715c00000|100%| O|  |TAMS 0x0000000715a00000| PB 0x0000000715a00000| Untracked 
| 174|0x0000000715c00000, 0x0000000715e00000, 0x0000000715e00000|100%| O|  |TAMS 0x0000000715c00000| PB 0x0000000715c00000| Untracked 
| 175|0x0000000715e00000, 0x0000000716000000, 0x0000000716000000|100%| O|  |TAMS 0x0000000715e00000| PB 0x0000000715e00000| Untracked 
| 176|0x0000000716000000, 0x0000000716200000, 0x0000000716200000|100%| O|  |TAMS 0x0000000716000000| PB 0x0000000716000000| Untracked 
| 177|0x0000000716200000, 0x0000000716400000, 0x0000000716400000|100%| O|  |TAMS 0x0000000716200000| PB 0x0000000716200000| Untracked 
| 178|0x0000000716400000, 0x0000000716600000, 0x0000000716600000|100%| O|  |TAMS 0x0000000716400000| PB 0x0000000716400000| Untracked 
| 179|0x0000000716600000, 0x0000000716800000, 0x0000000716800000|100%| O|  |TAMS 0x0000000716600000| PB 0x0000000716600000| Untracked 
| 180|0x0000000716800000, 0x0000000716a00000, 0x0000000716a00000|100%| O|  |TAMS 0x0000000716800000| PB 0x0000000716800000| Untracked 
| 181|0x0000000716a00000, 0x0000000716c00000, 0x0000000716c00000|100%| O|  |TAMS 0x0000000716a00000| PB 0x0000000716a00000| Untracked 
| 182|0x0000000716c00000, 0x0000000716e00000, 0x0000000716e00000|100%| O|  |TAMS 0x0000000716c00000| PB 0x0000000716c00000| Untracked 
| 183|0x0000000716e00000, 0x0000000717000000, 0x0000000717000000|100%| O|  |TAMS 0x0000000716e00000| PB 0x0000000716e00000| Updating 
| 184|0x0000000717000000, 0x0000000717200000, 0x0000000717200000|100%| O|  |TAMS 0x0000000717000000| PB 0x0000000717000000| Untracked 
| 185|0x0000000717200000, 0x0000000717400000, 0x0000000717400000|100%| O|  |TAMS 0x0000000717200000| PB 0x0000000717200000| Untracked 
| 186|0x0000000717400000, 0x0000000717600000, 0x0000000717600000|100%| O|  |TAMS 0x0000000717400000| PB 0x0000000717400000| Untracked 
| 187|0x0000000717600000, 0x0000000717800000, 0x0000000717800000|100%| O|  |TAMS 0x0000000717600000| PB 0x0000000717600000| Untracked 
| 188|0x0000000717800000, 0x0000000717a00000, 0x0000000717a00000|100%| O|  |TAMS 0x0000000717800000| PB 0x0000000717800000| Untracked 
| 189|0x0000000717a00000, 0x0000000717c00000, 0x0000000717c00000|100%| O|  |TAMS 0x0000000717a00000| PB 0x0000000717a00000| Untracked 
| 190|0x0000000717c00000, 0x0000000717e00000, 0x0000000717e00000|100%| O|  |TAMS 0x0000000717c00000| PB 0x0000000717c00000| Untracked 
| 191|0x0000000717e00000, 0x0000000718000000, 0x0000000718000000|100%| O|  |TAMS 0x0000000717e00000| PB 0x0000000717e00000| Untracked 
| 192|0x0000000718000000, 0x0000000718074318, 0x0000000718200000| 22%| O|  |TAMS 0x0000000718000000| PB 0x0000000718000000| Untracked 
| 193|0x0000000718200000, 0x0000000718200000, 0x0000000718400000|  0%| F|  |TAMS 0x0000000718200000| PB 0x0000000718200000| Untracked 
| 194|0x0000000718400000, 0x0000000718400000, 0x0000000718600000|  0%| F|  |TAMS 0x0000000718400000| PB 0x0000000718400000| Untracked 
| 195|0x0000000718600000, 0x0000000718600000, 0x0000000718800000|  0%| F|  |TAMS 0x0000000718600000| PB 0x0000000718600000| Untracked 
| 196|0x0000000718800000, 0x0000000718800000, 0x0000000718a00000|  0%| F|  |TAMS 0x0000000718800000| PB 0x0000000718800000| Untracked 
| 197|0x0000000718a00000, 0x0000000718a00000, 0x0000000718c00000|  0%| F|  |TAMS 0x0000000718a00000| PB 0x0000000718a00000| Untracked 
| 198|0x0000000718c00000, 0x0000000718c00000, 0x0000000718e00000|  0%| F|  |TAMS 0x0000000718c00000| PB 0x0000000718c00000| Untracked 
| 199|0x0000000718e00000, 0x0000000718e00000, 0x0000000719000000|  0%| F|  |TAMS 0x0000000718e00000| PB 0x0000000718e00000| Untracked 
| 200|0x0000000719000000, 0x0000000719000000, 0x0000000719200000|  0%| F|  |TAMS 0x0000000719000000| PB 0x0000000719000000| Untracked 
| 201|0x0000000719200000, 0x0000000719200000, 0x0000000719400000|  0%| F|  |TAMS 0x0000000719200000| PB 0x0000000719200000| Untracked 
| 202|0x0000000719400000, 0x0000000719400000, 0x0000000719600000|  0%| F|  |TAMS 0x0000000719400000| PB 0x0000000719400000| Untracked 
| 203|0x0000000719600000, 0x0000000719600000, 0x0000000719800000|  0%| F|  |TAMS 0x0000000719600000| PB 0x0000000719600000| Untracked 
| 204|0x0000000719800000, 0x0000000719800000, 0x0000000719a00000|  0%| F|  |TAMS 0x0000000719800000| PB 0x0000000719800000| Untracked 
| 205|0x0000000719a00000, 0x0000000719a00000, 0x0000000719c00000|  0%| F|  |TAMS 0x0000000719a00000| PB 0x0000000719a00000| Untracked 
| 206|0x0000000719c00000, 0x0000000719c00000, 0x0000000719e00000|  0%| F|  |TAMS 0x0000000719c00000| PB 0x0000000719c00000| Untracked 
| 207|0x0000000719e00000, 0x0000000719e00000, 0x000000071a000000|  0%| F|  |TAMS 0x0000000719e00000| PB 0x0000000719e00000| Untracked 
| 208|0x000000071a000000, 0x000000071a000000, 0x000000071a200000|  0%| F|  |TAMS 0x000000071a000000| PB 0x000000071a000000| Untracked 
| 209|0x000000071a200000, 0x000000071a200000, 0x000000071a400000|  0%| F|  |TAMS 0x000000071a200000| PB 0x000000071a200000| Untracked 
| 210|0x000000071a400000, 0x000000071a400000, 0x000000071a600000|  0%| F|  |TAMS 0x000000071a400000| PB 0x000000071a400000| Untracked 
| 211|0x000000071a600000, 0x000000071a600000, 0x000000071a800000|  0%| F|  |TAMS 0x000000071a600000| PB 0x000000071a600000| Untracked 
| 212|0x000000071a800000, 0x000000071a800000, 0x000000071aa00000|  0%| F|  |TAMS 0x000000071a800000| PB 0x000000071a800000| Untracked 
| 213|0x000000071aa00000, 0x000000071aa00000, 0x000000071ac00000|  0%| F|  |TAMS 0x000000071aa00000| PB 0x000000071aa00000| Untracked 
| 214|0x000000071ac00000, 0x000000071ac00000, 0x000000071ae00000|  0%| F|  |TAMS 0x000000071ac00000| PB 0x000000071ac00000| Untracked 
| 215|0x000000071ae00000, 0x000000071ae00000, 0x000000071b000000|  0%| F|  |TAMS 0x000000071ae00000| PB 0x000000071ae00000| Untracked 
| 216|0x000000071b000000, 0x000000071b000000, 0x000000071b200000|  0%| F|  |TAMS 0x000000071b000000| PB 0x000000071b000000| Untracked 
| 217|0x000000071b200000, 0x000000071b200000, 0x000000071b400000|  0%| F|  |TAMS 0x000000071b200000| PB 0x000000071b200000| Untracked 
| 218|0x000000071b400000, 0x000000071b400000, 0x000000071b600000|  0%| F|  |TAMS 0x000000071b400000| PB 0x000000071b400000| Untracked 
| 219|0x000000071b600000, 0x000000071b600000, 0x000000071b800000|  0%| F|  |TAMS 0x000000071b600000| PB 0x000000071b600000| Untracked 
| 220|0x000000071b800000, 0x000000071b800000, 0x000000071ba00000|  0%| F|  |TAMS 0x000000071b800000| PB 0x000000071b800000| Untracked 
| 221|0x000000071ba00000, 0x000000071ba00000, 0x000000071bc00000|  0%| F|  |TAMS 0x000000071ba00000| PB 0x000000071ba00000| Untracked 
| 222|0x000000071bc00000, 0x000000071bc00000, 0x000000071be00000|  0%| F|  |TAMS 0x000000071bc00000| PB 0x000000071bc00000| Untracked 
| 223|0x000000071be00000, 0x000000071be00000, 0x000000071c000000|  0%| F|  |TAMS 0x000000071be00000| PB 0x000000071be00000| Untracked 
| 224|0x000000071c000000, 0x000000071c000000, 0x000000071c200000|  0%| F|  |TAMS 0x000000071c000000| PB 0x000000071c000000| Untracked 
| 225|0x000000071c200000, 0x000000071c200000, 0x000000071c400000|  0%| F|  |TAMS 0x000000071c200000| PB 0x000000071c200000| Untracked 
| 226|0x000000071c400000, 0x000000071c400000, 0x000000071c600000|  0%| F|  |TAMS 0x000000071c400000| PB 0x000000071c400000| Untracked 
| 227|0x000000071c600000, 0x000000071c600000, 0x000000071c800000|  0%| F|  |TAMS 0x000000071c600000| PB 0x000000071c600000| Untracked 
| 228|0x000000071c800000, 0x000000071c800000, 0x000000071ca00000|  0%| F|  |TAMS 0x000000071c800000| PB 0x000000071c800000| Untracked 
| 229|0x000000071ca00000, 0x000000071ca00000, 0x000000071cc00000|  0%| F|  |TAMS 0x000000071ca00000| PB 0x000000071ca00000| Untracked 
| 230|0x000000071cc00000, 0x000000071cc00000, 0x000000071ce00000|  0%| F|  |TAMS 0x000000071cc00000| PB 0x000000071cc00000| Untracked 
| 231|0x000000071ce00000, 0x000000071ce00000, 0x000000071d000000|  0%| F|  |TAMS 0x000000071ce00000| PB 0x000000071ce00000| Untracked 
| 232|0x000000071d000000, 0x000000071d000000, 0x000000071d200000|  0%| F|  |TAMS 0x000000071d000000| PB 0x000000071d000000| Untracked 
| 233|0x000000071d200000, 0x000000071d200000, 0x000000071d400000|  0%| F|  |TAMS 0x000000071d200000| PB 0x000000071d200000| Untracked 
| 234|0x000000071d400000, 0x000000071d400000, 0x000000071d600000|  0%| F|  |TAMS 0x000000071d400000| PB 0x000000071d400000| Untracked 
| 235|0x000000071d600000, 0x000000071d600000, 0x000000071d800000|  0%| F|  |TAMS 0x000000071d600000| PB 0x000000071d600000| Untracked 
| 236|0x000000071d800000, 0x000000071d800000, 0x000000071da00000|  0%| F|  |TAMS 0x000000071d800000| PB 0x000000071d800000| Untracked 
| 237|0x000000071da00000, 0x000000071da00000, 0x000000071dc00000|  0%| F|  |TAMS 0x000000071da00000| PB 0x000000071da00000| Untracked 
| 238|0x000000071dc00000, 0x000000071dc00000, 0x000000071de00000|  0%| F|  |TAMS 0x000000071dc00000| PB 0x000000071dc00000| Untracked 
| 239|0x000000071de00000, 0x000000071de00000, 0x000000071e000000|  0%| F|  |TAMS 0x000000071de00000| PB 0x000000071de00000| Untracked 
| 240|0x000000071e000000, 0x000000071e000000, 0x000000071e200000|  0%| F|  |TAMS 0x000000071e000000| PB 0x000000071e000000| Untracked 
| 241|0x000000071e200000, 0x000000071e200000, 0x000000071e400000|  0%| F|  |TAMS 0x000000071e200000| PB 0x000000071e200000| Untracked 
| 242|0x000000071e400000, 0x000000071e400000, 0x000000071e600000|  0%| F|  |TAMS 0x000000071e400000| PB 0x000000071e400000| Untracked 
| 243|0x000000071e600000, 0x000000071e6dc8c0, 0x000000071e800000| 43%| S|CS|TAMS 0x000000071e600000| PB 0x000000071e600000| Complete 
| 244|0x000000071e800000, 0x000000071ea00000, 0x000000071ea00000|100%| S|CS|TAMS 0x000000071e800000| PB 0x000000071e800000| Complete 
| 245|0x000000071ea00000, 0x000000071ec00000, 0x000000071ec00000|100%| S|CS|TAMS 0x000000071ea00000| PB 0x000000071ea00000| Complete 
| 246|0x000000071ec00000, 0x000000071ee00000, 0x000000071ee00000|100%| S|CS|TAMS 0x000000071ec00000| PB 0x000000071ec00000| Complete 
| 247|0x000000071ee00000, 0x000000071f000000, 0x000000071f000000|100%| S|CS|TAMS 0x000000071ee00000| PB 0x000000071ee00000| Complete 
| 248|0x000000071f000000, 0x000000071f200000, 0x000000071f200000|100%| S|CS|TAMS 0x000000071f000000| PB 0x000000071f000000| Complete 
| 249|0x000000071f200000, 0x000000071f400000, 0x000000071f400000|100%| S|CS|TAMS 0x000000071f200000| PB 0x000000071f200000| Complete 
| 250|0x000000071f400000, 0x000000071f600000, 0x000000071f600000|100%| S|CS|TAMS 0x000000071f400000| PB 0x000000071f400000| Complete 
| 251|0x000000071f600000, 0x000000071f800000, 0x000000071f800000|100%| S|CS|TAMS 0x000000071f600000| PB 0x000000071f600000| Complete 
| 252|0x000000071f800000, 0x000000071f800000, 0x000000071fa00000|  0%| F|  |TAMS 0x000000071f800000| PB 0x000000071f800000| Untracked 
| 253|0x000000071fa00000, 0x000000071fa00000, 0x000000071fc00000|  0%| F|  |TAMS 0x000000071fa00000| PB 0x000000071fa00000| Untracked 
| 254|0x000000071fc00000, 0x000000071fc00000, 0x000000071fe00000|  0%| F|  |TAMS 0x000000071fc00000| PB 0x000000071fc00000| Untracked 
| 255|0x000000071fe00000, 0x000000071fe00000, 0x0000000720000000|  0%| F|  |TAMS 0x000000071fe00000| PB 0x000000071fe00000| Untracked 
| 256|0x0000000720000000, 0x0000000720000000, 0x0000000720200000|  0%| F|  |TAMS 0x0000000720000000| PB 0x0000000720000000| Untracked 
| 257|0x0000000720200000, 0x0000000720200000, 0x0000000720400000|  0%| F|  |TAMS 0x0000000720200000| PB 0x0000000720200000| Untracked 
| 258|0x0000000720400000, 0x0000000720400000, 0x0000000720600000|  0%| F|  |TAMS 0x0000000720400000| PB 0x0000000720400000| Untracked 
| 259|0x0000000720600000, 0x0000000720600000, 0x0000000720800000|  0%| F|  |TAMS 0x0000000720600000| PB 0x0000000720600000| Untracked 
| 260|0x0000000720800000, 0x0000000720800000, 0x0000000720a00000|  0%| F|  |TAMS 0x0000000720800000| PB 0x0000000720800000| Untracked 
| 261|0x0000000720a00000, 0x0000000720a00000, 0x0000000720c00000|  0%| F|  |TAMS 0x0000000720a00000| PB 0x0000000720a00000| Untracked 
| 262|0x0000000720c00000, 0x0000000720c00000, 0x0000000720e00000|  0%| F|  |TAMS 0x0000000720c00000| PB 0x0000000720c00000| Untracked 
| 263|0x0000000720e00000, 0x0000000720e00000, 0x0000000721000000|  0%| F|  |TAMS 0x0000000720e00000| PB 0x0000000720e00000| Untracked 
| 264|0x0000000721000000, 0x0000000721000000, 0x0000000721200000|  0%| F|  |TAMS 0x0000000721000000| PB 0x0000000721000000| Untracked 
| 265|0x0000000721200000, 0x0000000721200000, 0x0000000721400000|  0%| F|  |TAMS 0x0000000721200000| PB 0x0000000721200000| Untracked 
| 266|0x0000000721400000, 0x0000000721400000, 0x0000000721600000|  0%| F|  |TAMS 0x0000000721400000| PB 0x0000000721400000| Untracked 
| 267|0x0000000721600000, 0x0000000721600000, 0x0000000721800000|  0%| F|  |TAMS 0x0000000721600000| PB 0x0000000721600000| Untracked 
| 268|0x0000000721800000, 0x0000000721800000, 0x0000000721a00000|  0%| F|  |TAMS 0x0000000721800000| PB 0x0000000721800000| Untracked 
| 269|0x0000000721a00000, 0x0000000721a00000, 0x0000000721c00000|  0%| F|  |TAMS 0x0000000721a00000| PB 0x0000000721a00000| Untracked 
| 270|0x0000000721c00000, 0x0000000721c00000, 0x0000000721e00000|  0%| F|  |TAMS 0x0000000721c00000| PB 0x0000000721c00000| Untracked 
| 271|0x0000000721e00000, 0x0000000721e00000, 0x0000000722000000|  0%| F|  |TAMS 0x0000000721e00000| PB 0x0000000721e00000| Untracked 
| 272|0x0000000722000000, 0x0000000722000000, 0x0000000722200000|  0%| F|  |TAMS 0x0000000722000000| PB 0x0000000722000000| Untracked 
| 273|0x0000000722200000, 0x0000000722200000, 0x0000000722400000|  0%| F|  |TAMS 0x0000000722200000| PB 0x0000000722200000| Untracked 
| 274|0x0000000722400000, 0x0000000722400000, 0x0000000722600000|  0%| F|  |TAMS 0x0000000722400000| PB 0x0000000722400000| Untracked 
| 275|0x0000000722600000, 0x0000000722600000, 0x0000000722800000|  0%| F|  |TAMS 0x0000000722600000| PB 0x0000000722600000| Untracked 
| 276|0x0000000722800000, 0x0000000722800000, 0x0000000722a00000|  0%| F|  |TAMS 0x0000000722800000| PB 0x0000000722800000| Untracked 
| 277|0x0000000722a00000, 0x0000000722a00000, 0x0000000722c00000|  0%| F|  |TAMS 0x0000000722a00000| PB 0x0000000722a00000| Untracked 
| 278|0x0000000722c00000, 0x0000000722c00000, 0x0000000722e00000|  0%| F|  |TAMS 0x0000000722c00000| PB 0x0000000722c00000| Untracked 
| 279|0x0000000722e00000, 0x0000000722e00000, 0x0000000723000000|  0%| F|  |TAMS 0x0000000722e00000| PB 0x0000000722e00000| Untracked 
| 280|0x0000000723000000, 0x0000000723000000, 0x0000000723200000|  0%| F|  |TAMS 0x0000000723000000| PB 0x0000000723000000| Untracked 
| 281|0x0000000723200000, 0x0000000723200000, 0x0000000723400000|  0%| F|  |TAMS 0x0000000723200000| PB 0x0000000723200000| Untracked 
| 282|0x0000000723400000, 0x0000000723400000, 0x0000000723600000|  0%| F|  |TAMS 0x0000000723400000| PB 0x0000000723400000| Untracked 
| 283|0x0000000723600000, 0x0000000723600000, 0x0000000723800000|  0%| F|  |TAMS 0x0000000723600000| PB 0x0000000723600000| Untracked 
| 284|0x0000000723800000, 0x0000000723800000, 0x0000000723a00000|  0%| F|  |TAMS 0x0000000723800000| PB 0x0000000723800000| Untracked 
| 285|0x0000000723a00000, 0x0000000723a00000, 0x0000000723c00000|  0%| F|  |TAMS 0x0000000723a00000| PB 0x0000000723a00000| Untracked 
| 286|0x0000000723c00000, 0x0000000723c00000, 0x0000000723e00000|  0%| F|  |TAMS 0x0000000723c00000| PB 0x0000000723c00000| Untracked 
| 287|0x0000000723e00000, 0x0000000723e00000, 0x0000000724000000|  0%| F|  |TAMS 0x0000000723e00000| PB 0x0000000723e00000| Untracked 
| 288|0x0000000724000000, 0x0000000724000000, 0x0000000724200000|  0%| F|  |TAMS 0x0000000724000000| PB 0x0000000724000000| Untracked 
| 289|0x0000000724200000, 0x0000000724200000, 0x0000000724400000|  0%| F|  |TAMS 0x0000000724200000| PB 0x0000000724200000| Untracked 
| 290|0x0000000724400000, 0x0000000724400000, 0x0000000724600000|  0%| F|  |TAMS 0x0000000724400000| PB 0x0000000724400000| Untracked 
| 291|0x0000000724600000, 0x0000000724600000, 0x0000000724800000|  0%| F|  |TAMS 0x0000000724600000| PB 0x0000000724600000| Untracked 
| 292|0x0000000724800000, 0x0000000724800000, 0x0000000724a00000|  0%| F|  |TAMS 0x0000000724800000| PB 0x0000000724800000| Untracked 
| 293|0x0000000724a00000, 0x0000000724a00000, 0x0000000724c00000|  0%| F|  |TAMS 0x0000000724a00000| PB 0x0000000724a00000| Untracked 
| 294|0x0000000724c00000, 0x0000000724c00000, 0x0000000724e00000|  0%| F|  |TAMS 0x0000000724c00000| PB 0x0000000724c00000| Untracked 
| 295|0x0000000724e00000, 0x0000000724e00000, 0x0000000725000000|  0%| F|  |TAMS 0x0000000724e00000| PB 0x0000000724e00000| Untracked 
| 296|0x0000000725000000, 0x0000000725000000, 0x0000000725200000|  0%| F|  |TAMS 0x0000000725000000| PB 0x0000000725000000| Untracked 
| 297|0x0000000725200000, 0x0000000725200000, 0x0000000725400000|  0%| F|  |TAMS 0x0000000725200000| PB 0x0000000725200000| Untracked 
| 298|0x0000000725400000, 0x0000000725400000, 0x0000000725600000|  0%| F|  |TAMS 0x0000000725400000| PB 0x0000000725400000| Untracked 
| 299|0x0000000725600000, 0x0000000725600000, 0x0000000725800000|  0%| F|  |TAMS 0x0000000725600000| PB 0x0000000725600000| Untracked 
| 300|0x0000000725800000, 0x0000000725800000, 0x0000000725a00000|  0%| F|  |TAMS 0x0000000725800000| PB 0x0000000725800000| Untracked 
| 301|0x0000000725a00000, 0x0000000725a00000, 0x0000000725c00000|  0%| F|  |TAMS 0x0000000725a00000| PB 0x0000000725a00000| Untracked 
| 302|0x0000000725c00000, 0x0000000725c00000, 0x0000000725e00000|  0%| F|  |TAMS 0x0000000725c00000| PB 0x0000000725c00000| Untracked 
| 303|0x0000000725e00000, 0x0000000725e00000, 0x0000000726000000|  0%| F|  |TAMS 0x0000000725e00000| PB 0x0000000725e00000| Untracked 
| 304|0x0000000726000000, 0x0000000726000000, 0x0000000726200000|  0%| F|  |TAMS 0x0000000726000000| PB 0x0000000726000000| Untracked 
| 305|0x0000000726200000, 0x0000000726200000, 0x0000000726400000|  0%| F|  |TAMS 0x0000000726200000| PB 0x0000000726200000| Untracked 
| 306|0x0000000726400000, 0x0000000726400000, 0x0000000726600000|  0%| F|  |TAMS 0x0000000726400000| PB 0x0000000726400000| Untracked 
| 307|0x0000000726600000, 0x0000000726600000, 0x0000000726800000|  0%| F|  |TAMS 0x0000000726600000| PB 0x0000000726600000| Untracked 
| 308|0x0000000726800000, 0x0000000726800000, 0x0000000726a00000|  0%| F|  |TAMS 0x0000000726800000| PB 0x0000000726800000| Untracked 
| 309|0x0000000726a00000, 0x0000000726a00000, 0x0000000726c00000|  0%| F|  |TAMS 0x0000000726a00000| PB 0x0000000726a00000| Untracked 
| 310|0x0000000726c00000, 0x0000000726c00000, 0x0000000726e00000|  0%| F|  |TAMS 0x0000000726c00000| PB 0x0000000726c00000| Untracked 
| 311|0x0000000726e00000, 0x0000000726e00000, 0x0000000727000000|  0%| F|  |TAMS 0x0000000726e00000| PB 0x0000000726e00000| Untracked 
| 312|0x0000000727000000, 0x0000000727000000, 0x0000000727200000|  0%| F|  |TAMS 0x0000000727000000| PB 0x0000000727000000| Untracked 
| 313|0x0000000727200000, 0x0000000727200000, 0x0000000727400000|  0%| F|  |TAMS 0x0000000727200000| PB 0x0000000727200000| Untracked 
| 314|0x0000000727400000, 0x0000000727400000, 0x0000000727600000|  0%| F|  |TAMS 0x0000000727400000| PB 0x0000000727400000| Untracked 
| 315|0x0000000727600000, 0x0000000727600000, 0x0000000727800000|  0%| F|  |TAMS 0x0000000727600000| PB 0x0000000727600000| Untracked 
| 316|0x0000000727800000, 0x0000000727800000, 0x0000000727a00000|  0%| F|  |TAMS 0x0000000727800000| PB 0x0000000727800000| Untracked 
| 317|0x0000000727a00000, 0x0000000727a00000, 0x0000000727c00000|  0%| F|  |TAMS 0x0000000727a00000| PB 0x0000000727a00000| Untracked 
| 318|0x0000000727c00000, 0x0000000727c00000, 0x0000000727e00000|  0%| F|  |TAMS 0x0000000727c00000| PB 0x0000000727c00000| Untracked 
| 319|0x0000000727e00000, 0x0000000727e00000, 0x0000000728000000|  0%| F|  |TAMS 0x0000000727e00000| PB 0x0000000727e00000| Untracked 
| 320|0x0000000728000000, 0x0000000728000000, 0x0000000728200000|  0%| F|  |TAMS 0x0000000728000000| PB 0x0000000728000000| Untracked 
|2039|0x00000007fee00000, 0x00000007ff000000, 0x00000007ff000000|100%| O|  |TAMS 0x00000007fef25ea0| PB 0x00000007fee00000| Updating 
|2040|0x00000007ff000000, 0x00000007ff000000, 0x00000007ff200000|  0%| F|  |TAMS 0x00000007ff000000| PB 0x00000007ff000000| Untracked 
|2041|0x00000007ff200000, 0x00000007ff400000, 0x00000007ff400000|100%| O|  |TAMS 0x00000007ff400000| PB 0x00000007ff200000| Updating 
|2042|0x00000007ff400000, 0x00000007ff400000, 0x00000007ff600000|  0%| F|  |TAMS 0x00000007ff400000| PB 0x00000007ff400000| Untracked 
|2043|0x00000007ff600000, 0x00000007ff600000, 0x00000007ff800000|  0%| F|  |TAMS 0x00000007ff600000| PB 0x00000007ff600000| Untracked 
|2044|0x00000007ff800000, 0x00000007ffa00000, 0x00000007ffa00000|100%| O|  |TAMS 0x00000007ffa00000| PB 0x00000007ff800000| Updating 
|2045|0x00000007ffa00000, 0x00000007ffa00000, 0x00000007ffc00000|  0%| F|  |TAMS 0x00000007ffa00000| PB 0x00000007ffa00000| Untracked 
|2046|0x00000007ffc00000, 0x00000007ffe00000, 0x00000007ffe00000|100%| O|  |TAMS 0x00000007ffe00000| PB 0x00000007ffc00000| Updating 
|2047|0x00000007ffe00000, 0x0000000800000000, 0x0000000800000000|100%| O|  |TAMS 0x0000000800000000| PB 0x00000007ffe00000| Untracked 

Card table byte_map: [0x00000263765e0000,0x0000026376de0000] _byte_map_base: 0x0000026372de0000

Marking Bits: (CMBitMap*) 0x00000263729c85f0
 Bits: [0x0000026376de0000, 0x000002637ade0000)

Polling page: 0x0000026370750000

Metaspace:

Usage:
  Non-class:    142.32 MB used.
      Class:     22.69 MB used.
       Both:    165.01 MB used.

Virtual space:
  Non-class space:      192.00 MB reserved,     143.50 MB ( 75%) committed,  3 nodes.
      Class space:      832.00 MB reserved,      23.81 MB (  3%) committed,  1 nodes.
             Both:        1.00 GB reserved,     167.31 MB ( 16%) committed. 

Chunk freelists:
   Non-Class:  304.00 KB
       Class:  8.17 MB
        Both:  8.47 MB

MaxMetaspaceSize: 1.00 GB
CompressedClassSpaceSize: 832.00 MB
Initial GC threshold: 21.00 MB
Current GC threshold: 278.56 MB
CDS: off
 - commit_granule_bytes: 65536.
 - commit_granule_words: 8192.
 - virtual_space_node_default_size: 8388608.
 - enlarge_chunks_in_place: 1.
 - use_allocation_guard: 0.


Internal statistics:

num_allocs_failed_limit: 9.
num_arena_births: 4714.
num_arena_deaths: 12.
num_vsnodes_births: 4.
num_vsnodes_deaths: 0.
num_space_committed: 2675.
num_space_uncommitted: 0.
num_chunks_returned_to_freelist: 27.
num_chunks_taken_from_freelist: 11668.
num_chunk_merges: 14.
num_chunk_splits: 7798.
num_chunks_enlarged: 5180.
num_inconsistent_stats: 0.

CodeHeap 'non-profiled nmethods': size=120000Kb used=9427Kb max_used=13149Kb free=110572Kb
 bounds [0x0000026307ad0000, 0x00000263088a0000, 0x000002630f000000]
CodeHeap 'profiled nmethods': size=120000Kb used=20010Kb max_used=43390Kb free=99990Kb
 bounds [0x0000026300000000, 0x0000026302b40000, 0x0000026307530000]
CodeHeap 'non-nmethods': size=5760Kb used=2321Kb max_used=2490Kb free=3438Kb
 bounds [0x0000026307530000, 0x00000263077e0000, 0x0000026307ad0000]
CodeCache: size=245760Kb, used=31758Kb, max_used=59029Kb, free=214000Kb
 total_blobs=9828, nmethods=8818, adapters=913, full_count=0
Compilation: enabled, stopped_count=0, restarted_count=0

Compilation events (20 events):
Event: 176.162 Thread 0x000002637da3d510 29712       3       com.android.tools.r8.internal.ro::<init> (108 bytes)
Event: 176.162 Thread 0x000002637da3d510 nmethod 29712 0x0000026300236590 code [0x0000026300236740, 0x00000263002369a8]
Event: 176.166 Thread 0x000002637da3d510 29713       3       com.android.tools.r8.internal.ro::hashCode (29 bytes)
Event: 176.167 Thread 0x000002637da3d510 nmethod 29713 0x00000263000b3a10 code [0x00000263000b3bc0, 0x00000263000b3de8]
Event: 176.188 Thread 0x000002637da3d510 29715   !   2       java.security.MessageDigest::getDigestLength (30 bytes)
Event: 176.189 Thread 0x000002637da3d510 nmethod 29715 0x00000263000d5410 code [0x00000263000d55e0, 0x00000263000d5878]
Event: 176.189 Thread 0x000002637da3d510 29716       2       java.security.MessageDigest$Delegate::engineGetDigestLength (8 bytes)
Event: 176.189 Thread 0x000002637da3d510 nmethod 29716 0x00000263000a7690 code [0x00000263000a7840, 0x00000263000a7978]
Event: 176.309 Thread 0x000002637da3d510 29717       2       com.android.tools.r8.internal.K5::d (20 bytes)
Event: 176.310 Thread 0x000002637da3d510 nmethod 29717 0x00000263000d2d10 code [0x00000263000d2ea0, 0x00000263000d2fb8]
Event: 176.359 Thread 0x000002637da3d510 29719       3       com.android.tools.r8.internal.N3::<init> (34 bytes)
Event: 176.360 Thread 0x000002637da3d510 nmethod 29719 0x0000026300113b10 code [0x0000026300113d80, 0x0000026300114518]
Event: 176.361 Thread 0x000002637da3d510 29720       3       com.android.tools.r8.internal.hC::get (9 bytes)
Event: 176.361 Thread 0x000002637da3d510 nmethod 29720 0x0000026300260690 code [0x0000026300260840, 0x0000026300260a58]
Event: 176.378 Thread 0x000002637da3d510 29721       2       com.android.tools.r8.internal.Vu0::a (8 bytes)
Event: 176.378 Thread 0x000002637da3d510 nmethod 29721 0x00000263000d8b10 code [0x00000263000d8ca0, 0x00000263000d8db0]
Event: 176.378 Thread 0x000002637da3d510 29722       2       com.android.tools.r8.internal.Yi0::a (13 bytes)
Event: 176.378 Thread 0x000002637da3d510 nmethod 29722 0x000002630000a910 code [0x000002630000aaa0, 0x000002630000ab88]
Event: 176.437 Thread 0x000002637da3d510 29723       3       com.android.tools.r8.graph.E2::T (5 bytes)
Event: 176.438 Thread 0x000002637da3d510 nmethod 29723 0x00000263000b2c90 code [0x00000263000b2e20, 0x00000263000b2fc8]

GC Heap History (20 events):
Event: 164.963 GC heap after
{Heap after GC invocations=90 (full 0):
 garbage-first heap   total 501760K, used 300259K [0x0000000700000000, 0x0000000800000000)
  region size 2048K, 7 young (14336K), 7 survivors (14336K)
 Metaspace       used 168652K, committed 170944K, reserved 1048576K
  class space    used 23203K, committed 24320K, reserved 851968K
}
Event: 167.388 GC heap before
{Heap before GC invocations=90 (full 0):
 garbage-first heap   total 501760K, used 457955K [0x0000000700000000, 0x0000000800000000)
  region size 2048K, 84 young (172032K), 7 survivors (14336K)
 Metaspace       used 168690K, committed 170944K, reserved 1048576K
  class space    used 23207K, committed 24320K, reserved 851968K
}
Event: 167.426 GC heap after
{Heap after GC invocations=91 (full 0):
 garbage-first heap   total 602112K, used 293680K [0x0000000700000000, 0x0000000800000000)
  region size 2048K, 3 young (6144K), 3 survivors (6144K)
 Metaspace       used 168690K, committed 170944K, reserved 1048576K
  class space    used 23207K, committed 24320K, reserved 851968K
}
Event: 170.120 GC heap before
{Heap before GC invocations=91 (full 0):
 garbage-first heap   total 602112K, used 561968K [0x0000000700000000, 0x0000000800000000)
  region size 2048K, 134 young (274432K), 3 survivors (6144K)
 Metaspace       used 168730K, committed 171072K, reserved 1048576K
  class space    used 23207K, committed 24320K, reserved 851968K
}
Event: 170.131 GC heap after
{Heap after GC invocations=92 (full 0):
 garbage-first heap   total 602112K, used 298020K [0x0000000700000000, 0x0000000800000000)
  region size 2048K, 5 young (10240K), 5 survivors (10240K)
 Metaspace       used 168730K, committed 171072K, reserved 1048576K
  class space    used 23207K, committed 24320K, reserved 851968K
}
Event: 171.348 GC heap before
{Heap before GC invocations=92 (full 0):
 garbage-first heap   total 602112K, used 556068K [0x0000000700000000, 0x0000000800000000)
  region size 2048K, 132 young (270336K), 5 survivors (10240K)
 Metaspace       used 168795K, committed 171072K, reserved 1048576K
  class space    used 23216K, committed 24320K, reserved 851968K
}
Event: 171.358 GC heap after
{Heap after GC invocations=93 (full 0):
 garbage-first heap   total 602112K, used 301029K [0x0000000700000000, 0x0000000800000000)
  region size 2048K, 6 young (12288K), 6 survivors (12288K)
 Metaspace       used 168795K, committed 171072K, reserved 1048576K
  class space    used 23216K, committed 24320K, reserved 851968K
}
Event: 172.432 GC heap before
{Heap before GC invocations=93 (full 0):
 garbage-first heap   total 602112K, used 557029K [0x0000000700000000, 0x0000000800000000)
  region size 2048K, 131 young (268288K), 6 survivors (12288K)
 Metaspace       used 168819K, committed 171136K, reserved 1048576K
  class space    used 23217K, committed 24320K, reserved 851968K
}
Event: 172.443 GC heap after
{Heap after GC invocations=94 (full 0):
 garbage-first heap   total 602112K, used 306363K [0x0000000700000000, 0x0000000800000000)
  region size 2048K, 9 young (18432K), 9 survivors (18432K)
 Metaspace       used 168819K, committed 171136K, reserved 1048576K
  class space    used 23217K, committed 24320K, reserved 851968K
}
Event: 173.395 GC heap before
{Heap before GC invocations=94 (full 0):
 garbage-first heap   total 602112K, used 548027K [0x0000000700000000, 0x0000000800000000)
  region size 2048K, 128 young (262144K), 9 survivors (18432K)
 Metaspace       used 168838K, committed 171136K, reserved 1048576K
  class space    used 23219K, committed 24320K, reserved 851968K
}
Event: 173.422 GC heap after
{Heap after GC invocations=95 (full 0):
 garbage-first heap   total 602112K, used 327092K [0x0000000700000000, 0x0000000800000000)
  region size 2048K, 16 young (32768K), 16 survivors (32768K)
 Metaspace       used 168838K, committed 171136K, reserved 1048576K
  class space    used 23219K, committed 24320K, reserved 851968K
}
Event: 173.975 GC heap before
{Heap before GC invocations=96 (full 0):
 garbage-first heap   total 602112K, used 533940K [0x0000000700000000, 0x0000000800000000)
  region size 2048K, 118 young (241664K), 16 survivors (32768K)
 Metaspace       used 168906K, committed 171264K, reserved 1048576K
  class space    used 23233K, committed 24384K, reserved 851968K
}
Event: 174.013 GC heap after
{Heap after GC invocations=97 (full 0):
 garbage-first heap   total 602112K, used 347687K [0x0000000700000000, 0x0000000800000000)
  region size 2048K, 10 young (20480K), 10 survivors (20480K)
 Metaspace       used 168906K, committed 171264K, reserved 1048576K
  class space    used 23233K, committed 24384K, reserved 851968K
}
Event: 174.689 GC heap before
{Heap before GC invocations=97 (full 0):
 garbage-first heap   total 602112K, used 548391K [0x0000000700000000, 0x0000000800000000)
  region size 2048K, 108 young (221184K), 10 survivors (20480K)
 Metaspace       used 168938K, committed 171264K, reserved 1048576K
  class space    used 23236K, committed 24384K, reserved 851968K
}
Event: 174.741 GC heap after
{Heap after GC invocations=98 (full 0):
 garbage-first heap   total 608256K, used 368403K [0x0000000700000000, 0x0000000800000000)
  region size 2048K, 13 young (26624K), 13 survivors (26624K)
 Metaspace       used 168938K, committed 171264K, reserved 1048576K
  class space    used 23236K, committed 24384K, reserved 851968K
}
Event: 175.152 GC heap before
{Heap before GC invocations=98 (full 0):
 garbage-first heap   total 608256K, used 546579K [0x0000000700000000, 0x0000000800000000)
  region size 2048K, 101 young (206848K), 13 survivors (26624K)
 Metaspace       used 168949K, committed 171264K, reserved 1048576K
  class space    used 23237K, committed 24384K, reserved 851968K
}
Event: 175.192 GC heap after
{Heap after GC invocations=99 (full 0):
 garbage-first heap   total 608256K, used 388083K [0x0000000700000000, 0x0000000800000000)
  region size 2048K, 11 young (22528K), 11 survivors (22528K)
 Metaspace       used 168949K, committed 171264K, reserved 1048576K
  class space    used 23237K, committed 24384K, reserved 851968K
}
Event: 175.850 GC heap before
{Heap before GC invocations=99 (full 0):
 garbage-first heap   total 608256K, used 551923K [0x0000000700000000, 0x0000000800000000)
  region size 2048K, 91 young (186368K), 11 survivors (22528K)
 Metaspace       used 168954K, committed 171264K, reserved 1048576K
  class space    used 23237K, committed 24384K, reserved 851968K
}
Event: 175.882 GC heap after
{Heap after GC invocations=100 (full 0):
 garbage-first heap   total 608256K, used 403520K [0x0000000700000000, 0x0000000800000000)
  region size 2048K, 9 young (18432K), 9 survivors (18432K)
 Metaspace       used 168954K, committed 171264K, reserved 1048576K
  class space    used 23237K, committed 24384K, reserved 851968K
}
Event: 176.457 GC heap before
{Heap before GC invocations=100 (full 0):
 garbage-first heap   total 675840K, used 550976K [0x0000000700000000, 0x0000000800000000)
  region size 2048K, 82 young (167936K), 9 survivors (18432K)
 Metaspace       used 168971K, committed 171328K, reserved 1048576K
  class space    used 23237K, committed 24384K, reserved 851968K
}

Dll operation events (3 events):
Event: 0.018 Loaded shared library C:\Program Files\Android\Android Studio\jbr\bin\java.dll
Event: 0.022 Loaded shared library C:\Program Files\Android\Android Studio\jbr\bin\zip.dll
Event: 0.582 Loaded shared library C:\Program Files\Android\Android Studio\jbr\bin\verify.dll

Deoptimization events (20 events):
Event: 176.258 Thread 0x000002631861b250 DEOPT PACKING pc=0x0000026302472f4c sp=0x00000064bb3f6c20
Event: 176.258 Thread 0x000002631861b250 DEOPT UNPACKING pc=0x0000026307584e42 sp=0x00000064bb3f61b0 mode 0
Event: 176.288 Thread 0x00000263159405a0 DEOPT PACKING pc=0x00000263022f45f5 sp=0x00000064ba1f9130
Event: 176.288 Thread 0x00000263159405a0 DEOPT UNPACKING pc=0x0000026307584e42 sp=0x00000064ba1f8730 mode 0
Event: 176.328 Thread 0x00000263159405a0 DEOPT PACKING pc=0x000002630210c69d sp=0x00000064ba1f8ed0
Event: 176.329 Thread 0x00000263159405a0 DEOPT UNPACKING pc=0x0000026307584e42 sp=0x00000064ba1f8738 mode 0
Event: 176.352 Thread 0x0000026318617dd0 DEOPT PACKING pc=0x0000026301e9a38a sp=0x00000064bb4f8e20
Event: 176.352 Thread 0x0000026318617dd0 DEOPT UNPACKING pc=0x0000026307584e42 sp=0x00000064bb4f8540 mode 0
Event: 176.361 Thread 0x00000263159405a0 DEOPT PACKING pc=0x000002630210c4aa sp=0x00000064ba1f8a60
Event: 176.361 Thread 0x00000263159405a0 DEOPT UNPACKING pc=0x0000026307584e42 sp=0x00000064ba1f82c0 mode 0
Event: 176.391 Thread 0x000002631861c600 DEOPT PACKING pc=0x0000026302ab65ef sp=0x00000064bb7f91e0
Event: 176.391 Thread 0x000002631861c600 DEOPT UNPACKING pc=0x0000026307584e42 sp=0x00000064bb7f88a0 mode 0
Event: 176.411 Thread 0x000002631861b250 DEOPT PACKING pc=0x000002630210cb71 sp=0x00000064bb3f6590
Event: 176.411 Thread 0x000002631861b250 DEOPT UNPACKING pc=0x0000026307584e42 sp=0x00000064bb3f5df0 mode 0
Event: 176.430 Thread 0x0000026318617dd0 DEOPT PACKING pc=0x0000026301e9a38a sp=0x00000064bb4f8df0
Event: 176.430 Thread 0x0000026318617dd0 DEOPT UNPACKING pc=0x0000026307584e42 sp=0x00000064bb4f8510 mode 0
Event: 176.443 Thread 0x000002631861c600 DEOPT PACKING pc=0x000002630210c534 sp=0x00000064bb7f88d0
Event: 176.443 Thread 0x000002631861c600 DEOPT UNPACKING pc=0x0000026307584e42 sp=0x00000064bb7f8138 mode 0
Event: 176.452 Thread 0x00000263159405a0 DEOPT PACKING pc=0x00000263026381f0 sp=0x00000064ba1f96e0
Event: 176.452 Thread 0x00000263159405a0 DEOPT UNPACKING pc=0x0000026307584e42 sp=0x00000064ba1f8c80 mode 0

Classes loaded (20 events):
Event: 134.299 Loading class java/util/IdentityHashMap$ValueIterator
Event: 134.300 Loading class java/util/IdentityHashMap$ValueIterator done
Event: 134.436 Loading class java/util/stream/SliceOps
Event: 134.437 Loading class java/util/stream/SliceOps done
Event: 134.437 Loading class java/util/stream/SliceOps$1
Event: 134.437 Loading class java/util/stream/SliceOps$1 done
Event: 134.442 Loading class java/util/stream/SliceOps$1$1
Event: 134.443 Loading class java/util/stream/SliceOps$1$1 done
Event: 134.566 Loading class java/util/AbstractList$SubList
Event: 134.567 Loading class java/util/AbstractList$SubList done
Event: 134.567 Loading class java/util/AbstractList$SubList$1
Event: 134.567 Loading class java/util/AbstractList$SubList$1 done
Event: 144.249 Loading class java/nio/ShortBuffer
Event: 144.254 Loading class java/nio/ShortBuffer done
Event: 144.658 Loading class java/nio/ByteBufferAsShortBufferL
Event: 144.659 Loading class java/nio/ByteBufferAsShortBufferL done
Event: 144.779 Loading class java/util/zip/Adler32
Event: 144.780 Loading class java/util/zip/Adler32 done
Event: 170.569 Loading class java/nio/file/FileTreeIterator
Event: 170.570 Loading class java/nio/file/FileTreeIterator done

Classes unloaded (6 events):
Event: 138.134 Thread 0x000002637d7cac90 Unloading class 0x000000080165d400 'java/lang/invoke/LambdaForm$DMH+0x000000080165d400'
Event: 138.134 Thread 0x000002637d7cac90 Unloading class 0x000000080165d000 'java/lang/invoke/LambdaForm$DMH+0x000000080165d000'
Event: 138.134 Thread 0x000002637d7cac90 Unloading class 0x000000080165cc00 'java/lang/invoke/LambdaForm$DMH+0x000000080165cc00'
Event: 138.134 Thread 0x000002637d7cac90 Unloading class 0x000000080165c400 'java/lang/invoke/LambdaForm$DMH+0x000000080165c400'
Event: 138.134 Thread 0x000002637d7cac90 Unloading class 0x000000080165c800 'java/lang/invoke/LambdaForm$DMH+0x000000080165c800'
Event: 146.034 Thread 0x000002637d7cac90 Unloading class 0x00000008016f8000 'java/lang/invoke/LambdaForm$DMH+0x00000008016f8000'

Classes redefined (0 events):
No events

Internal exceptions (20 events):
Event: 135.494 Thread 0x0000026315943390 Exception <a 'java/lang/IncompatibleClassChangeError'{0x00000007107dfd00}: Found class java.lang.Object, but interface was expected> (0x00000007107dfd00) 
thrown [s\src\hotspot\share\interpreter\linkResolver.cpp, line 851]
Event: 142.696 Thread 0x00000263159405a0 Exception <a 'java/lang/NoSuchMethodError'{0x0000000712914de0}: 'java.lang.Object java.lang.invoke.DirectMethodHandle$Holder.newInvokeSpecial(java.lang.Object, java.lang.Object, int, java.lang.Object, java.lang.Object, java.lang.Object)'> (0x0000000712914de0) 
thrown [s\src\hotspot\share\interpreter\linkResolver.cpp, line 784]
Event: 142.698 Thread 0x00000263159405a0 Exception <a 'java/lang/NoSuchMethodError'{0x0000000712920078}: 'void java.lang.invoke.DirectMethodHandle$Holder.invokeSpecial(java.lang.Object, java.lang.Object, java.lang.Object, int, java.lang.Object, java.lang.Object, java.lang.Object, java.lang.Object)'> (0x0000000712920078) 
thrown [s\src\hotspot\share\interpreter\linkResolver.cpp, line 784]
Event: 143.461 Thread 0x00000263159405a0 Exception <a 'java/lang/IncompatibleClassChangeError'{0x0000000717ace460}: Found class java.lang.Object, but interface was expected> (0x0000000717ace460) 
thrown [s\src\hotspot\share\interpreter\linkResolver.cpp, line 851]
Event: 143.747 Thread 0x000002631650a750 Exception <a 'java/lang/NoSuchMethodError'{0x00000007146b6540}: 'int java.lang.invoke.DirectMethodHandle$Holder.invokeInterface(java.lang.Object, java.lang.Object, int)'> (0x00000007146b6540) 
thrown [s\src\hotspot\share\interpreter\linkResolver.cpp, line 784]
Event: 144.795 Thread 0x00000263159405a0 Exception <a 'sun/nio/fs/WindowsException'{0x0000000716d16060}> (0x0000000716d16060) 
thrown [s\src\hotspot\share\prims\jni.cpp, line 537]
Event: 145.152 Thread 0x000002631650a750 Exception <a 'sun/nio/fs/WindowsException'{0x0000000714727120}> (0x0000000714727120) 
thrown [s\src\hotspot\share\prims\jni.cpp, line 537]
Event: 147.343 Thread 0x0000026315943390 Implicit null exception at 0x00000263081e0b00 to 0x00000263081e0c50
Event: 148.214 Thread 0x0000026315943390 Exception <a 'sun/nio/fs/WindowsException'{0x00000007ff4a8dd0}> (0x00000007ff4a8dd0) 
thrown [s\src\hotspot\share\prims\jni.cpp, line 537]
Event: 153.488 Thread 0x0000026315941950 Exception <a 'java/lang/NoSuchMethodError'{0x0000000715c6fce8}: 'void java.lang.invoke.DirectMethodHandle$Holder.invokeSpecialIFC(java.lang.Object, java.lang.Object, java.lang.Object, java.lang.Object)'> (0x0000000715c6fce8) 
thrown [s\src\hotspot\share\interpreter\linkResolver.cpp, line 784]
Event: 153.530 Thread 0x0000026315941950 Implicit null exception at 0x00000263086aa200 to 0x00000263086b1458
Event: 165.155 Thread 0x0000026315941950 Exception <a 'sun/nio/fs/WindowsException'{0x000000071d2fc888}> (0x000000071d2fc888) 
thrown [s\src\hotspot\share\prims\jni.cpp, line 537]
Event: 167.605 Thread 0x0000026315941950 Exception <a 'sun/nio/fs/WindowsException'{0x00000007231ec858}> (0x00000007231ec858) 
thrown [s\src\hotspot\share\prims\jni.cpp, line 537]
Event: 170.533 Thread 0x0000026318617dd0 Exception <a 'sun/nio/fs/WindowsException'{0x000000071fd7c958}> (0x000000071fd7c958) 
thrown [s\src\hotspot\share\prims\jni.cpp, line 537]
Event: 173.843 Thread 0x0000026315946180 Implicit null exception at 0x00000263081e24fa to 0x00000263081e2680
Event: 173.856 Thread 0x0000026315946180 Exception <a 'java/lang/NoSuchMethodError'{0x00000007196e7138}: 'java.lang.Object java.lang.invoke.DirectMethodHandle$Holder.newInvokeSpecial(java.lang.Object, int, java.lang.Object, java.lang.Object)'> (0x00000007196e7138) 
thrown [s\src\hotspot\share\interpreter\linkResolver.cpp, line 784]
Event: 173.857 Thread 0x0000026315946180 Exception <a 'java/lang/NoSuchMethodError'{0x00000007196eb758}: 'java.lang.Object java.lang.invoke.DirectMethodHandle$Holder.invokeSpecial(java.lang.Object, java.lang.Object, int, java.lang.Object, java.lang.Object)'> (0x00000007196eb758) 
thrown [s\src\hotspot\share\interpreter\linkResolver.cpp, line 784]
Event: 174.409 Thread 0x000002631861b250 Exception <a 'sun/nio/fs/WindowsException'{0x000000071d36ad28}> (0x000000071d36ad28) 
thrown [s\src\hotspot\share\prims\jni.cpp, line 537]
Event: 174.873 Thread 0x00000263159405a0 Exception <a 'sun/nio/fs/WindowsException'{0x0000000720c1c708}> (0x0000000720c1c708) 
thrown [s\src\hotspot\share\prims\jni.cpp, line 537]
Event: 174.990 Thread 0x0000026315946180 Exception <a 'sun/nio/fs/WindowsException'{0x0000000720342638}> (0x0000000720342638) 
thrown [s\src\hotspot\share\prims\jni.cpp, line 537]

ZGC Phase Switch (0 events):
No events

VM Operations (20 events):
Event: 172.443 Executing VM operation: G1CollectForAllocation (G1 Evacuation Pause) done
Event: 173.027 Executing VM operation: G1PauseRemark
Event: 173.039 Executing VM operation: G1PauseRemark done
Event: 173.394 Executing VM operation: G1CollectForAllocation (G1 Evacuation Pause)
Event: 173.423 Executing VM operation: G1CollectForAllocation (G1 Evacuation Pause) done
Event: 173.485 Executing VM operation: G1PauseCleanup
Event: 173.489 Executing VM operation: G1PauseCleanup done
Event: 173.975 Executing VM operation: G1CollectForAllocation (G1 Evacuation Pause)
Event: 174.013 Executing VM operation: G1CollectForAllocation (G1 Evacuation Pause) done
Event: 174.689 Executing VM operation: G1CollectForAllocation (G1 Evacuation Pause)
Event: 174.741 Executing VM operation: G1CollectForAllocation (G1 Evacuation Pause) done
Event: 175.148 Executing VM operation: G1CollectForAllocation (G1 Evacuation Pause)
Event: 175.148 Executing VM operation: G1CollectForAllocation (G1 Evacuation Pause) done
Event: 175.152 Executing VM operation: G1CollectForAllocation (GCLocker Initiated GC)
Event: 175.192 Executing VM operation: G1CollectForAllocation (GCLocker Initiated GC) done
Event: 175.845 Executing VM operation: G1CollectForAllocation (G1 Evacuation Pause)
Event: 175.882 Executing VM operation: G1CollectForAllocation (G1 Evacuation Pause) done
Event: 175.930 Executing VM operation: G1PauseRemark
Event: 175.981 Executing VM operation: G1PauseRemark done
Event: 176.456 Executing VM operation: G1CollectForAllocation (G1 Evacuation Pause)

Memory protections (0 events):
No events

Nmethod flushes (20 events):
Event: 175.973 Thread 0x000002637d7cac90 flushing  nmethod 0x0000026301085010
Event: 175.973 Thread 0x000002637d7cac90 flushing  nmethod 0x0000026301089d90
Event: 175.973 Thread 0x000002637d7cac90 flushing  nmethod 0x000002630108a690
Event: 175.973 Thread 0x000002637d7cac90 flushing  nmethod 0x0000026301093310
Event: 175.973 Thread 0x000002637d7cac90 flushing  nmethod 0x0000026301093910
Event: 175.973 Thread 0x000002637d7cac90 flushing  nmethod 0x0000026301093d90
Event: 175.973 Thread 0x000002637d7cac90 flushing  nmethod 0x0000026301094410
Event: 175.973 Thread 0x000002637d7cac90 flushing  nmethod 0x0000026301095a90
Event: 175.973 Thread 0x000002637d7cac90 flushing  nmethod 0x0000026301096190
Event: 175.973 Thread 0x000002637d7cac90 flushing  nmethod 0x00000263010efd10
Event: 175.973 Thread 0x000002637d7cac90 flushing  nmethod 0x00000263010f8490
Event: 175.973 Thread 0x000002637d7cac90 flushing  nmethod 0x0000026302923310
Event: 175.973 Thread 0x000002637d7cac90 flushing  nmethod 0x00000263029aba90
Event: 175.973 Thread 0x000002637d7cac90 flushing  nmethod 0x00000263029ad590
Event: 175.973 Thread 0x000002637d7cac90 flushing  nmethod 0x0000026302a39d90
Event: 175.973 Thread 0x000002637d7cac90 flushing  nmethod 0x0000026302a3a510
Event: 175.973 Thread 0x000002637d7cac90 flushing  nmethod 0x0000026302a3b690
Event: 175.973 Thread 0x000002637d7cac90 flushing  nmethod 0x0000026302a3ba90
Event: 175.973 Thread 0x000002637d7cac90 flushing  nmethod 0x0000026302a3c510
Event: 175.973 Thread 0x000002637d7cac90 flushing  nmethod 0x0000026302a3c910

Events (20 events):
Event: 122.889 Thread 0x0000026317d7eb20 Thread added: 0x00000263163f9970
Event: 122.890 Thread 0x0000026317d7eb20 Thread added: 0x00000263163f6b80
Event: 123.967 Thread 0x000002631861b250 Thread added: 0x00000263163f8c50
Event: 123.967 Thread 0x000002631861b250 Thread added: 0x00000263163f92e0
Event: 123.968 Thread 0x000002631861b250 Thread added: 0x00000263163fa690
Event: 123.968 Thread 0x000002631861b250 Thread added: 0x00000263163f7f30
Event: 123.968 Thread 0x000002631861b250 Thread added: 0x00000263163f7210
Event: 123.968 Thread 0x000002631861b250 Thread added: 0x00000263163f78a0
Event: 123.969 Thread 0x000002631861b250 Thread added: 0x0000026314c7b9a0
Event: 125.532 Thread 0x0000026317d7de00 Thread added: 0x000002631650ef80
Event: 125.532 Thread 0x0000026317d7de00 Thread added: 0x00000263165137b0
Event: 125.533 Thread 0x0000026317d7de00 Thread added: 0x0000026316510330
Event: 125.533 Thread 0x0000026317d7de00 Thread added: 0x0000026316513e40
Event: 125.533 Thread 0x0000026317d7de00 Thread added: 0x00000263165144d0
Event: 125.534 Thread 0x0000026317d7de00 Thread added: 0x00000263165151f0
Event: 125.534 Thread 0x0000026317d7de00 Thread added: 0x0000026316515880
Event: 127.269 Thread 0x000002631861b250 Thread added: 0x000002631650a750
Event: 142.427 Thread 0x000002637da3d510 Thread added: 0x0000026314a7a990
Event: 162.816 Thread 0x0000026317d7d0e0 Thread exited: 0x0000026317d7d0e0
Event: 163.130 Thread 0x0000026313772d10 Thread exited: 0x0000026313772d10


Dynamic libraries:
0x00007ff7b5ad0000 - 0x00007ff7b5ada000 	C:\Program Files\Android\Android Studio\jbr\bin\java.exe
0x00007ffa2db40000 - 0x00007ffa2dda6000 	C:\WINDOWS\SYSTEM32\ntdll.dll
0x00007ffa2cbc0000 - 0x00007ffa2cc89000 	C:\WINDOWS\System32\KERNEL32.DLL
0x00007ffa2aee0000 - 0x00007ffa2b2df000 	C:\WINDOWS\System32\KERNELBASE.dll
0x00007ffa2b2f0000 - 0x00007ffa2b43c000 	C:\WINDOWS\System32\ucrtbase.dll
0x00007ffa17af0000 - 0x00007ffa17b0b000 	C:\Program Files\Android\Android Studio\jbr\bin\VCRUNTIME140.dll
0x00007ffa17fb0000 - 0x00007ffa17fc8000 	C:\Program Files\Android\Android Studio\jbr\bin\jli.dll
0x00007ffa2d7f0000 - 0x00007ffa2d9b6000 	C:\WINDOWS\System32\USER32.dll
0x00007ffa2b650000 - 0x00007ffa2b677000 	C:\WINDOWS\System32\win32u.dll
0x00007ffa0ae30000 - 0x00007ffa0b0c1000 	C:\WINDOWS\WinSxS\amd64_microsoft.windows.common-controls_6595b64144ccf1df_6.0.26100.8972_none_3e0da176e32f9d4b\COMCTL32.dll
0x00007ffa2c270000 - 0x00007ffa2c29b000 	C:\WINDOWS\System32\GDI32.dll
0x00007ffa2cd20000 - 0x00007ffa2cdc9000 	C:\WINDOWS\System32\msvcrt.dll
0x00007ffa2b740000 - 0x00007ffa2b869000 	C:\WINDOWS\System32\gdi32full.dll
0x00007ffa2b4e0000 - 0x00007ffa2b583000 	C:\WINDOWS\System32\msvcp_win.dll
0x00007ffa2c8e0000 - 0x00007ffa2c912000 	C:\WINDOWS\System32\IMM32.DLL
0x00007ffa17ae0000 - 0x00007ffa17aec000 	C:\Program Files\Android\Android Studio\jbr\bin\vcruntime140_1.dll
0x00007ff9ff160000 - 0x00007ff9ff1ed000 	C:\Program Files\Android\Android Studio\jbr\bin\msvcp140.dll
0x00007ff9a4a80000 - 0x00007ff9a5716000 	C:\Program Files\Android\Android Studio\jbr\bin\server\jvm.dll
0x00007ffa2c630000 - 0x00007ffa2c6ec000 	C:\WINDOWS\System32\ADVAPI32.dll
0x00007ffa2ce40000 - 0x00007ffa2ceea000 	C:\WINDOWS\System32\sechost.dll
0x00007ffa2d9e0000 - 0x00007ffa2daf8000 	C:\WINDOWS\System32\RPCRT4.dll
0x00007ffa2cc90000 - 0x00007ffa2cd12000 	C:\WINDOWS\System32\WS2_32.dll
0x00007ffa2abb0000 - 0x00007ffa2ac0e000 	C:\WINDOWS\SYSTEM32\POWRPROF.dll
0x00007ffa19a70000 - 0x00007ffa19a7b000 	C:\WINDOWS\SYSTEM32\VERSION.dll
0x00007ffa10420000 - 0x00007ffa10456000 	C:\WINDOWS\SYSTEM32\WINMM.dll
0x00007ffa2ab90000 - 0x00007ffa2aba5000 	C:\WINDOWS\SYSTEM32\UMPDC.dll
0x00007ffa29a40000 - 0x00007ffa29a5b000 	C:\WINDOWS\SYSTEM32\kernel.appcore.dll
0x00007ffa17ab0000 - 0x00007ffa17aba000 	C:\Program Files\Android\Android Studio\jbr\bin\jimage.dll
0x00007ffa252e0000 - 0x00007ffa25522000 	C:\WINDOWS\SYSTEM32\DBGHELP.DLL
0x00007ffa2c2a0000 - 0x00007ffa2c625000 	C:\WINDOWS\System32\combase.dll
0x00007ffa2c920000 - 0x00007ffa2c9f9000 	C:\WINDOWS\System32\OLEAUT32.dll
0x00007ffa08ef0000 - 0x00007ffa08f2b000 	C:\WINDOWS\SYSTEM32\dbgcore.DLL
0x00007ffa2b680000 - 0x00007ffa2b72c000 	C:\WINDOWS\System32\bcryptPrimitives.dll
0x00007ffa11f40000 - 0x00007ffa11f4e000 	C:\Program Files\Android\Android Studio\jbr\bin\instrument.dll
0x00007ffa17a90000 - 0x00007ffa17ab0000 	C:\Program Files\Android\Android Studio\jbr\bin\java.dll
0x00007ffa179d0000 - 0x00007ffa179e8000 	C:\Program Files\Android\Android Studio\jbr\bin\zip.dll
0x00007ffa2d050000 - 0x00007ffa2d7d8000 	C:\WINDOWS\System32\SHELL32.dll
0x00007ffa28820000 - 0x00007ffa290bb000 	C:\WINDOWS\SYSTEM32\windows.storage.dll
0x00007ffa2cef0000 - 0x00007ffa2cfe9000 	C:\WINDOWS\System32\SHCORE.dll
0x00007ffa2cdd0000 - 0x00007ffa2ce36000 	C:\WINDOWS\System32\shlwapi.dll
0x00007ffa2ac70000 - 0x00007ffa2ac99000 	C:\WINDOWS\SYSTEM32\profapi.dll
0x00007ffa17a50000 - 0x00007ffa17a60000 	C:\Program Files\Android\Android Studio\jbr\bin\net.dll
0x00007ffa1c3c0000 - 0x00007ffa1c4e8000 	C:\WINDOWS\SYSTEM32\WINHTTP.dll
0x00007ffa29ff0000 - 0x00007ffa2a05c000 	C:\WINDOWS\system32\mswsock.dll
0x00007ffa13030000 - 0x00007ffa13046000 	C:\Program Files\Android\Android Studio\jbr\bin\nio.dll
0x00007ffa17860000 - 0x00007ffa17870000 	C:\Program Files\Android\Android Studio\jbr\bin\verify.dll
0x00007ffa17a60000 - 0x00007ffa17a87000 	C:\Users\DELL\.gradle\native\c067742578af261105cb4f569cf0c3c89f3d7b1fecec35dd04571415982c5e48\windows-amd64\native-platform.dll
0x00007ffa15e00000 - 0x00007ffa15f44000 	C:\Users\DELL\.gradle\native\100fb08df4bc3b14c8652ba06237920a3bd2aa13389f12d3474272988ae205f9\windows-amd64\native-platform-file-events.dll
0x00007ffa17160000 - 0x00007ffa17169000 	C:\Program Files\Android\Android Studio\jbr\bin\management.dll
0x00007ffa16a90000 - 0x00007ffa16a9b000 	C:\Program Files\Android\Android Studio\jbr\bin\management_ext.dll
0x00007ffa2bd50000 - 0x00007ffa2bd58000 	C:\WINDOWS\System32\PSAPI.DLL
0x00007ffa2a2e0000 - 0x00007ffa2a2fb000 	C:\WINDOWS\SYSTEM32\CRYPTSP.dll
0x00007ffa299a0000 - 0x00007ffa299d9000 	C:\WINDOWS\system32\rsaenh.dll
0x00007ffa2a0a0000 - 0x00007ffa2a0d2000 	C:\WINDOWS\SYSTEM32\USERENV.dll
0x00007ffa2ac40000 - 0x00007ffa2ac6a000 	C:\WINDOWS\SYSTEM32\bcrypt.dll
0x00007ffa2a300000 - 0x00007ffa2a30c000 	C:\WINDOWS\SYSTEM32\CRYPTBASE.dll
0x00007ffa294c0000 - 0x00007ffa294f3000 	C:\WINDOWS\SYSTEM32\IPHLPAPI.DLL
0x00007ffa2d7e0000 - 0x00007ffa2d7ea000 	C:\WINDOWS\System32\NSI.dll
0x00007ffa128b0000 - 0x00007ffa128b9000 	C:\Program Files\Android\Android Studio\jbr\bin\extnet.dll
0x00007ff9bd540000 - 0x00007ff9bd548000 	C:\WINDOWS\system32\wshunix.dll
0x00007ffa29500000 - 0x00007ffa29658000 	C:\WINDOWS\SYSTEM32\DNSAPI.dll
0x00007ffa29dd0000 - 0x00007ffa29ddd000 	C:\WINDOWS\SYSTEM32\DSPARSE.dll
0x00007ffa1b7d0000 - 0x00007ffa1b7db000 	C:\Windows\System32\rasadhlp.dll
0x00007ffa22220000 - 0x00007ffa222a6000 	C:\WINDOWS\System32\fwpuclnt.dll
0x00007ffa16ab0000 - 0x00007ffa16ab7000 	C:\Program Files\Android\Android Studio\jbr\bin\rmi.dll
0x00007ffa29b70000 - 0x00007ffa29ba6000 	C:\WINDOWS\SYSTEM32\ntmarta.dll

JVMTI agents:
C:\Users\DELL\.gradle\wrapper\dists\gradle-8.11.1-bin\bpt9gzteqjrbo1mjrsomdt32c\gradle-8.11.1\lib\agents\gradle-instrumentation-agent-8.11.1.jar path:C:\Program Files\Android\Android Studio\jbr\bin\instrument.dll, loaded, initialized, instrumentlib options:none

dbghelp: loaded successfully - version: 4.0.5 - missing functions: none
symbol engine: initialized successfully - sym options: 0x614 - pdb path: .;C:\Program Files\Android\Android Studio\jbr\bin;C:\WINDOWS\SYSTEM32;C:\WINDOWS\WinSxS\amd64_microsoft.windows.common-controls_6595b64144ccf1df_6.0.26100.8972_none_3e0da176e32f9d4b;C:\Program Files\Android\Android Studio\jbr\bin\server;C:\Users\DELL\.gradle\native\c067742578af261105cb4f569cf0c3c89f3d7b1fecec35dd04571415982c5e48\windows-amd64;C:\Users\DELL\.gradle\native\100fb08df4bc3b14c8652ba06237920a3bd2aa13389f12d3474272988ae205f9\windows-amd64

VM Arguments:
jvm_args: --add-opens=java.base/java.lang=ALL-UNNAMED --add-opens=java.base/java.lang.invoke=ALL-UNNAMED --add-opens=java.base/java.util=ALL-UNNAMED --add-opens=java.prefs/java.util.prefs=ALL-UNNAMED --add-exports=jdk.compiler/com.sun.tools.javac.api=ALL-UNNAMED --add-exports=jdk.compiler/com.sun.tools.javac.util=ALL-UNNAMED --add-opens=java.base/java.util=ALL-UNNAMED --add-opens=java.prefs/java.util.prefs=ALL-UNNAMED --add-opens=java.base/java.nio.charset=ALL-UNNAMED --add-opens=java.base/java.net=ALL-UNNAMED --add-opens=java.base/java.util.concurrent.atomic=ALL-UNNAMED --add-opens=java.xml/javax.xml.namespace=ALL-UNNAMED -XX:MaxMetaspaceSize=1G -XX:+HeapDumpOnOutOfMemoryError -Xmx4G -Dfile.encoding=UTF-8 -Duser.country=ID -Duser.language=en -Duser.variant -javaagent:C:\Users\DELL\.gradle\wrapper\dists\gradle-8.11.1-bin\bpt9gzteqjrbo1mjrsomdt32c\gradle-8.11.1\lib\agents\gradle-instrumentation-agent-8.11.1.jar 
java_command: org.gradle.launcher.daemon.bootstrap.GradleDaemon 8.11.1
java_class_path (initial): C:\Users\DELL\.gradle\wrapper\dists\gradle-8.11.1-bin\bpt9gzteqjrbo1mjrsomdt32c\gradle-8.11.1\lib\gradle-daemon-main-8.11.1.jar
Launcher Type: SUN_STANDARD

[Global flags]
     intx CICompilerCount                          = 4                                         {product} {ergonomic}
   size_t CompressedClassSpaceSize                 = 872415232                                 {product} {ergonomic}
     uint ConcGCThreads                            = 2                                         {product} {ergonomic}
     uint G1ConcRefinementThreads                  = 8                                         {product} {ergonomic}
   size_t G1HeapRegionSize                         = 2097152                                   {product} {ergonomic}
    uintx GCDrainStackTargetSize                   = 64                                        {product} {ergonomic}
     bool HeapDumpOnOutOfMemoryError               = true                                   {manageable} {command line}
   size_t InitialHeapSize                          = 132120576                                 {product} {ergonomic}
   size_t MarkStackSize                            = 4194304                                   {product} {ergonomic}
   size_t MaxHeapSize                              = 4294967296                                {product} {command line}
   size_t MaxMetaspaceSize                         = 1073741824                                {product} {command line}
   size_t MaxNewSize                               = 2575302656                                {product} {ergonomic}
   size_t MinHeapDeltaBytes                        = 2097152                                   {product} {ergonomic}
   size_t MinHeapSize                              = 8388608                                   {product} {ergonomic}
    uintx NonNMethodCodeHeapSize                   = 5839372                                {pd product} {ergonomic}
    uintx NonProfiledCodeHeapSize                  = 122909434                              {pd product} {ergonomic}
    uintx ProfiledCodeHeapSize                     = 122909434                              {pd product} {ergonomic}
    uintx ReservedCodeCacheSize                    = 251658240                              {pd product} {ergonomic}
     bool SegmentedCodeCache                       = true                                      {product} {ergonomic}
   size_t SoftMaxHeapSize                          = 4294967296                             {manageable} {ergonomic}
     bool UseCompressedOops                        = true                           {product lp64_product} {ergonomic}
     bool UseG1GC                                  = true                                      {product} {ergonomic}
     bool UseLargePagesIndividualAllocation        = false                                  {pd product} {ergonomic}

Logging:
Log output configuration:
 #0: stdout all=warning uptime,level,tags foldmultilines=false
 #1: stderr all=off uptime,level,tags foldmultilines=false

Environment Variables:
JAVA_HOME=C:\Program Files\Android\Android Studio\jbr
CLASSPATH=D:\bizgrow-project\upstyle\multi_platform\bizgrow-kmp\\gradle\wrapper\gradle-wrapper.jar
PATH=C:\Program Files\Android\Android Studio\jbr\bin;C:\Program Files\WindowsApps\Microsoft.PowerShell_7.6.6.0_x64__8wekyb3d8bbwe;C:/Users/DELL/.gemini/antigravity-ide/bin;C:\oraclexe\app\oracle\product\11.2.0\server\bin;;C:\Program Files\Python313\Scripts\;C:\Program Files\Python313\;C:\WINDOWS\system32;C:\WINDOWS;C:\WINDOWS\System32\Wbem;C:\WINDOWS\System32\WindowsPowerShell\v1.0\;C:\WINDOWS\System32\OpenSSH\;C:\Program Files\Git\cmd;C:\xampp\php;C:\composer;C:\Program Files\nodejs\;C:\Program Files\PuTTY\;C:\Users\DELL\AppData\Local\agy\bin;C:\Users\DELL\AppData\Local\Microsoft\WindowsApps;C:\Users\DELL\AppData\Local\Programs\Microsoft VS Code\bin;C:\Users\DELL\AppData\Roaming\Composer\vendor\bin;C:\Users\DELL\AppData\Roaming\npm;C:\Users\DELL\AppData\Local\Programs\Kiro\bin;C:\Users\DELL\AppData\Local\Programs\Antigravity IDE\bin
USERNAME=DELL
OS=Windows_NT
PROCESSOR_IDENTIFIER=Intel64 Family 6 Model 142 Stepping 12, GenuineIntel
TMP=C:\Users\DELL\AppData\Local\Temp
TEMP=C:\Users\DELL\AppData\Local\Temp




Periodic native trim disabled

JNI global refs:
JNI global refs: 30, weak refs: 206

JNI global refs memory usage: 835, weak refs: 2729

Process memory usage:
Resident Set Size: 1010136K (12% of 8198356K total physical memory with 439424K free physical memory)

OOME stack traces (most recent first):
Classloader memory used:
Loader org.gradle.internal.classloader.VisitableURLClassLoader$InstrumentingVisitableURLClassLoader: 70266K
Loader org.gradle.internal.classloader.VisitableURLClassLoader                         : 46898K
Loader bootstrap                                                                       : 35947K
Loader org.gradle.initialization.MixInLegacyTypesClassLoader                           : 14026K
Loader jdk.internal.loader.ClassLoaders$PlatformClassLoader                            : 799K
Loader jdk.internal.reflect.DelegatingClassLoader                                      : 435K
Loader org.gradle.internal.classloader.VisitableURLClassLoader                         : 360K
Loader jdk.internal.loader.ClassLoaders$AppClassLoader                                 : 235K
Loader sun.reflect.misc.MethodUtil                                                     : 2984B

Classes loaded by more than one classloader:
Class Program                                                                         : loaded 7 times (x 72B)
Class Build_gradle                                                                    : loaded 5 times (x 130B)
Class Build_gradle$1                                                                  : loaded 5 times (x 75B)
Class org.gradle.kotlin.dsl.VersionCatalogAccessorsKt                                 : loaded 3 times (x 71B)
Class org.gradle.internal.classloader.FilteringClassLoader                            : loaded 2 times (x 105B)
Class com.google.common.io.FileWriteMode                                              : loaded 2 times (x 79B)
Class [Lcom.google.common.base.AbstractIterator$State;                                : loaded 2 times (x 69B)
Class com.google.common.base.CharMatcher$IsEither                                     : loaded 2 times (x 111B)
Class org.gradle.internal.classloader.ClassLoaderHierarchy                            : loaded 2 times (x 70B)
Class com.google.common.collect.AbstractMapBasedMultimap$WrappedCollection            : loaded 2 times (x 124B)
Class com.google.common.collect.ImmutableEnumSet                                      : loaded 2 times (x 146B)
Class com.google.common.util.concurrent.ExecutionError                                : loaded 2 times (x 82B)
Class com.google.common.collect.ImmutableList$1                                       : loaded 2 times (x 97B)
Class org.gradle.api.internal.classpath.ManifestUtil                                  : loaded 2 times (x 71B)
Class com.google.common.io.ByteArrayDataOutput                                        : loaded 2 times (x 70B)
Class com.google.common.collect.RegularImmutableMap                                   : loaded 2 times (x 121B)
Class com.google.common.collect.ImmutableMap$MapViewOfValuesAsSingletonSets           : loaded 2 times (x 125B)
Class [Lorg.objectweb.asm.Symbol;                                                     : loaded 2 times (x 69B)
Class org.objectweb.asm.ClassVisitor                                                  : loaded 2 times (x 88B)
Class com.google.common.collect.UnmodifiableListIterator                              : loaded 2 times (x 95B)
Class org.objectweb.asm.MethodTooLargeException                                       : loaded 2 times (x 83B)
Class [Lcom.google.common.cache.CacheBuilder$OneWeigher;                              : loaded 2 times (x 69B)
Class com.google.common.base.Suppliers                                                : loaded 2 times (x 71B)
Class com.google.common.base.Platform$JdkPatternCompiler                              : loaded 2 times (x 75B)
Class org.gradle.internal.classloader.DefaultClassLoaderFactory                       : loaded 2 times (x 82B)
Class com.google.common.collect.ReverseNaturalOrdering                                : loaded 2 times (x 114B)
Class com.google.common.collect.ImmutableSortedMapFauxverideShim                      : loaded 2 times (x 120B)
Class com.google.common.base.CharMatcher$None                                         : loaded 2 times (x 112B)
Class org.gradle.internal.classloader.ClassLoaderVisitor                              : loaded 2 times (x 76B)
Class com.google.common.collect.Ordering                                              : loaded 2 times (x 114B)
Class [Lcom.google.common.collect.ImmutableMapEntry;                                  : loaded 2 times (x 69B)
Class org.gradle.api.internal.classpath.EffectiveClassPath                            : loaded 2 times (x 90B)
Class com.google.common.collect.ImmutableRangeSet                                     : loaded 2 times (x 115B)
Class com.google.common.collect.ImmutableEnumMap                                      : loaded 2 times (x 125B)
Class com.google.common.collect.ListMultimap                                          : loaded 2 times (x 70B)
Class com.google.common.collect.ComparatorOrdering                                    : loaded 2 times (x 115B)
Class com.google.common.collect.ImmutableSet$SerializedForm                           : loaded 2 times (x 73B)
Class com.google.common.collect.Sets$1                                                : loaded 2 times (x 139B)
Class org.objectweb.asm.AnnotationVisitor                                             : loaded 2 times (x 78B)
Class com.google.common.base.Splitter                                                 : loaded 2 times (x 72B)
Class org.gradle.api.internal.DefaultClassPathProvider                                : loaded 2 times (x 76B)
Class com.google.common.collect.NaturalOrdering                                       : loaded 2 times (x 115B)
Class com.google.common.collect.Maps$ViewCachingAbstractMap                           : loaded 2 times (x 125B)
Class com.google.common.collect.Sets$2                                                : loaded 2 times (x 139B)
Class [Lorg.gradle.api.internal.ClassPathProvider;                                    : loaded 2 times (x 69B)
Class org.gradle.api.internal.ClassPathProvider                                       : loaded 2 times (x 70B)
Class com.google.common.collect.Sets$3                                                : loaded 2 times (x 139B)
Class com.google.common.util.concurrent.AbstractFuture$SafeAtomicHelper               : loaded 2 times (x 79B)
Class com.google.common.cache.LocalCache$LocalLoadingCache                            : loaded 2 times (x 134B)
Class com.google.common.base.AbstractIterator$State                                   : loaded 2 times (x 79B)
Class org.gradle.internal.service.UnknownServiceException                             : loaded 2 times (x 83B)
Class org.gradle.kotlin.dsl.Accessors4nhp6c7gizz3uim4k13ftxn74Kt                      : loaded 2 times (x 71B)
Class com.google.common.io.ByteArrayDataInput                                         : loaded 2 times (x 70B)
Class com.google.common.collect.Sets$4                                                : loaded 2 times (x 139B)
Class org.objectweb.asm.ModuleVisitor                                                 : loaded 2 times (x 81B)
Class com.google.common.cache.LocalCache$Strength$1                                   : loaded 2 times (x 81B)
Class com.google.common.util.concurrent.SettableFuture                                : loaded 2 times (x 114B)
Class com.google.common.cache.LocalCache$Strength$2                                   : loaded 2 times (x 81B)
Class com.google.common.io.ByteStreams                                                : loaded 2 times (x 71B)
Class com.google.common.collect.AllEqualOrdering                                      : loaded 2 times (x 114B)
Class com.google.common.collect.TransformedIterator                                   : loaded 2 times (x 80B)
Class com.google.common.cache.LocalCache$Strength$3                                   : loaded 2 times (x 81B)
Class com.google.common.collect.MapDifference                                         : loaded 2 times (x 70B)
Class com.google.common.base.Splitter$1                                               : loaded 2 times (x 77B)
Class org.objectweb.asm.FieldWriter                                                   : loaded 2 times (x 78B)
Class com.google.common.cache.CacheBuilder$NullListener                               : loaded 2 times (x 82B)
Class org.gradle.internal.classpath.TransformedClassPath                              : loaded 2 times (x 96B)
Class org.gradle.internal.classloader.InstrumentingClassLoader                        : loaded 2 times (x 70B)
Class com.google.common.collect.ImmutableListMultimap                                 : loaded 2 times (x 176B)
Class com.google.common.collect.ImmutableRangeSet$AsSet                               : loaded 2 times (x 299B)
Class com.google.common.cache.CacheLoader$FunctionToCacheLoader                       : loaded 2 times (x 75B)
Class com.google.common.collect.Iterators$ArrayItr                                    : loaded 2 times (x 97B)
Class com.google.common.collect.ImmutableCollection$Builder                           : loaded 2 times (x 76B)
Class com.google.common.collect.EmptyImmutableListMultimap                            : loaded 2 times (x 176B)
Class com.google.common.collect.BaseImmutableMultimap                                 : loaded 2 times (x 123B)
Class com.google.common.base.Joiner                                                   : loaded 2 times (x 79B)
Class com.google.common.base.MoreObjects                                              : loaded 2 times (x 71B)
Class [Lorg.objectweb.asm.Type;                                                       : loaded 2 times (x 69B)
Class com.google.common.collect.Platform                                              : loaded 2 times (x 71B)
Class com.google.common.collect.UnmodifiableIterator                                  : loaded 2 times (x 80B)
Class org.gradle.internal.service.ServiceLocator                                      : loaded 2 times (x 70B)
Class com.google.common.collect.ImmutableSortedMap$Builder                            : loaded 2 times (x 90B)
Class com.google.common.base.Ascii                                                    : loaded 2 times (x 71B)
Class com.google.common.collect.SingletonImmutableBiMap                               : loaded 2 times (x 143B)
Class com.google.common.cache.LocalCache$1                                            : loaded 2 times (x 89B)
Class com.google.common.collect.AbstractMapEntry                                      : loaded 2 times (x 81B)
Class com.google.common.collect.Sets$ImprovedAbstractSet                              : loaded 2 times (x 135B)
Class com.google.common.collect.ImmutableList$Builder                                 : loaded 2 times (x 77B)
Class com.google.common.cache.LocalCache$2                                            : loaded 2 times (x 142B)
Class com.google.common.collect.AbstractMultimap                                      : loaded 2 times (x 123B)
Class com.google.common.collect.ImmutableRangeSet$1                                   : loaded 2 times (x 209B)
Class com.google.common.util.concurrent.AbstractFuture$UnsafeAtomicHelper$1           : loaded 2 times (x 76B)
Class com.google.common.collect.RegularImmutableAsList                                : loaded 2 times (x 216B)
Class com.google.common.base.Optional                                                 : loaded 2 times (x 80B)
Class com.google.common.collect.Range                                                 : loaded 2 times (x 87B)
Class com.google.common.util.concurrent.AbstractFuture$Trusted                        : loaded 2 times (x 70B)
Class com.google.common.collect.Iterators                                             : loaded 2 times (x 71B)
Class com.google.common.base.CharMatcher$RangesMatcher                                : loaded 2 times (x 112B)
Class com.google.common.collect.RegularImmutableMap$KeySet                            : loaded 2 times (x 150B)
Class com.google.common.io.ByteSink$AsCharSink                                        : loaded 2 times (x 80B)
Class com.google.common.collect.ExplicitOrdering                                      : loaded 2 times (x 115B)
Class com.google.common.util.concurrent.UncheckedExecutionException                   : loaded 2 times (x 82B)
Class com.google.common.collect.Lists$StringAsImmutableList                           : loaded 2 times (x 207B)
Class com.google.common.collect.ImmutableSortedSetFauxverideShim                      : loaded 2 times (x 147B)
Class com.google.common.base.CharMatcher$JavaLetterOrDigit                            : loaded 2 times (x 111B)
Class org.gradle.internal.InternalTransformer                                         : loaded 2 times (x 70B)
Class com.google.common.collect.AbstractMapBasedMultimap$KeySet$1                     : loaded 2 times (x 82B)
Class org.objectweb.asm.ClassWriter                                                   : loaded 2 times (x 106B)
Class com.google.common.cache.CacheLoader$UnsupportedLoadingOperationException        : loaded 2 times (x 82B)
Class com.google.common.base.CharMatcher$And                                          : loaded 2 times (x 112B)
Class org.gradle.internal.classloader.ClasspathUtil$1                                 : loaded 2 times (x 76B)
Class com.google.common.base.Objects                                                  : loaded 2 times (x 71B)
Class org.objectweb.asm.FieldVisitor                                                  : loaded 2 times (x 77B)
Class com.google.common.collect.IndexedImmutableSet                                   : loaded 2 times (x 150B)
Class com.google.common.collect.ImmutableMap$1                                        : loaded 2 times (x 81B)
Class com.google.common.collect.BiMap                                                 : loaded 2 times (x 70B)
Class org.gradle.api.internal.classpath.DefaultModuleRegistry$DefaultModule           : loaded 2 times (x 86B)
Class com.google.common.collect.NullsFirstOrdering                                    : loaded 2 times (x 115B)
Class com.google.common.primitives.Ints                                               : loaded 2 times (x 71B)
Class com.google.common.collect.AbstractIterator                                      : loaded 2 times (x 82B)
Class com.google.common.math.MathPreconditions                                        : loaded 2 times (x 71B)
Class com.google.common.base.PairwiseEquivalence                                      : loaded 2 times (x 83B)
Class com.google.common.collect.ArrayListMultimapGwtSerializationDependencies         : loaded 2 times (x 172B)
Class com.google.common.collect.ObjectArrays                                          : loaded 2 times (x 71B)
Class com.google.common.collect.AbstractIndexedListIterator                           : loaded 2 times (x 96B)
Class com.google.common.collect.ImmutableMapEntrySet                                  : loaded 2 times (x 151B)
Class org.gradle.api.internal.classpath.Module                                        : loaded 2 times (x 70B)
Class com.google.common.cache.Weigher                                                 : loaded 2 times (x 70B)
Class org.gradle.api.internal.classpath.UnknownModuleException                        : loaded 2 times (x 82B)
Class com.google.common.base.Stopwatch                                                : loaded 2 times (x 72B)
Class com.google.common.cache.LocalCache$Strength                                     : loaded 2 times (x 81B)
Class com.google.common.cache.Cache                                                   : loaded 2 times (x 70B)
Class com.google.common.io.AppendableWriter                                           : loaded 2 times (x 100B)
Class com.google.common.io.Files$2                                                    : loaded 2 times (x 76B)
Class com.google.common.util.concurrent.AbstractFuture$Cancellation                   : loaded 2 times (x 72B)
Class com.google.common.collect.ImmutableMap$Builder                                  : loaded 2 times (x 82B)
Class com.google.common.base.NullnessCasts                                            : loaded 2 times (x 71B)
Class com.google.common.base.Present                                                  : loaded 2 times (x 81B)
Class com.google.common.collect.AbstractMapBasedMultimap$WrappedCollection$WrappedIterator: loaded 2 times (x 84B)
Class com.google.common.cache.RemovalListener                                         : loaded 2 times (x 70B)
Class org.gradle.api.internal.DefaultClassPathRegistry                                : loaded 2 times (x 76B)
Class com.google.common.collect.ImmutableMultimap$Keys                                : loaded 2 times (x 166B)
Class com.google.common.primitives.IntsMethodsForWeb                                  : loaded 2 times (x 71B)
Class com.google.common.collect.Multimap                                              : loaded 2 times (x 70B)
Class org.gradle.api.internal.ClassPathRegistry                                       : loaded 2 times (x 70B)
Class org.gradle.internal.classpath.DefaultClassPath$ImmutableUniqueList              : loaded 2 times (x 199B)
Class com.google.common.base.ExtraObjectsMethodsForWeb                                : loaded 2 times (x 71B)
Class com.google.common.base.Equivalence$Identity                                     : loaded 2 times (x 82B)
Class com.google.common.io.ByteSink                                                   : loaded 2 times (x 76B)
Class com.google.common.cache.CacheBuilder                                            : loaded 2 times (x 72B)
Class com.google.common.collect.SingletonImmutableList                                : loaded 2 times (x 207B)
Class Settings_gradle$1                                                               : loaded 2 times (x 74B)
Class org.gradle.internal.classpath.ClassPath                                         : loaded 2 times (x 70B)
Class org.gradle.api.UncheckedIOException                                             : loaded 2 times (x 82B)
Class com.google.common.io.Files$FileByteSource                                       : loaded 2 times (x 85B)
Class com.google.common.collect.ImmutableList$ReverseImmutableList                    : loaded 2 times (x 208B)
Class com.google.common.base.JdkPattern                                               : loaded 2 times (x 75B)
Class com.google.common.io.CharStreams$NullWriter                                     : loaded 2 times (x 99B)
Class org.objectweb.asm.SymbolTable$Entry                                             : loaded 2 times (x 74B)
Class com.google.common.util.concurrent.AbstractFuture$AtomicHelper                   : loaded 2 times (x 78B)
Class Build_gradle$2$1                                                                : loaded 2 times (x 78B)
Class org.objectweb.asm.Edge                                                          : loaded 2 times (x 72B)
Class com.google.common.base.Suppliers$SupplierOfInstance                             : loaded 2 times (x 79B)
Class com.google.common.collect.Iterators$1                                           : loaded 2 times (x 81B)
Class Build_gradle$2$2                                                                : loaded 2 times (x 78B)
Class com.google.common.cache.LocalCache$ComputingValueReference                      : loaded 2 times (x 96B)
Class com.google.common.collect.SingletonImmutableSet                                 : loaded 2 times (x 146B)
Class com.google.common.collect.ImmutableMap$IteratorBasedImmutableMap                : loaded 2 times (x 125B)
Class com.google.common.cache.LocalCache$Segment                                      : loaded 2 times (x 154B)
Class com.google.common.collect.SortedIterable                                        : loaded 2 times (x 70B)
Class [Lorg.objectweb.asm.SymbolTable$Entry;                                          : loaded 2 times (x 69B)
Class com.google.common.cache.CacheLoader                                             : loaded 2 times (x 74B)
Class com.google.common.collect.Iterators$4                                           : loaded 2 times (x 82B)
Class com.google.common.collect.ImmutableBiMap                                        : loaded 2 times (x 143B)
Class com.google.common.collect.AbstractListMultimap                                  : loaded 2 times (x 172B)
Class org.gradle.internal.installation.GradleInstallation$1                           : loaded 2 times (x 75B)
Class org.gradle.api.internal.classpath.ModuleRegistry                                : loaded 2 times (x 70B)
Class com.google.common.util.concurrent.internal.InternalFutureFailureAccess          : loaded 2 times (x 72B)
Class com.google.common.collect.Iterators$5                                           : loaded 2 times (x 82B)
Class com.google.common.collect.ImmutableSet$JdkBackedSetBuilderImpl                  : loaded 2 times (x 76B)
Class com.google.common.base.Splitter$SplittingIterator                               : loaded 2 times (x 84B)
Class com.google.common.collect.ImmutableMultimap$Values                              : loaded 2 times (x 126B)
Class com.google.common.io.Closer$SuppressingSuppressor                               : loaded 2 times (x 75B)
Class com.google.common.collect.ImmutableSortedAsList                                 : loaded 2 times (x 220B)
Class com.google.common.util.concurrent.AbstractFuture$UnsafeAtomicHelper             : loaded 2 times (x 78B)
Class com.google.common.cache.LocalCache$LocalManualCache$1                           : loaded 2 times (x 75B)
Class com.google.common.base.CharMatcher$ForPredicate                                 : loaded 2 times (x 112B)
Class com.google.common.collect.ImmutableSortedMap$1EntrySet                          : loaded 2 times (x 153B)
Class com.google.common.collect.ImmutableCollection                                   : loaded 2 times (x 125B)
Class com.google.common.base.CharMatcher$AnyOf                                        : loaded 2 times (x 112B)
Class org.gradle.api.internal.classpath.DefaultModuleRegistry                         : loaded 2 times (x 86B)
Class com.google.common.util.concurrent.ListenableFuture                              : loaded 2 times (x 70B)
Class com.google.common.cache.ReferenceEntry                                          : loaded 2 times (x 70B)
Class com.google.common.collect.ImmutableSet$CachingAsList                            : loaded 2 times (x 147B)
Class com.google.common.base.Converter                                                : loaded 2 times (x 90B)
Class com.google.common.collect.Lists                                                 : loaded 2 times (x 71B)
Class com.google.common.base.CharMatcher$Any                                          : loaded 2 times (x 112B)
Class com.google.common.util.concurrent.AbstractFuture                                : loaded 2 times (x 106B)
Class com.google.common.base.FunctionalEquivalence                                    : loaded 2 times (x 83B)
Class com.google.common.collect.Iterators$9                                           : loaded 2 times (x 81B)
Class com.google.common.collect.AbstractMapBasedMultimap                              : loaded 2 times (x 139B)
Class com.google.common.collect.ImmutableAsList                                       : loaded 2 times (x 209B)
Class com.google.common.io.CharStreams                                                : loaded 2 times (x 71B)
Class com.google.common.collect.ImmutableMultiset                                     : loaded 2 times (x 163B)
Class org.objectweb.asm.RecordComponentVisitor                                        : loaded 2 times (x 77B)
Class com.google.common.cache.CacheLoader$SupplierToCacheLoader                       : loaded 2 times (x 75B)
Class com.google.common.collect.UsingToStringOrdering                                 : loaded 2 times (x 114B)
Class com.google.common.collect.Maps$EntryTransformer                                 : loaded 2 times (x 70B)
Class org.gradle.internal.service.ServiceLookupException                              : loaded 2 times (x 82B)
Class com.google.common.collect.ImmutableSortedSet                                    : loaded 2 times (x 299B)
Class [Lcom.google.common.cache.LocalCache$EntryFactory;                              : loaded 2 times (x 69B)
Class com.google.common.base.CharMatcher$JavaLetter                                   : loaded 2 times (x 111B)
Class org.gradle.internal.classloader.ClassLoaderFactory                              : loaded 2 times (x 70B)
Class com.google.common.cache.LocalCache$LocalManualCache                             : loaded 2 times (x 99B)
Class com.google.common.base.CharMatcher$IsNot                                        : loaded 2 times (x 111B)
Class com.google.common.base.CommonPattern                                            : loaded 2 times (x 74B)
Class org.gradle.internal.service.CachingServiceLocator                               : loaded 2 times (x 82B)
Class org.gradle.kotlin.dsl.Accessors8rihyt52ywg47pk3ez2ijmcwzKt                      : loaded 2 times (x 71B)
Class com.google.common.collect.AbstractMapBasedMultimap$KeySet                       : loaded 2 times (x 137B)
Class com.google.common.collect.RegularImmutableSortedSet                             : loaded 2 times (x 299B)
Class com.google.common.math.IntMath                                                  : loaded 2 times (x 71B)
Class com.google.common.collect.Iterators$10                                          : loaded 2 times (x 81B)
Class com.google.common.collect.ImmutableMapEntry                                     : loaded 2 times (x 85B)
Class com.google.common.base.CharMatcher$JavaDigit                                    : loaded 2 times (x 111B)
Class com.google.common.collect.ImmutableMultimap                                     : loaded 2 times (x 147B)
Class com.google.common.base.Equivalence                                              : loaded 2 times (x 82B)
Class com.google.common.collect.ImmutableMapEntry$NonTerminalImmutableMapEntry        : loaded 2 times (x 85B)
Class com.google.common.base.Function                                                 : loaded 2 times (x 70B)
Class com.google.common.collect.IndexedImmutableSet$1                                 : loaded 2 times (x 212B)
Class com.google.common.cache.CacheBuilder$OneWeigher                                 : loaded 2 times (x 82B)
Class com.google.common.collect.RegularImmutableList                                  : loaded 2 times (x 212B)
Class com.google.common.collect.ImmutableSortedMap                                    : loaded 2 times (x 217B)
Class com.google.common.collect.ImmutableBiMapFauxverideShim                          : loaded 2 times (x 120B)
Class org.gradle.internal.classloader.ClasspathUtil                                   : loaded 2 times (x 71B)
Class com.google.common.base.Charsets                                                 : loaded 2 times (x 71B)
Class com.google.common.util.concurrent.Uninterruptibles                              : loaded 2 times (x 71B)
Class com.google.common.collect.Maps                                                  : loaded 2 times (x 71B)
Class com.google.common.base.CharMatcher$JavaUpperCase                                : loaded 2 times (x 111B)
Class org.gradle.api.specs.Spec                                                       : loaded 2 times (x 70B)
Class [Lcom.google.common.collect.ImmutableEntry;                                     : loaded 2 times (x 69B)
Class com.google.common.cache.LocalCache$LoadingValueReference                        : loaded 2 times (x 96B)
Class com.google.common.collect.Multiset                                              : loaded 2 times (x 70B)
Class com.google.common.io.LineReader$1                                               : loaded 2 times (x 75B)
Class com.google.common.collect.CollectSpliterators                                   : loaded 2 times (x 71B)
Class com.google.common.collect.AbstractMapBasedMultimap$AsMap                        : loaded 2 times (x 128B)
Class com.google.common.base.Platform                                                 : loaded 2 times (x 71B)
Class Build_gradle$2                                                                  : loaded 2 times (x 74B)
Class com.google.common.collect.AbstractMapBasedMultimap$WrappedList                  : loaded 2 times (x 205B)
Class com.google.common.collect.CompoundOrdering                                      : loaded 2 times (x 115B)
Class com.google.common.primitives.Ints$IntConverter                                  : loaded 2 times (x 90B)
Class com.google.common.collect.Maps$8                                                : loaded 2 times (x 82B)
Class com.google.common.collect.ImmutableRangeSet$Builder                             : loaded 2 times (x 77B)
Class com.google.common.collect.Sets$SetView                                          : loaded 2 times (x 138B)
Class com.google.common.cache.LocalCache$StrongValueReference                         : loaded 2 times (x 90B)
Class com.google.common.util.concurrent.AbstractFuture$SynchronizedHelper             : loaded 2 times (x 78B)
Class com.google.common.base.CharMatcher$Invisible                                    : loaded 2 times (x 112B)
Class com.google.common.graph.SuccessorsFunction                                      : loaded 2 times (x 70B)
Class org.objectweb.asm.Type                                                          : loaded 2 times (x 72B)
Class org.gradle.internal.classloader.VisitableURLClassLoader$InstrumentingVisitableURLClassLoader: loaded 2 times (x 123B)
Class com.google.common.io.Files$FileByteSink                                         : loaded 2 times (x 77B)
Class org.objectweb.asm.ByteVector                                                    : loaded 2 times (x 79B)
Class [Lcom.google.common.cache.CacheBuilder$NullListener;                            : loaded 2 times (x 69B)
Class com.google.common.math.IntMath$1                                                : loaded 2 times (x 71B)
Class org.gradle.internal.classloader.VisitableURLClassLoader$Spec                    : loaded 2 times (x 74B)
Class org.gradle.internal.classpath.DefaultClassPath                                  : loaded 2 times (x 90B)
Class com.google.common.collect.ImmutableSortedMap$1EntrySet$1                        : loaded 2 times (x 212B)
Class org.objectweb.asm.Symbol                                                        : loaded 2 times (x 73B)
Class com.google.common.base.AbstractIterator                                         : loaded 2 times (x 80B)
Class com.google.common.io.Java8Compatibility                                         : loaded 2 times (x 71B)
Class com.google.common.io.Closer                                                     : loaded 2 times (x 78B)
Class com.google.common.collect.RegularImmutableMap$Values                            : loaded 2 times (x 207B)
Class com.google.common.collect.ImmutableSet                                          : loaded 2 times (x 145B)
Class com.google.common.base.CharMatcher$Ascii                                        : loaded 2 times (x 112B)
Class com.google.common.base.CharMatcher$BitSetMatcher                                : loaded 2 times (x 112B)
Class org.gradle.internal.classloader.ClassLoaderSpec                                 : loaded 2 times (x 71B)
Class org.objectweb.asm.AnnotationWriter                                              : loaded 2 times (x 79B)
Class com.google.common.cache.CacheStats                                              : loaded 2 times (x 71B)
Class com.google.common.collect.ImmutableMultisetGwtSerializationDependencies         : loaded 2 times (x 125B)
Class com.google.common.io.Closer$Suppressor                                          : loaded 2 times (x 70B)
Class com.google.common.io.LineProcessor                                              : loaded 2 times (x 70B)
Class org.objectweb.asm.RecordComponentWriter                                         : loaded 2 times (x 78B)
Class com.google.common.util.concurrent.AbstractFuture$Listener                       : loaded 2 times (x 72B)
Class com.google.common.base.CharMatcher$Or                                           : loaded 2 times (x 112B)
Class Settings_gradle$1$1                                                             : loaded 2 times (x 74B)
Class org.objectweb.asm.Attribute                                                     : loaded 2 times (x 77B)
Class com.google.common.base.Supplier                                                 : loaded 2 times (x 70B)
Class org.gradle.internal.classloader.VisitableURLClassLoader                         : loaded 2 times (x 117B)
Class com.google.common.util.concurrent.AbstractFuture$Waiter                         : loaded 2 times (x 72B)
Class Settings_gradle                                                                 : loaded 2 times (x 128B)
Class org.gradle.internal.Cast                                                        : loaded 2 times (x 71B)
Class org.gradle.api.Action                                                           : loaded 2 times (x 70B)
Class com.google.common.collect.Sets                                                  : loaded 2 times (x 71B)
Class org.objectweb.asm.Handler                                                       : loaded 2 times (x 72B)
Class com.google.common.base.Ticker                                                   : loaded 2 times (x 72B)
Class com.google.common.base.Strings                                                  : loaded 2 times (x 71B)
Class com.google.common.base.CharMatcher$FastMatcher                                  : loaded 2 times (x 111B)
Class com.google.common.collect.ImmutableSortedSet$Builder                            : loaded 2 times (x 86B)
Class [Lcom.google.common.cache.LocalCache$Segment;                                   : loaded 2 times (x 69B)
Class [Lcom.google.common.cache.LocalCache$Strength;                                  : loaded 2 times (x 69B)
Class com.google.common.cache.CacheBuilder$1                                          : loaded 2 times (x 85B)
Class com.google.common.collect.ImmutableMap                                          : loaded 2 times (x 120B)
Class com.google.common.base.Predicate                                                : loaded 2 times (x 70B)
Class org.gradle.internal.classpath.DefaultClassPath$ImmutableUniqueList$Builder      : loaded 2 times (x 75B)
Class com.google.common.collect.AbstractRangeSet                                      : loaded 2 times (x 114B)
Class com.google.common.cache.LocalCache                                              : loaded 2 times (x 187B)
Class com.google.common.cache.CacheBuilder$2                                          : loaded 2 times (x 72B)
Class com.google.common.base.CharMatcher$NegatedFastMatcher                           : loaded 2 times (x 113B)
Class [Lcom.google.common.collect.AbstractMapEntry;                                   : loaded 2 times (x 69B)
Class com.google.common.collect.ImmutableEntry                                        : loaded 2 times (x 82B)
Class com.google.common.collect.ArrayListMultimap                                     : loaded 2 times (x 172B)
Class com.google.common.base.AbstractIterator$1                                       : loaded 2 times (x 71B)
Class com.google.common.base.CharMatcher$Digit                                        : loaded 2 times (x 112B)
Class org.gradle.api.GradleException                                                  : loaded 2 times (x 82B)
Class com.google.common.base.Suppliers$MemoizingSupplier                              : loaded 2 times (x 79B)
Class com.google.common.collect.CollectPreconditions                                  : loaded 2 times (x 71B)
Class com.google.common.base.CharMatcher$JavaIsoControl                               : loaded 2 times (x 112B)
Class [Lcom.google.common.io.FileWriteMode;                                           : loaded 2 times (x 69B)
Class com.google.common.collect.SortedMapDifference                                   : loaded 2 times (x 70B)
Class com.google.common.base.CharMatcher$JavaLowerCase                                : loaded 2 times (x 111B)
Class Build_gradle$1$1                                                                : loaded 2 times (x 74B)
Class com.google.common.io.Files                                                      : loaded 2 times (x 71B)
Class com.google.common.cache.LocalCache$WriteThroughEntry                            : loaded 2 times (x 79B)
Class com.google.common.cache.LocalCache$HashIterator                                 : loaded 2 times (x 86B)
Class com.google.common.cache.LocalCache$EntryFactory                                 : loaded 2 times (x 83B)
Class com.google.common.collect.NullsLastOrdering                                     : loaded 2 times (x 115B)
Class com.google.common.cache.LocalCache$AbstractReferenceEntry                       : loaded 2 times (x 107B)
Class com.google.common.base.Splitter$1$1                                             : loaded 2 times (x 86B)
Class com.google.common.base.CharMatcher$Whitespace                                   : loaded 2 times (x 112B)
Class org.gradle.internal.IoActions                                                   : loaded 2 times (x 71B)
Class com.google.common.collect.ImmutableRangeSet$ComplementRanges                    : loaded 2 times (x 207B)
Class org.objectweb.asm.SymbolTable                                                   : loaded 2 times (x 72B)
Class com.google.common.cache.CacheLoader$InvalidCacheLoadException                   : loaded 2 times (x 82B)
Class com.google.common.collect.ImmutableSet$RegularSetBuilderImpl                    : loaded 2 times (x 77B)
Class com.google.common.base.CharMatcher$SingleWidth                                  : loaded 2 times (x 112B)
Class org.gradle.internal.classloader.SystemClassLoaderSpec                           : loaded 2 times (x 71B)
Class com.google.common.cache.LocalCache$StrongEntry                                  : loaded 2 times (x 108B)
Class com.google.common.util.concurrent.AbstractFuture$TrustedFuture                  : loaded 2 times (x 114B)
Class com.google.common.cache.LoadingCache                                            : loaded 2 times (x 70B)
Class com.google.common.io.ByteStreams$LimitedInputStream                             : loaded 2 times (x 92B)
Class com.google.common.base.Suppliers$NonSerializableMemoizingSupplier               : loaded 2 times (x 79B)
Class org.objectweb.asm.MethodWriter                                                  : loaded 2 times (x 106B)
Class [Lcom.google.common.cache.Weigher;                                              : loaded 2 times (x 69B)
Class com.google.common.collect.RegularImmutableMap$BucketOverflowException           : loaded 2 times (x 82B)
Class Build_gradle$1$1$1                                                              : loaded 2 times (x 78B)
Class com.google.common.collect.ImmutableMultimap$1                                   : loaded 2 times (x 82B)
Class com.google.common.collect.AbstractMapBasedMultimap$RandomAccessWrappedList      : loaded 2 times (x 205B)
Class com.google.common.collect.ImmutableMultimap$2                                   : loaded 2 times (x 81B)
Class com.google.common.collect.RegularImmutableBiMap                                 : loaded 2 times (x 148B)
Class com.google.common.cache.LocalCache$ValueReference                               : loaded 2 times (x 70B)
Class com.google.common.base.CharMatcher$Is                                           : loaded 2 times (x 111B)
Class com.google.common.base.CharMatcher$Negated                                      : loaded 2 times (x 113B)
Class com.google.common.hash.PrimitiveSink                                            : loaded 2 times (x 70B)
Class com.google.common.util.concurrent.AbstractFuture$Failure                        : loaded 2 times (x 72B)
Class com.google.common.base.Equivalence$Equals                                       : loaded 2 times (x 82B)
Class com.google.common.collect.Hashing                                               : loaded 2 times (x 71B)
Class com.google.common.base.PatternCompiler                                          : loaded 2 times (x 70B)
Class com.google.common.base.Preconditions                                            : loaded 2 times (x 71B)
Class com.google.common.io.CharSink                                                   : loaded 2 times (x 79B)
Class com.google.common.collect.ByFunctionOrdering                                    : loaded 2 times (x 115B)
Class com.google.common.base.Joiner$1                                                 : loaded 2 times (x 80B)
Class org.objectweb.asm.Label                                                         : loaded 2 times (x 73B)
Class org.objectweb.asm.CurrentFrame                                                  : loaded 2 times (x 73B)
Class org.objectweb.asm.ClassTooLargeException                                        : loaded 2 times (x 83B)
Class com.google.common.collect.PeekingIterator                                       : loaded 2 times (x 70B)
Class com.google.common.base.CharMatcher                                              : loaded 2 times (x 111B)
Class com.google.common.collect.Maps$IteratorBasedAbstractMap                         : loaded 2 times (x 125B)
Class com.google.common.collect.RangeGwtSerializationDependencies                     : loaded 2 times (x 71B)
Class com.google.common.base.Joiner$2                                                 : loaded 2 times (x 79B)
Class org.objectweb.asm.Frame                                                         : loaded 2 times (x 73B)
Class org.objectweb.asm.MethodVisitor                                                 : loaded 2 times (x 105B)
Class com.google.common.cache.LocalCache$EntryFactory$1                               : loaded 2 times (x 83B)
Class [Lcom.google.common.cache.RemovalListener;                                      : loaded 2 times (x 69B)
Class com.google.common.base.CharMatcher$1                                            : loaded 2 times (x 113B)
Class com.google.common.base.CharMatcher$NamedFastMatcher                             : loaded 2 times (x 112B)
Class com.google.common.collect.RangeSet                                              : loaded 2 times (x 70B)
Class com.google.common.cache.LocalCache$EntryFactory$2                               : loaded 2 times (x 83B)
Class org.gradle.api.internal.classpath.GlobalCacheRootsProvider                      : loaded 2 times (x 70B)
Class com.google.common.collect.CollectCollectors                                     : loaded 2 times (x 71B)
Class org.objectweb.asm.ModuleWriter                                                  : loaded 2 times (x 82B)
Class com.google.common.cache.LocalCache$EntryFactory$3                               : loaded 2 times (x 83B)
Class com.google.common.base.Ticker$1                                                 : loaded 2 times (x 72B)
Class com.google.common.collect.ImmutableMapEntrySet$RegularEntrySet                  : loaded 2 times (x 151B)
Class com.google.common.collect.Maps$BiMapConverter                                   : loaded 2 times (x 90B)
Class com.google.common.collect.CollectSpliterators$1                                 : loaded 2 times (x 90B)
Class com.google.common.cache.LocalCache$EntryFactory$4                               : loaded 2 times (x 83B)
Class com.google.common.collect.ImmutableSet$Builder                                  : loaded 2 times (x 85B)
Class com.google.common.base.CharMatcher$InRange                                      : loaded 2 times (x 111B)
Class com.google.common.io.ByteStreams$1                                              : loaded 2 times (x 85B)
Class com.google.common.collect.ReverseOrdering                                       : loaded 2 times (x 115B)
Class com.google.common.cache.LocalCache$EntryFactory$5                               : loaded 2 times (x 83B)
Class com.google.common.io.LineReader                                                 : loaded 2 times (x 72B)
Class com.google.common.cache.LocalCache$EntryFactory$6                               : loaded 2 times (x 83B)
Class org.gradle.internal.installation.CurrentGradleInstallationLocator               : loaded 2 times (x 71B)
Class com.google.common.collect.ImmutableMultimap$Builder                             : loaded 2 times (x 83B)
Class com.google.common.collect.Maps$KeySet                                           : loaded 2 times (x 137B)
Class com.google.common.cache.LocalCache$EntryFactory$7                               : loaded 2 times (x 83B)
Class com.google.common.collect.ImmutableSet$EmptySetBuilderImpl                      : loaded 2 times (x 76B)
Class com.google.common.collect.ImmutableList                                         : loaded 2 times (x 206B)
Class org.gradle.internal.service.DefaultServiceLocator                               : loaded 2 times (x 83B)
Class com.google.common.collect.ImmutableMultimap$EntryCollection                     : loaded 2 times (x 127B)
Class com.google.common.collect.Maps$EntrySet                                         : loaded 2 times (x 136B)
Class com.google.common.cache.LocalCache$EntryFactory$8                               : loaded 2 times (x 83B)
Class com.google.common.collect.ImmutableSet$SetBuilderImpl                           : loaded 2 times (x 76B)
Class org.gradle.internal.installation.CurrentGradleInstallation                      : loaded 2 times (x 73B)
Class com.google.common.cache.CacheLoader$1                                           : loaded 2 times (x 75B)
Class com.google.common.collect.ImmutableList$SubList                                 : loaded 2 times (x 208B)
Class org.gradle.util.internal.GUtil                                                  : loaded 2 times (x 71B)
Class com.google.common.io.ByteSource                                                 : loaded 2 times (x 84B)
Class com.google.common.util.concurrent.AbstractFuture$SetFuture                      : loaded 2 times (x 75B)
Class com.google.common.cache.AbstractCache$StatsCounter                              : loaded 2 times (x 70B)
Class com.google.common.io.LineBuffer                                                 : loaded 2 times (x 75B)
Class com.google.common.collect.Iterators$MergingIterator                             : loaded 2 times (x 81B)
Class com.google.common.collect.RegularImmutableSet                                   : loaded 2 times (x 148B)
Class org.gradle.internal.installation.GradleInstallation                             : loaded 2 times (x 75B)
Class com.google.common.collect.LexicographicalOrdering                               : loaded 2 times (x 115B)
Class com.google.common.collect.Iterables                                             : loaded 2 times (x 71B)
Class com.google.common.base.Splitter$Strategy                                        : loaded 2 times (x 70B)

---------------  S Y S T E M  ---------------

OS:
 Windows 11 , 64 bit Build 26100 (10.0.26100.9168)
OS uptime: 0 days 6:34 hours

CPU: total 8 (initial active 8) (4 cores per cpu, 2 threads per core) family 6 model 142 stepping 12 microcode 0xf8, cx8, cmov, fxsr, ht, mmx, 3dnowpref, sse, sse2, sse3, ssse3, sse4.1, sse4.2, popcnt, lzcnt, tsc, tscinvbit, avx, avx2, aes, erms, clmul, bmi1, bmi2, adx, fma, vzeroupper, clflush, clflushopt, rdtscp, f16c
Processor Information for the first 8 processors :
  Max Mhz: 1896, Current Mhz: 1596, Mhz Limit: 1592

Memory: 4k page, system-wide physical 8006M (375M free)
TotalPageFile size 18461M (AvailPageFile size 319M)
current process WorkingSet (physical memory assigned to process): 984M, peak: 988M
current process commit charge ("private bytes"): 1160M, peak: 2022M

vm_info: OpenJDK 64-Bit Server VM (21.0.8+-14196175-b1038.72) for windows-amd64 JRE (21.0.8+-14196175-b1038.72), built on 2025-10-01T10:24:33Z by "builder" with MS VC++ 16.10 / 16.11 (VS2019)

END.
