#
# There is insufficient memory for the Java Runtime Environment to continue.
# Native memory allocation (mmap) failed to map 334495744 bytes. Error detail: G1 virtual space
# Possible reasons:
#   The system is out of physical RAM or swap space
#   This process is running with CompressedOops enabled, and the Java Heap may be blocking the growth of the native heap
# Possible solutions:
#   Reduce memory load on the system
#   Increase physical memory or swap space
#   Check if swap backing store is full
#   Decrease Java heap size (-Xmx/-Xms)
#   Decrease number of Java threads
#   Decrease Java thread stack sizes (-Xss)
#   Set larger code cache with -XX:ReservedCodeCacheSize=
#   JVM is running with Unscaled Compressed Oops mode in which the Java heap is
#     placed in the first 4GB address space. The Java Heap base address is the
#     maximum limit for the native heap growth. Please use -XX:HeapBaseMinAddress
#     to set the Java Heap base and to place the Java Heap above 4GB virtual address.
# This output file may be truncated or incomplete.
#
#  Out of Memory Error (os_windows.cpp:3925), pid=20136, tid=11448
#
# JRE version: OpenJDK Runtime Environment (21.0.8) (build 21.0.8+-14196175-b1038.72)
# Java VM: OpenJDK 64-Bit Server VM (21.0.8+-14196175-b1038.72, mixed mode, tiered, compressed oops, compressed class ptrs, g1 gc, windows-amd64)
# No core dump will be written. Minidumps are not enabled by default on client versions of Windows
#

---------------  S U M M A R Y ------------

Command Line: --add-opens=java.base/java.lang=ALL-UNNAMED --add-opens=java.base/java.lang.invoke=ALL-UNNAMED --add-opens=java.base/java.util=ALL-UNNAMED --add-opens=java.prefs/java.util.prefs=ALL-UNNAMED --add-exports=jdk.compiler/com.sun.tools.javac.api=ALL-UNNAMED --add-exports=jdk.compiler/com.sun.tools.javac.util=ALL-UNNAMED --add-opens=java.base/java.util=ALL-UNNAMED --add-opens=java.prefs/java.util.prefs=ALL-UNNAMED --add-opens=java.base/java.nio.charset=ALL-UNNAMED --add-opens=java.base/java.net=ALL-UNNAMED --add-opens=java.base/java.util.concurrent.atomic=ALL-UNNAMED --add-opens=java.xml/javax.xml.namespace=ALL-UNNAMED -XX:MaxMetaspaceSize=512m -XX:+UseG1GC -Xmx2048m -Dfile.encoding=UTF-8 -Duser.country=ID -Duser.language=en -Duser.variant -javaagent:C:\Users\DELL\.gradle\wrapper\dists\gradle-8.11.1-bin\bpt9gzteqjrbo1mjrsomdt32c\gradle-8.11.1\lib\agents\gradle-instrumentation-agent-8.11.1.jar org.gradle.launcher.daemon.bootstrap.GradleDaemon 8.11.1

Host: Intel(R) Core(TM) i5-8365U CPU @ 1.60GHz, 8 cores, 7G,  Windows 11 , 64 bit Build 26100 (10.0.26100.9168)
Time: Thu Sep 24 02:15:52 2026 SE Asia Standard Time elapsed time: 46.236747 seconds (0d 0h 0m 46s)

---------------  T H R E A D  ---------------

Current thread (0x000001d6f53cbff0):  VMThread "VM Thread"          [id=11448, stack(0x0000008e31c00000,0x0000008e31d00000) (1024K)]

Stack: [0x0000008e31c00000,0x0000008e31d00000]
Native frames: (J=compiled Java code, j=interpreted, Vv=VM code, C=native code)
V  [jvm.dll+0x6d68d9]
V  [jvm.dll+0x866693]
V  [jvm.dll+0x868c4e]
V  [jvm.dll+0x869333]
V  [jvm.dll+0x280566]
V  [jvm.dll+0x6d3195]
V  [jvm.dll+0x6c69ea]
V  [jvm.dll+0x3586db]
V  [jvm.dll+0x360336]
V  [jvm.dll+0x3b23f6]
V  [jvm.dll+0x3b26c8]
V  [jvm.dll+0x32ae6c]
V  [jvm.dll+0x32aef7]
V  [jvm.dll+0x370d3c]
V  [jvm.dll+0x36f4ee]
V  [jvm.dll+0x32a5c1]
V  [jvm.dll+0x36ebf0]
V  [jvm.dll+0x86f0b8]
V  [jvm.dll+0x870434]
V  [jvm.dll+0x870970]
V  [jvm.dll+0x870c03]
V  [jvm.dll+0x80eac8]
V  [jvm.dll+0x6d512d]
C  [ucrtbase.dll+0x2cd30]
C  [KERNEL32.DLL+0x2ccb7]
C  [ntdll.dll+0xaad6c]

VM_Operation (0x0000008e350f8800): G1CollectForAllocation, mode: safepoint, requested by thread 0x000001d6fe409a20


---------------  P R O C E S S  ---------------

Threads class SMR info:
_java_thread_list=0x000001d6ffc67730, length=128, elements={
0x000001d6ddb4e040, 0x000001d6f54234b0, 0x000001d6f5426870, 0x000001d6f54373f0,
0x000001d6f5452a20, 0x000001d6f5453090, 0x000001d6f5453af0, 0x000001d6f5454550,
0x000001d6f5454ef0, 0x000001d6f545aea0, 0x000001d6f5764f50, 0x000001d6fb49d2e0,
0x000001d6fb668d90, 0x000001d6fb47eb40, 0x000001d6fb570c10, 0x000001d6fb469350,
0x000001d6fb72df40, 0x000001d6fb72e5b0, 0x000001d6fb3979a0, 0x000001d6fb395f60,
0x000001d6fb3958d0, 0x000001d6fb3986c0, 0x000001d6fb398d50, 0x000001d6fb396c80,
0x000001d6fb397310, 0x000001d6fb398030, 0x000001d6fc5e9510, 0x000001d6fc5e9ba0,
0x000001d6fc5e87f0, 0x000001d6fc5ea230, 0x000001d6fc5e8e80, 0x000001d6fc5ea8c0,
0x000001d6fc5ebc70, 0x000001d6fc5ee3d0, 0x000001d6fc5eea60, 0x000001d6fc5ef0f0,
0x000001d6fc5ed020, 0x000001d6fc5ed6b0, 0x000001d6fc5ec300, 0x000001d6fc5ec990,
0x000001d6fc5ef780, 0x000001d6fe40b460, 0x000001d6fe409a20, 0x000001d6fe40a0b0,
0x000001d6fe40a740, 0x000001d6fe40add0, 0x000001d6fe40c810, 0x000001d6fe40baf0,
0x000001d6fe40c180, 0x000001d6fe40cea0, 0x000001d6fdc2b9c0, 0x000001d6fdc2c050,
0x000001d6fdc2b330, 0x000001d6fdc2c6e0, 0x000001d6fdc2e120, 0x000001d6fc7c75d0,
0x000001d6ffc9f8b0, 0x000001d6ffca05d0, 0x000001d680f84bb0, 0x000001d680f83e90,
0x000001d680f81730, 0x000001d680f83170, 0x000001d680f85240, 0x000001d680f81dc0,
0x000001d680f82ae0, 0x000001d680f858d0, 0x000001d680f83800, 0x000001d6816a3610,
0x000001d6816a0190, 0x000001d6816a3ca0, 0x000001d6816a0eb0, 0x000001d6816a0820,
0x000001d6816a6400, 0x000001d6816a4330, 0x000001d6816a2260, 0x000001d68169ede0,
0x000001d68169f470, 0x000001d6816a5050, 0x000001d6816a5d70, 0x000001d6816a49c0,
0x000001d6816a56e0, 0x000001d6816a28f0, 0x000001d680afc540, 0x000001d680afa470,
0x000001d680afb190, 0x000001d680afcbd0, 0x000001d680af9de0, 0x000001d680afb820,
0x000001d680afdf80, 0x000001d680afd8f0, 0x000001d680afd260, 0x000001d680afab00,
0x000001d680afe610, 0x000001d680afeca0, 0x000001d680aff330, 0x000001d680afbeb0,
0x000001d680b00050, 0x000001d680b006e0, 0x000001d680b00d70, 0x000001d6810f6140,
0x000001d6810f67d0, 0x000001d6810f39e0, 0x000001d6810f95c0, 0x000001d680f86c80,
0x000001d680f88030, 0x000001d6866f47c0, 0x000001d6866f54e0, 0x000001d6866f2060,
0x000001d6866f2d80, 0x000001d6866f4130, 0x000001d6866f3aa0, 0x000001d6866f4e50,
0x000001d6866f3410, 0x000001d6866f26f0, 0x000001d686cc6e10, 0x000001d686cc4d40,
0x000001d686cc6780, 0x000001d686cc81c0, 0x000001d686cc53d0, 0x000001d686cc8850,
0x000001d686cc74a0, 0x000001d686cc7b30, 0x000001d686cc8ee0, 0x000001d686cc5a60,
0x000001d686cc9570, 0x000001d686cc60f0, 0x000001d686cc9c00, 0x000001d6fc7ca580
}

Java Threads: ( => current thread )
  0x000001d6ddb4e040 JavaThread "main"                              [_thread_blocked, id=20640, stack(0x0000008e31500000,0x0000008e31600000) (1024K)]
  0x000001d6f54234b0 JavaThread "Common-Cleaner"             daemon [_thread_blocked, id=4128, stack(0x0000008e31d00000,0x0000008e31e00000) (1024K)]
  0x000001d6f5426870 JavaThread "Reference Handler"          daemon [_thread_blocked, id=10212, stack(0x0000008e31e00000,0x0000008e31f00000) (1024K)]
  0x000001d6f54373f0 JavaThread "Finalizer"                  daemon [_thread_blocked, id=20608, stack(0x0000008e31f00000,0x0000008e32000000) (1024K)]
  0x000001d6f5452a20 JavaThread "Signal Dispatcher"          daemon [_thread_blocked, id=20184, stack(0x0000008e32000000,0x0000008e32100000) (1024K)]
  0x000001d6f5453090 JavaThread "Attach Listener"            daemon [_thread_blocked, id=12452, stack(0x0000008e32100000,0x0000008e32200000) (1024K)]
  0x000001d6f5453af0 JavaThread "Service Thread"             daemon [_thread_blocked, id=15772, stack(0x0000008e32200000,0x0000008e32300000) (1024K)]
  0x000001d6f5454550 JavaThread "Monitor Deflation Thread"   daemon [_thread_blocked, id=21296, stack(0x0000008e32300000,0x0000008e32400000) (1024K)]
  0x000001d6f5454ef0 JavaThread "C2 CompilerThread0"         daemon [_thread_blocked, id=4052, stack(0x0000008e32400000,0x0000008e32500000) (1024K)]
  0x000001d6f545aea0 JavaThread "C1 CompilerThread0"         daemon [_thread_blocked, id=16752, stack(0x0000008e32500000,0x0000008e32600000) (1024K)]
  0x000001d6f5764f50 JavaThread "Notification Thread"        daemon [_thread_blocked, id=13960, stack(0x0000008e32600000,0x0000008e32700000) (1024K)]
  0x000001d6fb49d2e0 JavaThread "Daemon health stats"               [_thread_blocked, id=18180, stack(0x0000008e32e00000,0x0000008e32f00000) (1024K)]
  0x000001d6fb668d90 JavaThread "Incoming local TCP Connector on port 63075"        [_thread_in_native, id=2004, stack(0x0000008e32f00000,0x0000008e33000000) (1024K)]
  0x000001d6fb47eb40 JavaThread "Daemon periodic checks"            [_thread_blocked, id=21348, stack(0x0000008e33000000,0x0000008e33100000) (1024K)]
  0x000001d6fb570c10 JavaThread "Daemon"                            [_thread_blocked, id=18040, stack(0x0000008e33100000,0x0000008e33200000) (1024K)]
  0x000001d6fb469350 JavaThread "Handler for socket connection from /127.0.0.1:63075 to /127.0.0.1:63076"        [_thread_in_native, id=18668, stack(0x0000008e33200000,0x0000008e33300000) (1024K)]
  0x000001d6fb72df40 JavaThread "Cancel handler"                    [_thread_blocked, id=11664, stack(0x0000008e33300000,0x0000008e33400000) (1024K)]
  0x000001d6fb72e5b0 JavaThread "Daemon worker"                     [_thread_blocked, id=7636, stack(0x0000008e33400000,0x0000008e33500000) (1024K)]
  0x000001d6fb3979a0 JavaThread "Asynchronous log dispatcher for DefaultDaemonConnection: socket connection from /127.0.0.1:63075 to /127.0.0.1:63076"        [_thread_blocked, id=12592, stack(0x0000008e33500000,0x0000008e33600000) (1024K)]
  0x000001d6fb395f60 JavaThread "Stdin handler"                     [_thread_blocked, id=8352, stack(0x0000008e33600000,0x0000008e33700000) (1024K)]
  0x000001d6fb3958d0 JavaThread "Daemon client event forwarder"        [_thread_blocked, id=4168, stack(0x0000008e33700000,0x0000008e33800000) (1024K)]
  0x000001d6fb3986c0 JavaThread "Cache worker for journal cache (C:\Users\DELL\.gradle\caches\journal-1)"        [_thread_blocked, id=15792, stack(0x0000008e33a00000,0x0000008e33b00000) (1024K)]
  0x000001d6fb398d50 JavaThread "File lock request listener"        [_thread_in_native, id=3724, stack(0x0000008e33b00000,0x0000008e33c00000) (1024K)]
  0x000001d6fb396c80 JavaThread "Cache worker for file hash cache (C:\Users\DELL\.gradle\caches\8.11.1\fileHashes)"        [_thread_blocked, id=19548, stack(0x0000008e33c00000,0x0000008e33d00000) (1024K)]
  0x000001d6fb397310 JavaThread "Cache worker for file content cache (C:\Users\DELL\.gradle\caches\8.11.1\fileContent)"        [_thread_blocked, id=15052, stack(0x0000008e33e00000,0x0000008e33f00000) (1024K)]
  0x000001d6fb398030 JavaThread "Cache worker for file hash cache (D:\bizgrow-project\upstyle\multi_platform\bizgrow-kmp\.gradle\8.11.1\fileHashes)"        [_thread_blocked, id=8172, stack(0x0000008e33f00000,0x0000008e34000000) (1024K)]
  0x000001d6fc5e9510 JavaThread "Cache worker for Build Output Cleanup Cache (D:\bizgrow-project\upstyle\multi_platform\bizgrow-kmp\.gradle\buildOutputCleanup)"        [_thread_blocked, id=15840, stack(0x0000008e34000000,0x0000008e34100000) (1024K)]
  0x000001d6fc5e9ba0 JavaThread "File watcher server"        daemon [_thread_blocked, id=3452, stack(0x0000008e34100000,0x0000008e34200000) (1024K)]
  0x000001d6fc5e87f0 JavaThread "File watcher consumer"      daemon [_thread_blocked, id=15252, stack(0x0000008e34200000,0x0000008e34300000) (1024K)]
  0x000001d6fc5ea230 JavaThread "Cache worker for checksums cache (D:\bizgrow-project\upstyle\multi_platform\bizgrow-kmp\.gradle\8.11.1\checksums)"        [_thread_blocked, id=5304, stack(0x0000008e34300000,0x0000008e34400000) (1024K)]
  0x000001d6fc5e8e80 JavaThread "Cache worker for cache directory md-rule (C:\Users\DELL\.gradle\caches\8.11.1\md-rule)"        [_thread_blocked, id=19356, stack(0x0000008e34400000,0x0000008e34500000) (1024K)]
  0x000001d6fc5ea8c0 JavaThread "Cache worker for cache directory md-supplier (C:\Users\DELL\.gradle\caches\8.11.1\md-supplier)"        [_thread_blocked, id=3816, stack(0x0000008e34500000,0x0000008e34600000) (1024K)]
  0x000001d6fc5ebc70 JavaThread "Unconstrained build operations"        [_thread_blocked, id=18948, stack(0x0000008e34600000,0x0000008e34700000) (1024K)]
  0x000001d6fc5ee3d0 JavaThread "Unconstrained build operations Thread 2"        [_thread_blocked, id=20940, stack(0x0000008e34700000,0x0000008e34800000) (1024K)]
  0x000001d6fc5eea60 JavaThread "Unconstrained build operations Thread 3"        [_thread_blocked, id=6112, stack(0x0000008e34800000,0x0000008e34900000) (1024K)]
  0x000001d6fc5ef0f0 JavaThread "Unconstrained build operations Thread 4"        [_thread_blocked, id=13772, stack(0x0000008e34900000,0x0000008e34a00000) (1024K)]
  0x000001d6fc5ed020 JavaThread "Unconstrained build operations Thread 5"        [_thread_blocked, id=8048, stack(0x0000008e34a00000,0x0000008e34b00000) (1024K)]
  0x000001d6fc5ed6b0 JavaThread "Unconstrained build operations Thread 6"        [_thread_blocked, id=21032, stack(0x0000008e34b00000,0x0000008e34c00000) (1024K)]
  0x000001d6fc5ec300 JavaThread "Unconstrained build operations Thread 7"        [_thread_blocked, id=15816, stack(0x0000008e34c00000,0x0000008e34d00000) (1024K)]
  0x000001d6fc5ec990 JavaThread "Unconstrained build operations Thread 8"        [_thread_blocked, id=19752, stack(0x0000008e34d00000,0x0000008e34e00000) (1024K)]
  0x000001d6fc5ef780 JavaThread "Unconstrained build operations Thread 9"        [_thread_blocked, id=15560, stack(0x0000008e34e00000,0x0000008e34f00000) (1024K)]
  0x000001d6fe40b460 JavaThread "Unconstrained build operations Thread 10"        [_thread_blocked, id=13080, stack(0x0000008e34f00000,0x0000008e35000000) (1024K)]
  0x000001d6fe409a20 JavaThread "Unconstrained build operations Thread 11"        [_thread_blocked, id=12816, stack(0x0000008e35000000,0x0000008e35100000) (1024K)]
  0x000001d6fe40a0b0 JavaThread "Unconstrained build operations Thread 12"        [_thread_blocked, id=2164, stack(0x0000008e35100000,0x0000008e35200000) (1024K)]
  0x000001d6fe40a740 JavaThread "Unconstrained build operations Thread 13"        [_thread_blocked, id=8892, stack(0x0000008e35200000,0x0000008e35300000) (1024K)]
  0x000001d6fe40add0 JavaThread "Unconstrained build operations Thread 14"        [_thread_blocked, id=11544, stack(0x0000008e35300000,0x0000008e35400000) (1024K)]
  0x000001d6fe40c810 JavaThread "Unconstrained build operations Thread 15"        [_thread_blocked, id=20036, stack(0x0000008e35400000,0x0000008e35500000) (1024K)]
  0x000001d6fe40baf0 JavaThread "Unconstrained build operations Thread 16"        [_thread_blocked, id=15652, stack(0x0000008e35500000,0x0000008e35600000) (1024K)]
  0x000001d6fe40c180 JavaThread "Unconstrained build operations Thread 17"        [_thread_blocked, id=1832, stack(0x0000008e35600000,0x0000008e35700000) (1024K)]
  0x000001d6fe40cea0 JavaThread "Unconstrained build operations Thread 18"        [_thread_blocked, id=13136, stack(0x0000008e35700000,0x0000008e35800000) (1024K)]
  0x000001d6fdc2b9c0 JavaThread "Unconstrained build operations Thread 19"        [_thread_blocked, id=9700, stack(0x0000008e35800000,0x0000008e35900000) (1024K)]
  0x000001d6fdc2c050 JavaThread "Unconstrained build operations Thread 20"        [_thread_blocked, id=7340, stack(0x0000008e35900000,0x0000008e35a00000) (1024K)]
  0x000001d6fdc2b330 JavaThread "Unconstrained build operations Thread 21"        [_thread_blocked, id=9008, stack(0x0000008e35a00000,0x0000008e35b00000) (1024K)]
  0x000001d6fdc2c6e0 JavaThread "Memory manager"                    [_thread_blocked, id=21420, stack(0x0000008e33d00000,0x0000008e33e00000) (1024K)]
  0x000001d6fdc2e120 JavaThread "build event listener"              [_thread_blocked, id=3172, stack(0x0000008e35c00000,0x0000008e35d00000) (1024K)]
  0x000001d6fc7c75d0 JavaThread "C2 CompilerThread1"         daemon [_thread_blocked, id=16456, stack(0x0000008e32d00000,0x0000008e32e00000) (1024K)]
  0x000001d6ffc9f8b0 JavaThread "pool-3-thread-1"                   [_thread_blocked, id=6528, stack(0x0000008e35d00000,0x0000008e35e00000) (1024K)]
  0x000001d6ffca05d0 JavaThread "build event listener"              [_thread_blocked, id=12800, stack(0x0000008e35e00000,0x0000008e35f00000) (1024K)]
  0x000001d680f84bb0 JavaThread "included builds"                   [_thread_blocked, id=21236, stack(0x0000008e35f00000,0x0000008e36000000) (1024K)]
  0x000001d680f83e90 JavaThread "Execution worker"                  [_thread_blocked, id=20896, stack(0x0000008e36000000,0x0000008e36100000) (1024K)]
  0x000001d680f81730 JavaThread "Execution worker Thread 2"         [_thread_blocked, id=6736, stack(0x0000008e36100000,0x0000008e36200000) (1024K)]
  0x000001d680f83170 JavaThread "Execution worker Thread 3"         [_thread_blocked, id=4908, stack(0x0000008e36200000,0x0000008e36300000) (1024K)]
  0x000001d680f85240 JavaThread "Execution worker Thread 4"         [_thread_blocked, id=13260, stack(0x0000008e36300000,0x0000008e36400000) (1024K)]
  0x000001d680f81dc0 JavaThread "Execution worker Thread 5"         [_thread_blocked, id=16344, stack(0x0000008e36400000,0x0000008e36500000) (1024K)]
  0x000001d680f82ae0 JavaThread "Execution worker Thread 6"         [_thread_blocked, id=7888, stack(0x0000008e36500000,0x0000008e36600000) (1024K)]
  0x000001d680f858d0 JavaThread "Execution worker Thread 7"         [_thread_blocked, id=10044, stack(0x0000008e36600000,0x0000008e36700000) (1024K)]
  0x000001d680f83800 JavaThread "Cache worker for execution history cache (D:\bizgrow-project\upstyle\multi_platform\bizgrow-kmp\.gradle\8.11.1\executionHistory)"        [_thread_blocked, id=3820, stack(0x0000008e36700000,0x0000008e36800000) (1024K)]
  0x000001d6816a3610 JavaThread "Unconstrained build operations Thread 22"        [_thread_blocked, id=16528, stack(0x0000008e36800000,0x0000008e36900000) (1024K)]
  0x000001d6816a0190 JavaThread "Unconstrained build operations Thread 23"        [_thread_blocked, id=13688, stack(0x0000008e36900000,0x0000008e36a00000) (1024K)]
  0x000001d6816a3ca0 JavaThread "Unconstrained build operations Thread 24"        [_thread_blocked, id=15968, stack(0x0000008e36a00000,0x0000008e36b00000) (1024K)]
  0x000001d6816a0eb0 JavaThread "Unconstrained build operations Thread 25"        [_thread_blocked, id=16120, stack(0x0000008e36b00000,0x0000008e36c00000) (1024K)]
  0x000001d6816a0820 JavaThread "Unconstrained build operations Thread 26"        [_thread_blocked, id=19068, stack(0x0000008e36c00000,0x0000008e36d00000) (1024K)]
  0x000001d6816a6400 JavaThread "Unconstrained build operations Thread 27"        [_thread_blocked, id=21248, stack(0x0000008e36d00000,0x0000008e36e00000) (1024K)]
  0x000001d6816a4330 JavaThread "Unconstrained build operations Thread 28"        [_thread_blocked, id=2652, stack(0x0000008e36e00000,0x0000008e36f00000) (1024K)]
  0x000001d6816a2260 JavaThread "Unconstrained build operations Thread 29"        [_thread_blocked, id=6516, stack(0x0000008e36f00000,0x0000008e37000000) (1024K)]
  0x000001d68169ede0 JavaThread "Unconstrained build operations Thread 30"        [_thread_blocked, id=19228, stack(0x0000008e37000000,0x0000008e37100000) (1024K)]
  0x000001d68169f470 JavaThread "Unconstrained build operations Thread 31"        [_thread_blocked, id=21028, stack(0x0000008e37100000,0x0000008e37200000) (1024K)]
  0x000001d6816a5050 JavaThread "Unconstrained build operations Thread 32"        [_thread_blocked, id=10736, stack(0x0000008e37200000,0x0000008e37300000) (1024K)]
  0x000001d6816a5d70 JavaThread "Unconstrained build operations Thread 33"        [_thread_blocked, id=16532, stack(0x0000008e37300000,0x0000008e37400000) (1024K)]
  0x000001d6816a49c0 JavaThread "Unconstrained build operations Thread 34"        [_thread_blocked, id=12532, stack(0x0000008e37400000,0x0000008e37500000) (1024K)]
  0x000001d6816a56e0 JavaThread "Unconstrained build operations Thread 35"        [_thread_blocked, id=7564, stack(0x0000008e37500000,0x0000008e37600000) (1024K)]
  0x000001d6816a28f0 JavaThread "Unconstrained build operations Thread 36"        [_thread_blocked, id=7696, stack(0x0000008e37600000,0x0000008e37700000) (1024K)]
  0x000001d680afc540 JavaThread "Unconstrained build operations Thread 37"        [_thread_blocked, id=20272, stack(0x0000008e37700000,0x0000008e37800000) (1024K)]
  0x000001d680afa470 JavaThread "Unconstrained build operations Thread 38"        [_thread_blocked, id=18016, stack(0x0000008e37800000,0x0000008e37900000) (1024K)]
  0x000001d680afb190 JavaThread "Unconstrained build operations Thread 39"        [_thread_blocked, id=10032, stack(0x0000008e37900000,0x0000008e37a00000) (1024K)]
  0x000001d680afcbd0 JavaThread "Unconstrained build operations Thread 40"        [_thread_blocked, id=3132, stack(0x0000008e37a00000,0x0000008e37b00000) (1024K)]
  0x000001d680af9de0 JavaThread "Unconstrained build operations Thread 41"        [_thread_blocked, id=3300, stack(0x0000008e37b00000,0x0000008e37c00000) (1024K)]
  0x000001d680afb820 JavaThread "Unconstrained build operations Thread 42"        [_thread_blocked, id=12756, stack(0x0000008e37c00000,0x0000008e37d00000) (1024K)]
  0x000001d680afdf80 JavaThread "Unconstrained build operations Thread 43"        [_thread_blocked, id=19492, stack(0x0000008e37d00000,0x0000008e37e00000) (1024K)]
  0x000001d680afd8f0 JavaThread "Unconstrained build operations Thread 44"        [_thread_blocked, id=19152, stack(0x0000008e37e00000,0x0000008e37f00000) (1024K)]
  0x000001d680afd260 JavaThread "Unconstrained build operations Thread 45"        [_thread_blocked, id=3884, stack(0x0000008e37f00000,0x0000008e38000000) (1024K)]
  0x000001d680afab00 JavaThread "Unconstrained build operations Thread 46"        [_thread_blocked, id=3260, stack(0x0000008e38000000,0x0000008e38100000) (1024K)]
  0x000001d680afe610 JavaThread "Unconstrained build operations Thread 47"        [_thread_blocked, id=7708, stack(0x0000008e38100000,0x0000008e38200000) (1024K)]
  0x000001d680afeca0 JavaThread "Unconstrained build operations Thread 48"        [_thread_blocked, id=13384, stack(0x0000008e38200000,0x0000008e38300000) (1024K)]
  0x000001d680aff330 JavaThread "Unconstrained build operations Thread 49"        [_thread_blocked, id=16396, stack(0x0000008e38300000,0x0000008e38400000) (1024K)]
  0x000001d680afbeb0 JavaThread "Unconstrained build operations Thread 50"        [_thread_blocked, id=19124, stack(0x0000008e38400000,0x0000008e38500000) (1024K)]
  0x000001d680b00050 JavaThread "WorkerExecutor Queue"              [_thread_blocked, id=3352, stack(0x0000008e38500000,0x0000008e38600000) (1024K)]
  0x000001d680b006e0 JavaThread "Unconstrained build operations Thread 51"        [_thread_blocked, id=10360, stack(0x0000008e38600000,0x0000008e38700000) (1024K)]
  0x000001d680b00d70 JavaThread "Unconstrained build operations Thread 52"        [_thread_blocked, id=12760, stack(0x0000008e38700000,0x0000008e38800000) (1024K)]
  0x000001d6810f6140 JavaThread "Unconstrained build operations Thread 53"        [_thread_blocked, id=20584, stack(0x0000008e38800000,0x0000008e38900000) (1024K)]
  0x000001d6810f67d0 JavaThread "Unconstrained build operations Thread 54"        [_thread_blocked, id=2288, stack(0x0000008e38900000,0x0000008e38a00000) (1024K)]
  0x000001d6810f39e0 JavaThread "Unconstrained build operations Thread 55"        [_thread_blocked, id=20072, stack(0x0000008e38a00000,0x0000008e38b00000) (1024K)]
  0x000001d6810f95c0 JavaThread "Unconstrained build operations Thread 56"        [_thread_blocked, id=21268, stack(0x0000008e38b00000,0x0000008e38c00000) (1024K)]
  0x000001d680f86c80 JavaThread "Unconstrained build operations Thread 57"        [_thread_blocked, id=5136, stack(0x0000008e38c00000,0x0000008e38d00000) (1024K)]
  0x000001d680f88030 JavaThread "Unconstrained build operations Thread 58"        [_thread_blocked, id=21036, stack(0x0000008e38d00000,0x0000008e38e00000) (1024K)]
  0x000001d6866f47c0 JavaThread "Unconstrained build operations Thread 59"        [_thread_blocked, id=9660, stack(0x0000008e38e00000,0x0000008e38f00000) (1024K)]
  0x000001d6866f54e0 JavaThread "Unconstrained build operations Thread 60"        [_thread_blocked, id=1996, stack(0x0000008e38f00000,0x0000008e39000000) (1024K)]
  0x000001d6866f2060 JavaThread "Unconstrained build operations Thread 61"        [_thread_blocked, id=20948, stack(0x0000008e39000000,0x0000008e39100000) (1024K)]
  0x000001d6866f2d80 JavaThread "Unconstrained build operations Thread 62"        [_thread_blocked, id=13120, stack(0x0000008e39100000,0x0000008e39200000) (1024K)]
  0x000001d6866f4130 JavaThread "Unconstrained build operations Thread 63"        [_thread_blocked, id=11104, stack(0x0000008e39200000,0x0000008e39300000) (1024K)]
  0x000001d6866f3aa0 JavaThread "Unconstrained build operations Thread 64"        [_thread_blocked, id=21340, stack(0x0000008e39300000,0x0000008e39400000) (1024K)]
  0x000001d6866f4e50 JavaThread "Unconstrained build operations Thread 65"        [_thread_blocked, id=13328, stack(0x0000008e39400000,0x0000008e39500000) (1024K)]
  0x000001d6866f3410 JavaThread "Unconstrained build operations Thread 66"        [_thread_blocked, id=13720, stack(0x0000008e39500000,0x0000008e39600000) (1024K)]
  0x000001d6866f26f0 JavaThread "Unconstrained build operations Thread 67"        [_thread_blocked, id=17840, stack(0x0000008e39600000,0x0000008e39700000) (1024K)]
  0x000001d686cc6e10 JavaThread "Unconstrained build operations Thread 68"        [_thread_blocked, id=21332, stack(0x0000008e39700000,0x0000008e39800000) (1024K)]
  0x000001d686cc4d40 JavaThread "Unconstrained build operations Thread 69"        [_thread_blocked, id=20680, stack(0x0000008e39800000,0x0000008e39900000) (1024K)]
  0x000001d686cc6780 JavaThread "Unconstrained build operations Thread 70"        [_thread_blocked, id=9136, stack(0x0000008e39900000,0x0000008e39a00000) (1024K)]
  0x000001d686cc81c0 JavaThread "Unconstrained build operations Thread 71"        [_thread_blocked, id=6376, stack(0x0000008e39a00000,0x0000008e39b00000) (1024K)]
  0x000001d686cc53d0 JavaThread "Unconstrained build operations Thread 72"        [_thread_blocked, id=14808, stack(0x0000008e39b00000,0x0000008e39c00000) (1024K)]
  0x000001d686cc8850 JavaThread "Unconstrained build operations Thread 73"        [_thread_blocked, id=21292, stack(0x0000008e39c00000,0x0000008e39d00000) (1024K)]
  0x000001d686cc74a0 JavaThread "Unconstrained build operations Thread 74"        [_thread_blocked, id=21092, stack(0x0000008e39d00000,0x0000008e39e00000) (1024K)]
  0x000001d686cc7b30 JavaThread "Unconstrained build operations Thread 75"        [_thread_blocked, id=20604, stack(0x0000008e39e00000,0x0000008e39f00000) (1024K)]
  0x000001d686cc8ee0 JavaThread "Unconstrained build operations Thread 76"        [_thread_blocked, id=20540, stack(0x0000008e39f00000,0x0000008e3a000000) (1024K)]
  0x000001d686cc5a60 JavaThread "Unconstrained build operations Thread 77"        [_thread_blocked, id=12668, stack(0x0000008e3a000000,0x0000008e3a100000) (1024K)]
  0x000001d686cc9570 JavaThread "Unconstrained build operations Thread 78"        [_thread_blocked, id=14448, stack(0x0000008e3a100000,0x0000008e3a200000) (1024K)]
  0x000001d686cc60f0 JavaThread "Unconstrained build operations Thread 79"        [_thread_blocked, id=19316, stack(0x0000008e3a200000,0x0000008e3a300000) (1024K)]
  0x000001d686cc9c00 JavaThread "Unconstrained build operations Thread 80"        [_thread_blocked, id=15624, stack(0x0000008e3a300000,0x0000008e3a400000) (1024K)]
  0x000001d6fc7ca580 JavaThread "C2 CompilerThread2"         daemon [_thread_blocked, id=18076, stack(0x0000008e31200000,0x0000008e31300000) (1024K)]
Total: 128

Other Threads:
=>0x000001d6f53cbff0 VMThread "VM Thread"                           [id=11448, stack(0x0000008e31c00000,0x0000008e31d00000) (1024K)]
  0x000001d6f50f2a40 WatcherThread "VM Periodic Task Thread"        [id=8060, stack(0x0000008e31b00000,0x0000008e31c00000) (1024K)]
  0x000001d6ddba7a10 WorkerThread "GC Thread#0"                     [id=17988, stack(0x0000008e31600000,0x0000008e31700000) (1024K)]
  0x000001d6f5c96ba0 WorkerThread "GC Thread#1"                     [id=11272, stack(0x0000008e32900000,0x0000008e32a00000) (1024K)]
  0x000001d6f5c4ef20 WorkerThread "GC Thread#2"                     [id=20568, stack(0x0000008e32a00000,0x0000008e32b00000) (1024K)]
  0x000001d6fa3b5c30 WorkerThread "GC Thread#3"                     [id=14248, stack(0x0000008e32800000,0x0000008e32900000) (1024K)]
  0x000001d6fa6f9c90 WorkerThread "GC Thread#4"                     [id=8156, stack(0x0000008e32b00000,0x0000008e32c00000) (1024K)]
  0x000001d6fb1e67c0 WorkerThread "GC Thread#5"                     [id=20564, stack(0x0000008e32700000,0x0000008e32800000) (1024K)]
  0x000001d6fb1e6b60 WorkerThread "GC Thread#6"                     [id=5408, stack(0x0000008e32c00000,0x0000008e32d00000) (1024K)]
  0x000001d6fb663930 WorkerThread "GC Thread#7"                     [id=21428, stack(0x0000008e33800000,0x0000008e33900000) (1024K)]
  0x000001d6ddbb9f50 ConcurrentGCThread "G1 Main Marker"            [id=8996, stack(0x0000008e31700000,0x0000008e31800000) (1024K)]
  0x000001d6ddbbb100 WorkerThread "G1 Conc#0"                       [id=21336, stack(0x0000008e31800000,0x0000008e31900000) (1024K)]
  0x000001d6fb664b50 WorkerThread "G1 Conc#1"                       [id=20500, stack(0x0000008e33900000,0x0000008e33a00000) (1024K)]
  0x000001d6f4fc65f0 ConcurrentGCThread "G1 Refine#0"               [id=15016, stack(0x0000008e31900000,0x0000008e31a00000) (1024K)]
  0x000001d6f4fc7f20 ConcurrentGCThread "G1 Service"                [id=6576, stack(0x0000008e31a00000,0x0000008e31b00000) (1024K)]
Total: 15

Threads with active compile tasks:
C2 CompilerThread0  46321 23174       4       com.android.tools.r8.internal.CQ::a (273 bytes)
C2 CompilerThread1  46321 23191       4       com.android.tools.r8.graph.U0::a (433 bytes)
C2 CompilerThread2  46321 23096       4       com.android.tools.r8.internal.vd::a (4363 bytes)
Total: 3

VM state: at safepoint (normal execution)

VM Mutex/Monitor currently owned by a thread:  ([mutex/lock_event])
[0x00007ff9a56385b8] Threads_lock - owner thread: 0x000001d6f53cbff0
[0x00007ff9a56386b8] Heap_lock - owner thread: 0x000001d6fe409a20

Heap address: 0x0000000080000000, size: 2048 MB, Compressed Oops mode: 32-bit

CDS archive(s) not mapped
Compressed class space mapped at: 0x0000000100000000-0x000000011a000000, reserved size: 436207616
Narrow klass base: 0x0000000000000000, Narrow klass shift: 3, Narrow klass range: 0x11a000000

GC Precious Log:
 CardTable entry size: 512
 Card Set container configuration: InlinePtr #cards 5 size 8 Array Of Cards #cards 12 size 40 Howl #buckets 4 coarsen threshold 1843 Howl Bitmap #cards 512 size 80 coarsen threshold 460 Card regions per heap region 1 cards per card region 2048
 CPUs: 8 total, 8 available
 Memory: 8006M
 Large Page Support: Disabled
 NUMA Support: Disabled
 Compressed Oops: Enabled (32-bit)
 Heap Region Size: 1M
 Heap Min Capacity: 8M
 Heap Initial Capacity: 126M
 Heap Max Capacity: 2G
 Pre-touch: Disabled
 Parallel Workers: 8
 Concurrent Workers: 2
 Concurrent Refinement Workers: 8
 Periodic GC: Disabled

Heap:
 garbage-first heap   total 633856K, used 410974K [0x0000000080000000, 0x0000000100000000)
  region size 1024K, 14 young (14336K), 14 survivors (14336K)
 Metaspace       used 148037K, committed 150080K, reserved 557056K
  class space    used 20826K, committed 21824K, reserved 425984K

Heap Regions: E=young(eden), S=young(survivor), O=old, HS=humongous(starts), HC=humongous(continues), CS=collection set, F=free, TAMS=top-at-mark-start, PB=parsable bottom
|   0|0x0000000080000000, 0x0000000080100000, 0x0000000080100000|100%| O|  |TAMS 0x0000000080100000| PB 0x0000000080000000| Untracked 
|   1|0x0000000080100000, 0x0000000080200000, 0x0000000080200000|100%|HS|  |TAMS 0x0000000080200000| PB 0x0000000080100000| Complete 
|   2|0x0000000080200000, 0x0000000080300000, 0x0000000080300000|100%|HC|  |TAMS 0x0000000080300000| PB 0x0000000080200000| Complete 
|   3|0x0000000080300000, 0x0000000080400000, 0x0000000080400000|100%|HC|  |TAMS 0x0000000080400000| PB 0x0000000080300000| Complete 
|   4|0x0000000080400000, 0x0000000080500000, 0x0000000080500000|100%| O|  |TAMS 0x0000000080500000| PB 0x0000000080400000| Untracked 
|   5|0x0000000080500000, 0x0000000080600000, 0x0000000080600000|100%| O|  |TAMS 0x0000000080600000| PB 0x0000000080500000| Untracked 
|   6|0x0000000080600000, 0x0000000080700000, 0x0000000080700000|100%| O|  |TAMS 0x0000000080700000| PB 0x0000000080600000| Untracked 
|   7|0x0000000080700000, 0x0000000080800000, 0x0000000080800000|100%|HS|  |TAMS 0x0000000080800000| PB 0x0000000080700000| Complete 
|   8|0x0000000080800000, 0x0000000080900000, 0x0000000080900000|100%| O|  |TAMS 0x0000000080900000| PB 0x0000000080800000| Untracked 
|   9|0x0000000080900000, 0x0000000080a00000, 0x0000000080a00000|100%| O|  |TAMS 0x0000000080a00000| PB 0x0000000080900000| Untracked 
|  10|0x0000000080a00000, 0x0000000080b00000, 0x0000000080b00000|100%| O|  |TAMS 0x0000000080b00000| PB 0x0000000080a00000| Untracked 
|  11|0x0000000080b00000, 0x0000000080c00000, 0x0000000080c00000|100%| O|  |TAMS 0x0000000080c00000| PB 0x0000000080b00000| Untracked 
|  12|0x0000000080c00000, 0x0000000080d00000, 0x0000000080d00000|100%| O|  |TAMS 0x0000000080d00000| PB 0x0000000080c00000| Untracked 
|  13|0x0000000080d00000, 0x0000000080e00000, 0x0000000080e00000|100%| O|  |TAMS 0x0000000080e00000| PB 0x0000000080d00000| Untracked 
|  14|0x0000000080e00000, 0x0000000080f00000, 0x0000000080f00000|100%| O|  |TAMS 0x0000000080f00000| PB 0x0000000080e00000| Untracked 
|  15|0x0000000080f00000, 0x0000000081000000, 0x0000000081000000|100%| O|  |TAMS 0x0000000081000000| PB 0x0000000080f00000| Untracked 
|  16|0x0000000081000000, 0x0000000081100000, 0x0000000081100000|100%| O|  |TAMS 0x0000000081100000| PB 0x0000000081000000| Untracked 
|  17|0x0000000081100000, 0x0000000081200000, 0x0000000081200000|100%| O|  |TAMS 0x0000000081200000| PB 0x0000000081100000| Untracked 
|  18|0x0000000081200000, 0x0000000081300000, 0x0000000081300000|100%| O|  |TAMS 0x0000000081300000| PB 0x0000000081200000| Untracked 
|  19|0x0000000081300000, 0x0000000081400000, 0x0000000081400000|100%| O|  |TAMS 0x0000000081400000| PB 0x0000000081300000| Untracked 
|  20|0x0000000081400000, 0x0000000081500000, 0x0000000081500000|100%| O|  |TAMS 0x0000000081500000| PB 0x0000000081400000| Untracked 
|  21|0x0000000081500000, 0x0000000081600000, 0x0000000081600000|100%| O|  |TAMS 0x0000000081600000| PB 0x0000000081500000| Untracked 
|  22|0x0000000081600000, 0x0000000081700000, 0x0000000081700000|100%| O|  |TAMS 0x0000000081700000| PB 0x0000000081600000| Untracked 
|  23|0x0000000081700000, 0x0000000081800000, 0x0000000081800000|100%| O|  |TAMS 0x0000000081800000| PB 0x0000000081700000| Untracked 
|  24|0x0000000081800000, 0x0000000081900000, 0x0000000081900000|100%| O|  |TAMS 0x0000000081900000| PB 0x0000000081800000| Untracked 
|  25|0x0000000081900000, 0x0000000081a00000, 0x0000000081a00000|100%| O|  |TAMS 0x0000000081a00000| PB 0x0000000081900000| Untracked 
|  26|0x0000000081a00000, 0x0000000081b00000, 0x0000000081b00000|100%| O|  |TAMS 0x0000000081b00000| PB 0x0000000081a00000| Untracked 
|  27|0x0000000081b00000, 0x0000000081c00000, 0x0000000081c00000|100%| O|  |TAMS 0x0000000081c00000| PB 0x0000000081b00000| Untracked 
|  28|0x0000000081c00000, 0x0000000081d00000, 0x0000000081d00000|100%| O|  |TAMS 0x0000000081d00000| PB 0x0000000081c00000| Untracked 
|  29|0x0000000081d00000, 0x0000000081e00000, 0x0000000081e00000|100%| O|  |TAMS 0x0000000081e00000| PB 0x0000000081d00000| Untracked 
|  30|0x0000000081e00000, 0x0000000081f00000, 0x0000000081f00000|100%| O|  |TAMS 0x0000000081f00000| PB 0x0000000081e00000| Untracked 
|  31|0x0000000081f00000, 0x0000000082000000, 0x0000000082000000|100%| O|  |TAMS 0x0000000082000000| PB 0x0000000081f00000| Untracked 
|  32|0x0000000082000000, 0x0000000082100000, 0x0000000082100000|100%| O|  |TAMS 0x0000000082100000| PB 0x0000000082000000| Untracked 
|  33|0x0000000082100000, 0x0000000082200000, 0x0000000082200000|100%| O|  |TAMS 0x0000000082200000| PB 0x0000000082100000| Untracked 
|  34|0x0000000082200000, 0x0000000082300000, 0x0000000082300000|100%| O|  |TAMS 0x0000000082300000| PB 0x0000000082200000| Untracked 
|  35|0x0000000082300000, 0x0000000082400000, 0x0000000082400000|100%| O|  |TAMS 0x0000000082400000| PB 0x0000000082300000| Untracked 
|  36|0x0000000082400000, 0x0000000082500000, 0x0000000082500000|100%| O|  |TAMS 0x0000000082500000| PB 0x0000000082400000| Untracked 
|  37|0x0000000082500000, 0x0000000082600000, 0x0000000082600000|100%| O|  |TAMS 0x0000000082600000| PB 0x0000000082500000| Untracked 
|  38|0x0000000082600000, 0x0000000082700000, 0x0000000082700000|100%|HS|  |TAMS 0x0000000082700000| PB 0x0000000082600000| Complete 
|  39|0x0000000082700000, 0x0000000082800000, 0x0000000082800000|100%|HS|  |TAMS 0x0000000082800000| PB 0x0000000082700000| Complete 
|  40|0x0000000082800000, 0x0000000082900000, 0x0000000082900000|100%| O|  |TAMS 0x0000000082900000| PB 0x0000000082800000| Untracked 
|  41|0x0000000082900000, 0x0000000082a00000, 0x0000000082a00000|100%| O|  |TAMS 0x0000000082a00000| PB 0x0000000082900000| Untracked 
|  42|0x0000000082a00000, 0x0000000082b00000, 0x0000000082b00000|100%|HS|  |TAMS 0x0000000082b00000| PB 0x0000000082a00000| Complete 
|  43|0x0000000082b00000, 0x0000000082c00000, 0x0000000082c00000|100%|HC|  |TAMS 0x0000000082c00000| PB 0x0000000082b00000| Complete 
|  44|0x0000000082c00000, 0x0000000082d00000, 0x0000000082d00000|100%|HS|  |TAMS 0x0000000082d00000| PB 0x0000000082c00000| Complete 
|  45|0x0000000082d00000, 0x0000000082e00000, 0x0000000082e00000|100%|HS|  |TAMS 0x0000000082e00000| PB 0x0000000082d00000| Complete 
|  46|0x0000000082e00000, 0x0000000082f00000, 0x0000000082f00000|100%|HS|  |TAMS 0x0000000082f00000| PB 0x0000000082e00000| Complete 
|  47|0x0000000082f00000, 0x0000000083000000, 0x0000000083000000|100%| O|  |TAMS 0x0000000083000000| PB 0x0000000082f00000| Untracked 
|  48|0x0000000083000000, 0x0000000083100000, 0x0000000083100000|100%| O|  |TAMS 0x0000000083100000| PB 0x0000000083000000| Untracked 
|  49|0x0000000083100000, 0x0000000083200000, 0x0000000083200000|100%|HS|  |TAMS 0x0000000083200000| PB 0x0000000083100000| Complete 
|  50|0x0000000083200000, 0x0000000083300000, 0x0000000083300000|100%|HC|  |TAMS 0x0000000083300000| PB 0x0000000083200000| Complete 
|  51|0x0000000083300000, 0x0000000083400000, 0x0000000083400000|100%|HS|  |TAMS 0x0000000083400000| PB 0x0000000083300000| Complete 
|  52|0x0000000083400000, 0x0000000083500000, 0x0000000083500000|100%| O|  |TAMS 0x0000000083500000| PB 0x0000000083400000| Untracked 
|  53|0x0000000083500000, 0x0000000083600000, 0x0000000083600000|100%| O|  |TAMS 0x0000000083600000| PB 0x0000000083500000| Untracked 
|  54|0x0000000083600000, 0x0000000083700000, 0x0000000083700000|100%| O|  |TAMS 0x0000000083700000| PB 0x0000000083600000| Untracked 
|  55|0x0000000083700000, 0x0000000083800000, 0x0000000083800000|100%| O|  |TAMS 0x0000000083800000| PB 0x0000000083700000| Untracked 
|  56|0x0000000083800000, 0x0000000083900000, 0x0000000083900000|100%| O|  |TAMS 0x0000000083900000| PB 0x0000000083800000| Untracked 
|  57|0x0000000083900000, 0x0000000083a00000, 0x0000000083a00000|100%| O|  |TAMS 0x0000000083a00000| PB 0x0000000083900000| Untracked 
|  58|0x0000000083a00000, 0x0000000083b00000, 0x0000000083b00000|100%| O|  |TAMS 0x0000000083b00000| PB 0x0000000083a00000| Untracked 
|  59|0x0000000083b00000, 0x0000000083c00000, 0x0000000083c00000|100%| O|  |TAMS 0x0000000083c00000| PB 0x0000000083b00000| Untracked 
|  60|0x0000000083c00000, 0x0000000083d00000, 0x0000000083d00000|100%|HS|  |TAMS 0x0000000083d00000| PB 0x0000000083c00000| Complete 
|  61|0x0000000083d00000, 0x0000000083e00000, 0x0000000083e00000|100%| O|  |TAMS 0x0000000083e00000| PB 0x0000000083d00000| Untracked 
|  62|0x0000000083e00000, 0x0000000083f00000, 0x0000000083f00000|100%| O|  |TAMS 0x0000000083f00000| PB 0x0000000083e00000| Untracked 
|  63|0x0000000083f00000, 0x0000000084000000, 0x0000000084000000|100%| O|  |TAMS 0x0000000084000000| PB 0x0000000083f00000| Untracked 
|  64|0x0000000084000000, 0x0000000084100000, 0x0000000084100000|100%| O|  |TAMS 0x0000000084100000| PB 0x0000000084000000| Untracked 
|  65|0x0000000084100000, 0x0000000084200000, 0x0000000084200000|100%| O|  |TAMS 0x0000000084200000| PB 0x0000000084100000| Untracked 
|  66|0x0000000084200000, 0x0000000084300000, 0x0000000084300000|100%| O|  |TAMS 0x0000000084300000| PB 0x0000000084200000| Untracked 
|  67|0x0000000084300000, 0x0000000084400000, 0x0000000084400000|100%| O|  |TAMS 0x0000000084400000| PB 0x0000000084300000| Untracked 
|  68|0x0000000084400000, 0x0000000084500000, 0x0000000084500000|100%| O|  |TAMS 0x0000000084500000| PB 0x0000000084400000| Untracked 
|  69|0x0000000084500000, 0x0000000084600000, 0x0000000084600000|100%| O|  |TAMS 0x0000000084600000| PB 0x0000000084500000| Untracked 
|  70|0x0000000084600000, 0x0000000084700000, 0x0000000084700000|100%| O|  |TAMS 0x0000000084700000| PB 0x0000000084600000| Untracked 
|  71|0x0000000084700000, 0x0000000084800000, 0x0000000084800000|100%| O|  |TAMS 0x0000000084800000| PB 0x0000000084700000| Untracked 
|  72|0x0000000084800000, 0x0000000084900000, 0x0000000084900000|100%| O|  |TAMS 0x0000000084900000| PB 0x0000000084800000| Untracked 
|  73|0x0000000084900000, 0x0000000084a00000, 0x0000000084a00000|100%| O|  |TAMS 0x0000000084a00000| PB 0x0000000084900000| Untracked 
|  74|0x0000000084a00000, 0x0000000084b00000, 0x0000000084b00000|100%| O|  |TAMS 0x0000000084b00000| PB 0x0000000084a00000| Untracked 
|  75|0x0000000084b00000, 0x0000000084c00000, 0x0000000084c00000|100%| O|  |TAMS 0x0000000084c00000| PB 0x0000000084b00000| Untracked 
|  76|0x0000000084c00000, 0x0000000084d00000, 0x0000000084d00000|100%| O|  |TAMS 0x0000000084d00000| PB 0x0000000084c00000| Untracked 
|  77|0x0000000084d00000, 0x0000000084e00000, 0x0000000084e00000|100%| O|  |TAMS 0x0000000084e00000| PB 0x0000000084d00000| Untracked 
|  78|0x0000000084e00000, 0x0000000084f00000, 0x0000000084f00000|100%| O|  |TAMS 0x0000000084f00000| PB 0x0000000084e00000| Untracked 
|  79|0x0000000084f00000, 0x0000000085000000, 0x0000000085000000|100%| O|  |TAMS 0x0000000085000000| PB 0x0000000084f00000| Untracked 
|  80|0x0000000085000000, 0x0000000085100000, 0x0000000085100000|100%| O|  |TAMS 0x0000000085100000| PB 0x0000000085000000| Untracked 
|  81|0x0000000085100000, 0x0000000085200000, 0x0000000085200000|100%| O|  |TAMS 0x0000000085200000| PB 0x0000000085100000| Untracked 
|  82|0x0000000085200000, 0x0000000085300000, 0x0000000085300000|100%| O|  |TAMS 0x0000000085300000| PB 0x0000000085200000| Untracked 
|  83|0x0000000085300000, 0x0000000085400000, 0x0000000085400000|100%| O|  |TAMS 0x0000000085400000| PB 0x0000000085300000| Untracked 
|  84|0x0000000085400000, 0x0000000085500000, 0x0000000085500000|100%| O|  |TAMS 0x0000000085500000| PB 0x0000000085400000| Untracked 
|  85|0x0000000085500000, 0x0000000085600000, 0x0000000085600000|100%| O|  |TAMS 0x0000000085600000| PB 0x0000000085500000| Untracked 
|  86|0x0000000085600000, 0x0000000085700000, 0x0000000085700000|100%| O|  |TAMS 0x0000000085700000| PB 0x0000000085600000| Untracked 
|  87|0x0000000085700000, 0x0000000085800000, 0x0000000085800000|100%| O|  |TAMS 0x0000000085800000| PB 0x0000000085700000| Untracked 
|  88|0x0000000085800000, 0x0000000085900000, 0x0000000085900000|100%| O|  |TAMS 0x0000000085900000| PB 0x0000000085800000| Untracked 
|  89|0x0000000085900000, 0x0000000085a00000, 0x0000000085a00000|100%| O|  |TAMS 0x0000000085a00000| PB 0x0000000085900000| Untracked 
|  90|0x0000000085a00000, 0x0000000085b00000, 0x0000000085b00000|100%| O|  |TAMS 0x0000000085b00000| PB 0x0000000085a00000| Untracked 
|  91|0x0000000085b00000, 0x0000000085c00000, 0x0000000085c00000|100%| O|  |TAMS 0x0000000085c00000| PB 0x0000000085b00000| Untracked 
|  92|0x0000000085c00000, 0x0000000085d00000, 0x0000000085d00000|100%| O|  |TAMS 0x0000000085d00000| PB 0x0000000085c00000| Untracked 
|  93|0x0000000085d00000, 0x0000000085e00000, 0x0000000085e00000|100%| O|  |TAMS 0x0000000085e00000| PB 0x0000000085d00000| Untracked 
|  94|0x0000000085e00000, 0x0000000085f00000, 0x0000000085f00000|100%| O|  |TAMS 0x0000000085f00000| PB 0x0000000085e00000| Untracked 
|  95|0x0000000085f00000, 0x0000000086000000, 0x0000000086000000|100%| O|  |TAMS 0x0000000086000000| PB 0x0000000085f00000| Untracked 
|  96|0x0000000086000000, 0x0000000086100000, 0x0000000086100000|100%| O|  |TAMS 0x0000000086100000| PB 0x0000000086000000| Untracked 
|  97|0x0000000086100000, 0x0000000086200000, 0x0000000086200000|100%| O|  |TAMS 0x0000000086200000| PB 0x0000000086100000| Untracked 
|  98|0x0000000086200000, 0x0000000086300000, 0x0000000086300000|100%| O|  |TAMS 0x0000000086300000| PB 0x0000000086200000| Untracked 
|  99|0x0000000086300000, 0x0000000086400000, 0x0000000086400000|100%| O|  |TAMS 0x0000000086400000| PB 0x0000000086300000| Untracked 
| 100|0x0000000086400000, 0x0000000086500000, 0x0000000086500000|100%| O|  |TAMS 0x0000000086500000| PB 0x0000000086400000| Untracked 
| 101|0x0000000086500000, 0x0000000086600000, 0x0000000086600000|100%| O|  |TAMS 0x0000000086600000| PB 0x0000000086500000| Untracked 
| 102|0x0000000086600000, 0x0000000086700000, 0x0000000086700000|100%| O|  |TAMS 0x0000000086700000| PB 0x0000000086600000| Untracked 
| 103|0x0000000086700000, 0x0000000086800000, 0x0000000086800000|100%| O|  |TAMS 0x0000000086800000| PB 0x0000000086700000| Untracked 
| 104|0x0000000086800000, 0x0000000086900000, 0x0000000086900000|100%| O|  |TAMS 0x0000000086900000| PB 0x0000000086800000| Untracked 
| 105|0x0000000086900000, 0x0000000086a00000, 0x0000000086a00000|100%| O|  |TAMS 0x0000000086a00000| PB 0x0000000086900000| Untracked 
| 106|0x0000000086a00000, 0x0000000086b00000, 0x0000000086b00000|100%| O|  |TAMS 0x0000000086a00000| PB 0x0000000086a00000| Untracked 
| 107|0x0000000086b00000, 0x0000000086c00000, 0x0000000086c00000|100%| O|  |TAMS 0x0000000086c00000| PB 0x0000000086b00000| Untracked 
| 108|0x0000000086c00000, 0x0000000086d00000, 0x0000000086d00000|100%| O|  |TAMS 0x0000000086d00000| PB 0x0000000086c00000| Untracked 
| 109|0x0000000086d00000, 0x0000000086e00000, 0x0000000086e00000|100%| O|  |TAMS 0x0000000086e00000| PB 0x0000000086d00000| Untracked 
| 110|0x0000000086e00000, 0x0000000086f00000, 0x0000000086f00000|100%| O|  |TAMS 0x0000000086f00000| PB 0x0000000086e00000| Untracked 
| 111|0x0000000086f00000, 0x0000000087000000, 0x0000000087000000|100%| O|  |TAMS 0x0000000087000000| PB 0x0000000086f00000| Untracked 
| 112|0x0000000087000000, 0x0000000087100000, 0x0000000087100000|100%| O|  |TAMS 0x0000000087100000| PB 0x0000000087000000| Untracked 
| 113|0x0000000087100000, 0x0000000087200000, 0x0000000087200000|100%| O|  |TAMS 0x0000000087200000| PB 0x0000000087100000| Untracked 
| 114|0x0000000087200000, 0x0000000087300000, 0x0000000087300000|100%| O|  |TAMS 0x0000000087300000| PB 0x0000000087200000| Untracked 
| 115|0x0000000087300000, 0x0000000087400000, 0x0000000087400000|100%| O|  |TAMS 0x0000000087400000| PB 0x0000000087300000| Untracked 
| 116|0x0000000087400000, 0x0000000087500000, 0x0000000087500000|100%| O|  |TAMS 0x0000000087500000| PB 0x0000000087400000| Untracked 
| 117|0x0000000087500000, 0x0000000087600000, 0x0000000087600000|100%| O|  |TAMS 0x0000000087600000| PB 0x0000000087500000| Untracked 
| 118|0x0000000087600000, 0x0000000087700000, 0x0000000087700000|100%| O|  |TAMS 0x0000000087700000| PB 0x0000000087600000| Untracked 
| 119|0x0000000087700000, 0x0000000087800000, 0x0000000087800000|100%| O|  |TAMS 0x0000000087800000| PB 0x0000000087700000| Untracked 
| 120|0x0000000087800000, 0x0000000087900000, 0x0000000087900000|100%| O|  |TAMS 0x0000000087900000| PB 0x0000000087800000| Untracked 
| 121|0x0000000087900000, 0x0000000087a00000, 0x0000000087a00000|100%| O|  |TAMS 0x0000000087a00000| PB 0x0000000087900000| Untracked 
| 122|0x0000000087a00000, 0x0000000087b00000, 0x0000000087b00000|100%| O|  |TAMS 0x0000000087b00000| PB 0x0000000087a00000| Untracked 
| 123|0x0000000087b00000, 0x0000000087c00000, 0x0000000087c00000|100%| O|  |TAMS 0x0000000087c00000| PB 0x0000000087b00000| Untracked 
| 124|0x0000000087c00000, 0x0000000087d00000, 0x0000000087d00000|100%| O|  |TAMS 0x0000000087d00000| PB 0x0000000087c00000| Untracked 
| 125|0x0000000087d00000, 0x0000000087e00000, 0x0000000087e00000|100%| O|  |TAMS 0x0000000087e00000| PB 0x0000000087d00000| Untracked 
| 126|0x0000000087e00000, 0x0000000087f00000, 0x0000000087f00000|100%| O|  |TAMS 0x0000000087f00000| PB 0x0000000087e00000| Untracked 
| 127|0x0000000087f00000, 0x0000000088000000, 0x0000000088000000|100%| O|  |TAMS 0x0000000088000000| PB 0x0000000087f00000| Untracked 
| 128|0x0000000088000000, 0x0000000088100000, 0x0000000088100000|100%| O|  |TAMS 0x0000000088100000| PB 0x0000000088000000| Untracked 
| 129|0x0000000088100000, 0x0000000088200000, 0x0000000088200000|100%| O|  |TAMS 0x0000000088200000| PB 0x0000000088100000| Untracked 
| 130|0x0000000088200000, 0x0000000088300000, 0x0000000088300000|100%| O|  |TAMS 0x0000000088300000| PB 0x0000000088200000| Untracked 
| 131|0x0000000088300000, 0x0000000088400000, 0x0000000088400000|100%| O|  |TAMS 0x0000000088400000| PB 0x0000000088300000| Untracked 
| 132|0x0000000088400000, 0x0000000088500000, 0x0000000088500000|100%| O|  |TAMS 0x0000000088500000| PB 0x0000000088400000| Untracked 
| 133|0x0000000088500000, 0x0000000088600000, 0x0000000088600000|100%| O|  |TAMS 0x0000000088600000| PB 0x0000000088500000| Untracked 
| 134|0x0000000088600000, 0x0000000088700000, 0x0000000088700000|100%| O|  |TAMS 0x0000000088700000| PB 0x0000000088600000| Untracked 
| 135|0x0000000088700000, 0x0000000088800000, 0x0000000088800000|100%| O|  |TAMS 0x0000000088800000| PB 0x0000000088700000| Untracked 
| 136|0x0000000088800000, 0x0000000088900000, 0x0000000088900000|100%| O|  |TAMS 0x0000000088900000| PB 0x0000000088800000| Untracked 
| 137|0x0000000088900000, 0x0000000088a00000, 0x0000000088a00000|100%| O|  |TAMS 0x0000000088a00000| PB 0x0000000088900000| Untracked 
| 138|0x0000000088a00000, 0x0000000088b00000, 0x0000000088b00000|100%| O|  |TAMS 0x0000000088b00000| PB 0x0000000088a00000| Untracked 
| 139|0x0000000088b00000, 0x0000000088c00000, 0x0000000088c00000|100%| O|  |TAMS 0x0000000088c00000| PB 0x0000000088b00000| Untracked 
| 140|0x0000000088c00000, 0x0000000088d00000, 0x0000000088d00000|100%| O|  |TAMS 0x0000000088d00000| PB 0x0000000088c00000| Untracked 
| 141|0x0000000088d00000, 0x0000000088e00000, 0x0000000088e00000|100%| O|  |TAMS 0x0000000088e00000| PB 0x0000000088d00000| Untracked 
| 142|0x0000000088e00000, 0x0000000088f00000, 0x0000000088f00000|100%| O|  |TAMS 0x0000000088f00000| PB 0x0000000088e00000| Untracked 
| 143|0x0000000088f00000, 0x0000000089000000, 0x0000000089000000|100%| O|  |TAMS 0x0000000089000000| PB 0x0000000088f00000| Untracked 
| 144|0x0000000089000000, 0x0000000089100000, 0x0000000089100000|100%| O|  |TAMS 0x0000000089100000| PB 0x0000000089000000| Untracked 
| 145|0x0000000089100000, 0x0000000089200000, 0x0000000089200000|100%| O|  |TAMS 0x0000000089200000| PB 0x0000000089100000| Untracked 
| 146|0x0000000089200000, 0x0000000089300000, 0x0000000089300000|100%| O|  |TAMS 0x0000000089300000| PB 0x0000000089200000| Untracked 
| 147|0x0000000089300000, 0x0000000089400000, 0x0000000089400000|100%| O|  |TAMS 0x0000000089400000| PB 0x0000000089300000| Untracked 
| 148|0x0000000089400000, 0x0000000089500000, 0x0000000089500000|100%| O|  |TAMS 0x0000000089500000| PB 0x0000000089400000| Untracked 
| 149|0x0000000089500000, 0x0000000089600000, 0x0000000089600000|100%| O|  |TAMS 0x0000000089600000| PB 0x0000000089500000| Untracked 
| 150|0x0000000089600000, 0x0000000089700000, 0x0000000089700000|100%| O|  |TAMS 0x0000000089700000| PB 0x0000000089600000| Untracked 
| 151|0x0000000089700000, 0x0000000089800000, 0x0000000089800000|100%| O|  |TAMS 0x0000000089800000| PB 0x0000000089700000| Untracked 
| 152|0x0000000089800000, 0x0000000089900000, 0x0000000089900000|100%| O|  |TAMS 0x0000000089800000| PB 0x0000000089800000| Untracked 
| 153|0x0000000089900000, 0x0000000089a00000, 0x0000000089a00000|100%| O|  |TAMS 0x0000000089a00000| PB 0x0000000089900000| Untracked 
| 154|0x0000000089a00000, 0x0000000089b00000, 0x0000000089b00000|100%| O|  |TAMS 0x0000000089b00000| PB 0x0000000089a00000| Untracked 
| 155|0x0000000089b00000, 0x0000000089c00000, 0x0000000089c00000|100%| O|  |TAMS 0x0000000089c00000| PB 0x0000000089b00000| Untracked 
| 156|0x0000000089c00000, 0x0000000089d00000, 0x0000000089d00000|100%| O|  |TAMS 0x0000000089d00000| PB 0x0000000089c00000| Untracked 
| 157|0x0000000089d00000, 0x0000000089e00000, 0x0000000089e00000|100%| O|  |TAMS 0x0000000089e00000| PB 0x0000000089d00000| Untracked 
| 158|0x0000000089e00000, 0x0000000089f00000, 0x0000000089f00000|100%| O|  |TAMS 0x0000000089f00000| PB 0x0000000089e00000| Untracked 
| 159|0x0000000089f00000, 0x000000008a000000, 0x000000008a000000|100%| O|  |TAMS 0x000000008a000000| PB 0x0000000089f00000| Untracked 
| 160|0x000000008a000000, 0x000000008a100000, 0x000000008a100000|100%| O|  |TAMS 0x000000008a100000| PB 0x000000008a000000| Untracked 
| 161|0x000000008a100000, 0x000000008a200000, 0x000000008a200000|100%| O|  |TAMS 0x000000008a200000| PB 0x000000008a100000| Untracked 
| 162|0x000000008a200000, 0x000000008a300000, 0x000000008a300000|100%| O|  |TAMS 0x000000008a300000| PB 0x000000008a200000| Untracked 
| 163|0x000000008a300000, 0x000000008a400000, 0x000000008a400000|100%| O|  |TAMS 0x000000008a400000| PB 0x000000008a300000| Untracked 
| 164|0x000000008a400000, 0x000000008a500000, 0x000000008a500000|100%| O|  |TAMS 0x000000008a500000| PB 0x000000008a400000| Untracked 
| 165|0x000000008a500000, 0x000000008a600000, 0x000000008a600000|100%| O|  |TAMS 0x000000008a600000| PB 0x000000008a500000| Untracked 
| 166|0x000000008a600000, 0x000000008a700000, 0x000000008a700000|100%| O|  |TAMS 0x000000008a700000| PB 0x000000008a600000| Untracked 
| 167|0x000000008a700000, 0x000000008a800000, 0x000000008a800000|100%| O|  |TAMS 0x000000008a800000| PB 0x000000008a700000| Untracked 
| 168|0x000000008a800000, 0x000000008a900000, 0x000000008a900000|100%| O|  |TAMS 0x000000008a900000| PB 0x000000008a800000| Untracked 
| 169|0x000000008a900000, 0x000000008aa00000, 0x000000008aa00000|100%| O|  |TAMS 0x000000008a900000| PB 0x000000008a900000| Untracked 
| 170|0x000000008aa00000, 0x000000008ab00000, 0x000000008ab00000|100%| O|  |TAMS 0x000000008ab00000| PB 0x000000008aa00000| Untracked 
| 171|0x000000008ab00000, 0x000000008ac00000, 0x000000008ac00000|100%| O|  |TAMS 0x000000008ac00000| PB 0x000000008ab00000| Untracked 
| 172|0x000000008ac00000, 0x000000008ad00000, 0x000000008ad00000|100%| O|  |TAMS 0x000000008ad00000| PB 0x000000008ac00000| Untracked 
| 173|0x000000008ad00000, 0x000000008ae00000, 0x000000008ae00000|100%| O|  |TAMS 0x000000008ae00000| PB 0x000000008ad00000| Untracked 
| 174|0x000000008ae00000, 0x000000008af00000, 0x000000008af00000|100%| O|  |TAMS 0x000000008af00000| PB 0x000000008ae00000| Untracked 
| 175|0x000000008af00000, 0x000000008b000000, 0x000000008b000000|100%| O|  |TAMS 0x000000008b000000| PB 0x000000008af00000| Untracked 
| 176|0x000000008b000000, 0x000000008b100000, 0x000000008b100000|100%| O|  |TAMS 0x000000008b100000| PB 0x000000008b000000| Untracked 
| 177|0x000000008b100000, 0x000000008b200000, 0x000000008b200000|100%| O|  |TAMS 0x000000008b100000| PB 0x000000008b100000| Untracked 
| 178|0x000000008b200000, 0x000000008b300000, 0x000000008b300000|100%| O|  |TAMS 0x000000008b300000| PB 0x000000008b200000| Untracked 
| 179|0x000000008b300000, 0x000000008b400000, 0x000000008b400000|100%| O|  |TAMS 0x000000008b400000| PB 0x000000008b300000| Untracked 
| 180|0x000000008b400000, 0x000000008b500000, 0x000000008b500000|100%| O|  |TAMS 0x000000008b500000| PB 0x000000008b400000| Untracked 
| 181|0x000000008b500000, 0x000000008b600000, 0x000000008b600000|100%| O|  |TAMS 0x000000008b600000| PB 0x000000008b500000| Untracked 
| 182|0x000000008b600000, 0x000000008b700000, 0x000000008b700000|100%| O|  |TAMS 0x000000008b700000| PB 0x000000008b600000| Untracked 
| 183|0x000000008b700000, 0x000000008b800000, 0x000000008b800000|100%| O|  |TAMS 0x000000008b800000| PB 0x000000008b700000| Untracked 
| 184|0x000000008b800000, 0x000000008b900000, 0x000000008b900000|100%| O|  |TAMS 0x000000008b900000| PB 0x000000008b800000| Untracked 
| 185|0x000000008b900000, 0x000000008ba00000, 0x000000008ba00000|100%| O|  |TAMS 0x000000008ba00000| PB 0x000000008b900000| Untracked 
| 186|0x000000008ba00000, 0x000000008bb00000, 0x000000008bb00000|100%| O|  |TAMS 0x000000008bb00000| PB 0x000000008ba00000| Untracked 
| 187|0x000000008bb00000, 0x000000008bc00000, 0x000000008bc00000|100%| O|  |TAMS 0x000000008bc00000| PB 0x000000008bb00000| Untracked 
| 188|0x000000008bc00000, 0x000000008bd00000, 0x000000008bd00000|100%| O|  |TAMS 0x000000008bd00000| PB 0x000000008bc00000| Untracked 
| 189|0x000000008bd00000, 0x000000008be00000, 0x000000008be00000|100%| O|  |TAMS 0x000000008be00000| PB 0x000000008bd00000| Untracked 
| 190|0x000000008be00000, 0x000000008bf00000, 0x000000008bf00000|100%| O|  |TAMS 0x000000008bf00000| PB 0x000000008be00000| Untracked 
| 191|0x000000008bf00000, 0x000000008c000000, 0x000000008c000000|100%| O|  |TAMS 0x000000008c000000| PB 0x000000008bf00000| Untracked 
| 192|0x000000008c000000, 0x000000008c100000, 0x000000008c100000|100%| O|  |TAMS 0x000000008c100000| PB 0x000000008c000000| Untracked 
| 193|0x000000008c100000, 0x000000008c200000, 0x000000008c200000|100%| O|  |TAMS 0x000000008c200000| PB 0x000000008c100000| Untracked 
| 194|0x000000008c200000, 0x000000008c300000, 0x000000008c300000|100%| O|  |TAMS 0x000000008c200000| PB 0x000000008c200000| Untracked 
| 195|0x000000008c300000, 0x000000008c400000, 0x000000008c400000|100%| O|  |TAMS 0x000000008c400000| PB 0x000000008c300000| Untracked 
| 196|0x000000008c400000, 0x000000008c500000, 0x000000008c500000|100%| O|  |TAMS 0x000000008c500000| PB 0x000000008c400000| Untracked 
| 197|0x000000008c500000, 0x000000008c600000, 0x000000008c600000|100%| O|  |TAMS 0x000000008c600000| PB 0x000000008c500000| Untracked 
| 198|0x000000008c600000, 0x000000008c700000, 0x000000008c700000|100%| O|  |TAMS 0x000000008c700000| PB 0x000000008c600000| Untracked 
| 199|0x000000008c700000, 0x000000008c800000, 0x000000008c800000|100%| O|  |TAMS 0x000000008c800000| PB 0x000000008c700000| Untracked 
| 200|0x000000008c800000, 0x000000008c900000, 0x000000008c900000|100%| O|  |TAMS 0x000000008c900000| PB 0x000000008c800000| Untracked 
| 201|0x000000008c900000, 0x000000008ca00000, 0x000000008ca00000|100%| O|  |TAMS 0x000000008ca00000| PB 0x000000008c900000| Untracked 
| 202|0x000000008ca00000, 0x000000008cb00000, 0x000000008cb00000|100%| O|  |TAMS 0x000000008cb00000| PB 0x000000008ca00000| Untracked 
| 203|0x000000008cb00000, 0x000000008cc00000, 0x000000008cc00000|100%| O|  |TAMS 0x000000008cc00000| PB 0x000000008cb00000| Untracked 
| 204|0x000000008cc00000, 0x000000008cd00000, 0x000000008cd00000|100%| O|  |TAMS 0x000000008cd00000| PB 0x000000008cc00000| Untracked 
| 205|0x000000008cd00000, 0x000000008ce00000, 0x000000008ce00000|100%| O|  |TAMS 0x000000008ce00000| PB 0x000000008cd00000| Untracked 
| 206|0x000000008ce00000, 0x000000008cf00000, 0x000000008cf00000|100%| O|  |TAMS 0x000000008cf00000| PB 0x000000008ce00000| Untracked 
| 207|0x000000008cf00000, 0x000000008d000000, 0x000000008d000000|100%| O|  |TAMS 0x000000008d000000| PB 0x000000008cf00000| Untracked 
| 208|0x000000008d000000, 0x000000008d100000, 0x000000008d100000|100%| O|  |TAMS 0x000000008d100000| PB 0x000000008d000000| Untracked 
| 209|0x000000008d100000, 0x000000008d200000, 0x000000008d200000|100%| O|  |TAMS 0x000000008d200000| PB 0x000000008d100000| Untracked 
| 210|0x000000008d200000, 0x000000008d300000, 0x000000008d300000|100%| O|  |TAMS 0x000000008d300000| PB 0x000000008d200000| Untracked 
| 211|0x000000008d300000, 0x000000008d400000, 0x000000008d400000|100%| O|  |TAMS 0x000000008d400000| PB 0x000000008d300000| Untracked 
| 212|0x000000008d400000, 0x000000008d500000, 0x000000008d500000|100%| O|  |TAMS 0x000000008d500000| PB 0x000000008d400000| Untracked 
| 213|0x000000008d500000, 0x000000008d600000, 0x000000008d600000|100%| O|  |TAMS 0x000000008d500000| PB 0x000000008d500000| Untracked 
| 214|0x000000008d600000, 0x000000008d700000, 0x000000008d700000|100%| O|  |TAMS 0x000000008d700000| PB 0x000000008d600000| Untracked 
| 215|0x000000008d700000, 0x000000008d800000, 0x000000008d800000|100%| O|  |TAMS 0x000000008d800000| PB 0x000000008d700000| Untracked 
| 216|0x000000008d800000, 0x000000008d900000, 0x000000008d900000|100%| O|  |TAMS 0x000000008d900000| PB 0x000000008d800000| Untracked 
| 217|0x000000008d900000, 0x000000008da00000, 0x000000008da00000|100%| O|  |TAMS 0x000000008da00000| PB 0x000000008d900000| Untracked 
| 218|0x000000008da00000, 0x000000008db00000, 0x000000008db00000|100%| O|  |TAMS 0x000000008db00000| PB 0x000000008da00000| Untracked 
| 219|0x000000008db00000, 0x000000008dc00000, 0x000000008dc00000|100%| O|  |TAMS 0x000000008dc00000| PB 0x000000008db00000| Untracked 
| 220|0x000000008dc00000, 0x000000008dd00000, 0x000000008dd00000|100%| O|  |TAMS 0x000000008dd00000| PB 0x000000008dc00000| Untracked 
| 221|0x000000008dd00000, 0x000000008de00000, 0x000000008de00000|100%| O|  |TAMS 0x000000008de00000| PB 0x000000008dd00000| Untracked 
| 222|0x000000008de00000, 0x000000008df00000, 0x000000008df00000|100%| O|  |TAMS 0x000000008df00000| PB 0x000000008de00000| Untracked 
| 223|0x000000008df00000, 0x000000008e000000, 0x000000008e000000|100%| O|  |TAMS 0x000000008e000000| PB 0x000000008df00000| Untracked 
| 224|0x000000008e000000, 0x000000008e100000, 0x000000008e100000|100%| O|  |TAMS 0x000000008e100000| PB 0x000000008e000000| Untracked 
| 225|0x000000008e100000, 0x000000008e200000, 0x000000008e200000|100%| O|  |TAMS 0x000000008e200000| PB 0x000000008e100000| Untracked 
| 226|0x000000008e200000, 0x000000008e300000, 0x000000008e300000|100%| O|  |TAMS 0x000000008e200000| PB 0x000000008e200000| Untracked 
| 227|0x000000008e300000, 0x000000008e400000, 0x000000008e400000|100%| O|  |TAMS 0x000000008e400000| PB 0x000000008e300000| Untracked 
| 228|0x000000008e400000, 0x000000008e500000, 0x000000008e500000|100%| O|  |TAMS 0x000000008e500000| PB 0x000000008e400000| Untracked 
| 229|0x000000008e500000, 0x000000008e600000, 0x000000008e600000|100%| O|  |TAMS 0x000000008e600000| PB 0x000000008e500000| Untracked 
| 230|0x000000008e600000, 0x000000008e700000, 0x000000008e700000|100%| O|  |TAMS 0x000000008e700000| PB 0x000000008e600000| Untracked 
| 231|0x000000008e700000, 0x000000008e800000, 0x000000008e800000|100%| O|  |TAMS 0x000000008e800000| PB 0x000000008e700000| Untracked 
| 232|0x000000008e800000, 0x000000008e900000, 0x000000008e900000|100%| O|  |TAMS 0x000000008e900000| PB 0x000000008e800000| Untracked 
| 233|0x000000008e900000, 0x000000008ea00000, 0x000000008ea00000|100%| O|  |TAMS 0x000000008ea00000| PB 0x000000008e900000| Untracked 
| 234|0x000000008ea00000, 0x000000008eb00000, 0x000000008eb00000|100%| O|  |TAMS 0x000000008eb00000| PB 0x000000008ea00000| Untracked 
| 235|0x000000008eb00000, 0x000000008ec00000, 0x000000008ec00000|100%| O|  |TAMS 0x000000008ec00000| PB 0x000000008eb00000| Untracked 
| 236|0x000000008ec00000, 0x000000008ed00000, 0x000000008ed00000|100%| O|  |TAMS 0x000000008ed00000| PB 0x000000008ec00000| Untracked 
| 237|0x000000008ed00000, 0x000000008ee00000, 0x000000008ee00000|100%| O|  |TAMS 0x000000008ee00000| PB 0x000000008ed00000| Untracked 
| 238|0x000000008ee00000, 0x000000008ef00000, 0x000000008ef00000|100%| O|  |TAMS 0x000000008ee00000| PB 0x000000008ee00000| Untracked 
| 239|0x000000008ef00000, 0x000000008f000000, 0x000000008f000000|100%| O|  |TAMS 0x000000008f000000| PB 0x000000008ef00000| Untracked 
| 240|0x000000008f000000, 0x000000008f100000, 0x000000008f100000|100%| O|  |TAMS 0x000000008f100000| PB 0x000000008f000000| Untracked 
| 241|0x000000008f100000, 0x000000008f200000, 0x000000008f200000|100%| O|  |TAMS 0x000000008f200000| PB 0x000000008f100000| Untracked 
| 242|0x000000008f200000, 0x000000008f300000, 0x000000008f300000|100%| O|  |TAMS 0x000000008f300000| PB 0x000000008f200000| Untracked 
| 243|0x000000008f300000, 0x000000008f400000, 0x000000008f400000|100%| O|  |TAMS 0x000000008f400000| PB 0x000000008f300000| Untracked 
| 244|0x000000008f400000, 0x000000008f500000, 0x000000008f500000|100%| O|  |TAMS 0x000000008f500000| PB 0x000000008f400000| Untracked 
| 245|0x000000008f500000, 0x000000008f600000, 0x000000008f600000|100%| O|  |TAMS 0x000000008f600000| PB 0x000000008f500000| Untracked 
| 246|0x000000008f600000, 0x000000008f700000, 0x000000008f700000|100%| O|  |TAMS 0x000000008f700000| PB 0x000000008f600000| Untracked 
| 247|0x000000008f700000, 0x000000008f800000, 0x000000008f800000|100%| O|  |TAMS 0x000000008f800000| PB 0x000000008f700000| Untracked 
| 248|0x000000008f800000, 0x000000008f900000, 0x000000008f900000|100%| O|  |TAMS 0x000000008f900000| PB 0x000000008f800000| Untracked 
| 249|0x000000008f900000, 0x000000008fa00000, 0x000000008fa00000|100%| O|  |TAMS 0x000000008fa00000| PB 0x000000008f900000| Untracked 
| 250|0x000000008fa00000, 0x000000008fb00000, 0x000000008fb00000|100%| O|  |TAMS 0x000000008fb00000| PB 0x000000008fa00000| Untracked 
| 251|0x000000008fb00000, 0x000000008fc00000, 0x000000008fc00000|100%| O|  |TAMS 0x000000008fc00000| PB 0x000000008fb00000| Untracked 
| 252|0x000000008fc00000, 0x000000008fd00000, 0x000000008fd00000|100%| O|  |TAMS 0x000000008fd00000| PB 0x000000008fc00000| Untracked 
| 253|0x000000008fd00000, 0x000000008fe00000, 0x000000008fe00000|100%| O|  |TAMS 0x000000008fe00000| PB 0x000000008fd00000| Untracked 
| 254|0x000000008fe00000, 0x000000008ff00000, 0x000000008ff00000|100%| O|  |TAMS 0x000000008ff00000| PB 0x000000008fe00000| Untracked 
| 255|0x000000008ff00000, 0x0000000090000000, 0x0000000090000000|100%| O|  |TAMS 0x0000000090000000| PB 0x000000008ff00000| Untracked 
| 256|0x0000000090000000, 0x0000000090100000, 0x0000000090100000|100%| O|  |TAMS 0x0000000090000000| PB 0x0000000090000000| Untracked 
| 257|0x0000000090100000, 0x0000000090200000, 0x0000000090200000|100%| O|  |TAMS 0x0000000090200000| PB 0x0000000090100000| Untracked 
| 258|0x0000000090200000, 0x0000000090300000, 0x0000000090300000|100%| O|  |TAMS 0x0000000090300000| PB 0x0000000090200000| Untracked 
| 259|0x0000000090300000, 0x0000000090400000, 0x0000000090400000|100%| O|  |TAMS 0x0000000090400000| PB 0x0000000090300000| Untracked 
| 260|0x0000000090400000, 0x0000000090500000, 0x0000000090500000|100%| O|  |TAMS 0x0000000090500000| PB 0x0000000090400000| Untracked 
| 261|0x0000000090500000, 0x0000000090600000, 0x0000000090600000|100%| O|  |TAMS 0x0000000090600000| PB 0x0000000090500000| Untracked 
| 262|0x0000000090600000, 0x0000000090700000, 0x0000000090700000|100%| O|  |TAMS 0x0000000090700000| PB 0x0000000090600000| Untracked 
| 263|0x0000000090700000, 0x0000000090800000, 0x0000000090800000|100%| O|  |TAMS 0x0000000090700000| PB 0x0000000090700000| Untracked 
| 264|0x0000000090800000, 0x0000000090900000, 0x0000000090900000|100%| O|  |TAMS 0x0000000090900000| PB 0x0000000090800000| Untracked 
| 265|0x0000000090900000, 0x0000000090a00000, 0x0000000090a00000|100%| O|  |TAMS 0x0000000090a00000| PB 0x0000000090900000| Untracked 
| 266|0x0000000090a00000, 0x0000000090b00000, 0x0000000090b00000|100%| O|  |TAMS 0x0000000090b00000| PB 0x0000000090a00000| Untracked 
| 267|0x0000000090b00000, 0x0000000090c00000, 0x0000000090c00000|100%| O|  |TAMS 0x0000000090c00000| PB 0x0000000090b00000| Untracked 
| 268|0x0000000090c00000, 0x0000000090d00000, 0x0000000090d00000|100%| O|  |TAMS 0x0000000090d00000| PB 0x0000000090c00000| Untracked 
| 269|0x0000000090d00000, 0x0000000090e00000, 0x0000000090e00000|100%| O|  |TAMS 0x0000000090e00000| PB 0x0000000090d00000| Untracked 
| 270|0x0000000090e00000, 0x0000000090f00000, 0x0000000090f00000|100%| O|  |TAMS 0x0000000090f00000| PB 0x0000000090e00000| Untracked 
| 271|0x0000000090f00000, 0x0000000091000000, 0x0000000091000000|100%| O|  |TAMS 0x0000000091000000| PB 0x0000000090f00000| Untracked 
| 272|0x0000000091000000, 0x0000000091100000, 0x0000000091100000|100%| O|  |TAMS 0x0000000091100000| PB 0x0000000091000000| Untracked 
| 273|0x0000000091100000, 0x0000000091200000, 0x0000000091200000|100%| O|  |TAMS 0x0000000091200000| PB 0x0000000091100000| Untracked 
| 274|0x0000000091200000, 0x0000000091300000, 0x0000000091300000|100%| O|  |TAMS 0x0000000091300000| PB 0x0000000091200000| Untracked 
| 275|0x0000000091300000, 0x0000000091400000, 0x0000000091400000|100%| O|  |TAMS 0x0000000091400000| PB 0x0000000091300000| Untracked 
| 276|0x0000000091400000, 0x0000000091500000, 0x0000000091500000|100%| O|  |TAMS 0x0000000091500000| PB 0x0000000091400000| Untracked 
| 277|0x0000000091500000, 0x0000000091600000, 0x0000000091600000|100%| O|  |TAMS 0x0000000091600000| PB 0x0000000091500000| Untracked 
| 278|0x0000000091600000, 0x0000000091700000, 0x0000000091700000|100%| O|  |TAMS 0x0000000091700000| PB 0x0000000091600000| Untracked 
| 279|0x0000000091700000, 0x0000000091800000, 0x0000000091800000|100%| O|  |TAMS 0x0000000091800000| PB 0x0000000091700000| Untracked 
| 280|0x0000000091800000, 0x0000000091900000, 0x0000000091900000|100%| O|  |TAMS 0x0000000091900000| PB 0x0000000091800000| Untracked 
| 281|0x0000000091900000, 0x0000000091a00000, 0x0000000091a00000|100%| O|  |TAMS 0x0000000091a00000| PB 0x0000000091900000| Untracked 
| 282|0x0000000091a00000, 0x0000000091b00000, 0x0000000091b00000|100%| O|  |TAMS 0x0000000091b00000| PB 0x0000000091a00000| Untracked 
| 283|0x0000000091b00000, 0x0000000091c00000, 0x0000000091c00000|100%| O|  |TAMS 0x0000000091c00000| PB 0x0000000091b00000| Untracked 
| 284|0x0000000091c00000, 0x0000000091d00000, 0x0000000091d00000|100%| O|  |TAMS 0x0000000091d00000| PB 0x0000000091c00000| Untracked 
| 285|0x0000000091d00000, 0x0000000091e00000, 0x0000000091e00000|100%| O|  |TAMS 0x0000000091e00000| PB 0x0000000091d00000| Untracked 
| 286|0x0000000091e00000, 0x0000000091f00000, 0x0000000091f00000|100%| O|  |TAMS 0x0000000091f00000| PB 0x0000000091e00000| Untracked 
| 287|0x0000000091f00000, 0x0000000092000000, 0x0000000092000000|100%| O|  |TAMS 0x0000000092000000| PB 0x0000000091f00000| Untracked 
| 288|0x0000000092000000, 0x0000000092100000, 0x0000000092100000|100%| O|  |TAMS 0x0000000092100000| PB 0x0000000092000000| Untracked 
| 289|0x0000000092100000, 0x0000000092200000, 0x0000000092200000|100%| O|  |TAMS 0x0000000092200000| PB 0x0000000092100000| Untracked 
| 290|0x0000000092200000, 0x0000000092300000, 0x0000000092300000|100%| O|  |TAMS 0x0000000092300000| PB 0x0000000092200000| Untracked 
| 291|0x0000000092300000, 0x0000000092400000, 0x0000000092400000|100%| O|  |TAMS 0x0000000092400000| PB 0x0000000092300000| Untracked 
| 292|0x0000000092400000, 0x0000000092500000, 0x0000000092500000|100%| O|  |TAMS 0x0000000092500000| PB 0x0000000092400000| Untracked 
| 293|0x0000000092500000, 0x0000000092600000, 0x0000000092600000|100%| O|  |TAMS 0x0000000092600000| PB 0x0000000092500000| Untracked 
| 294|0x0000000092600000, 0x0000000092700000, 0x0000000092700000|100%| O|  |TAMS 0x0000000092700000| PB 0x0000000092600000| Untracked 
| 295|0x0000000092700000, 0x0000000092800000, 0x0000000092800000|100%| O|  |TAMS 0x0000000092800000| PB 0x0000000092700000| Untracked 
| 296|0x0000000092800000, 0x0000000092900000, 0x0000000092900000|100%| O|  |TAMS 0x0000000092900000| PB 0x0000000092800000| Untracked 
| 297|0x0000000092900000, 0x0000000092a00000, 0x0000000092a00000|100%| O|  |TAMS 0x0000000092a00000| PB 0x0000000092900000| Untracked 
| 298|0x0000000092a00000, 0x0000000092b00000, 0x0000000092b00000|100%| O|  |TAMS 0x0000000092b00000| PB 0x0000000092a00000| Untracked 
| 299|0x0000000092b00000, 0x0000000092c00000, 0x0000000092c00000|100%| O|  |TAMS 0x0000000092c00000| PB 0x0000000092b00000| Untracked 
| 300|0x0000000092c00000, 0x0000000092d00000, 0x0000000092d00000|100%| O|  |TAMS 0x0000000092d00000| PB 0x0000000092c00000| Untracked 
| 301|0x0000000092d00000, 0x0000000092e00000, 0x0000000092e00000|100%| O|  |TAMS 0x0000000092e00000| PB 0x0000000092d00000| Untracked 
| 302|0x0000000092e00000, 0x0000000092f00000, 0x0000000092f00000|100%| O|  |TAMS 0x0000000092f00000| PB 0x0000000092e00000| Untracked 
| 303|0x0000000092f00000, 0x0000000093000000, 0x0000000093000000|100%| O|  |TAMS 0x0000000093000000| PB 0x0000000092f00000| Untracked 
| 304|0x0000000093000000, 0x0000000093100000, 0x0000000093100000|100%| O|  |TAMS 0x0000000093100000| PB 0x0000000093000000| Untracked 
| 305|0x0000000093100000, 0x0000000093200000, 0x0000000093200000|100%| O|  |TAMS 0x0000000093200000| PB 0x0000000093100000| Untracked 
| 306|0x0000000093200000, 0x0000000093300000, 0x0000000093300000|100%| O|  |TAMS 0x0000000093300000| PB 0x0000000093200000| Untracked 
| 307|0x0000000093300000, 0x0000000093400000, 0x0000000093400000|100%| O|  |TAMS 0x0000000093400000| PB 0x0000000093300000| Untracked 
| 308|0x0000000093400000, 0x0000000093500000, 0x0000000093500000|100%| O|  |TAMS 0x0000000093500000| PB 0x0000000093400000| Untracked 
| 309|0x0000000093500000, 0x0000000093600000, 0x0000000093600000|100%| O|  |TAMS 0x0000000093600000| PB 0x0000000093500000| Untracked 
| 310|0x0000000093600000, 0x0000000093700000, 0x0000000093700000|100%| O|  |TAMS 0x0000000093700000| PB 0x0000000093600000| Untracked 
| 311|0x0000000093700000, 0x0000000093800000, 0x0000000093800000|100%| O|  |TAMS 0x0000000093800000| PB 0x0000000093700000| Untracked 
| 312|0x0000000093800000, 0x0000000093900000, 0x0000000093900000|100%| O|  |TAMS 0x0000000093900000| PB 0x0000000093800000| Untracked 
| 313|0x0000000093900000, 0x0000000093a00000, 0x0000000093a00000|100%| O|  |TAMS 0x0000000093a00000| PB 0x0000000093900000| Untracked 
| 314|0x0000000093a00000, 0x0000000093b00000, 0x0000000093b00000|100%| O|  |TAMS 0x0000000093b00000| PB 0x0000000093a00000| Untracked 
| 315|0x0000000093b00000, 0x0000000093c00000, 0x0000000093c00000|100%| O|  |TAMS 0x0000000093c00000| PB 0x0000000093b00000| Untracked 
| 316|0x0000000093c00000, 0x0000000093d00000, 0x0000000093d00000|100%| O|  |TAMS 0x0000000093d00000| PB 0x0000000093c00000| Untracked 
| 317|0x0000000093d00000, 0x0000000093e00000, 0x0000000093e00000|100%| O|  |TAMS 0x0000000093d00000| PB 0x0000000093d00000| Untracked 
| 318|0x0000000093e00000, 0x0000000093f00000, 0x0000000093f00000|100%| O|  |TAMS 0x0000000093f00000| PB 0x0000000093e00000| Untracked 
| 319|0x0000000093f00000, 0x0000000094000000, 0x0000000094000000|100%| O|  |TAMS 0x0000000094000000| PB 0x0000000093f00000| Untracked 
| 320|0x0000000094000000, 0x0000000094100000, 0x0000000094100000|100%| O|  |TAMS 0x0000000094100000| PB 0x0000000094000000| Untracked 
| 321|0x0000000094100000, 0x0000000094200000, 0x0000000094200000|100%| O|  |TAMS 0x0000000094200000| PB 0x0000000094100000| Untracked 
| 322|0x0000000094200000, 0x0000000094300000, 0x0000000094300000|100%| O|  |TAMS 0x0000000094300000| PB 0x0000000094200000| Untracked 
| 323|0x0000000094300000, 0x0000000094400000, 0x0000000094400000|100%| O|  |TAMS 0x0000000094400000| PB 0x0000000094300000| Untracked 
| 324|0x0000000094400000, 0x0000000094500000, 0x0000000094500000|100%| O|  |TAMS 0x0000000094500000| PB 0x0000000094400000| Untracked 
| 325|0x0000000094500000, 0x0000000094600000, 0x0000000094600000|100%| O|  |TAMS 0x0000000094600000| PB 0x0000000094500000| Untracked 
| 326|0x0000000094600000, 0x0000000094700000, 0x0000000094700000|100%| O|  |TAMS 0x0000000094700000| PB 0x0000000094600000| Untracked 
| 327|0x0000000094700000, 0x0000000094800000, 0x0000000094800000|100%| O|  |TAMS 0x0000000094800000| PB 0x0000000094700000| Untracked 
| 328|0x0000000094800000, 0x0000000094900000, 0x0000000094900000|100%| O|  |TAMS 0x0000000094900000| PB 0x0000000094800000| Untracked 
| 329|0x0000000094900000, 0x0000000094a00000, 0x0000000094a00000|100%| O|  |TAMS 0x0000000094a00000| PB 0x0000000094900000| Untracked 
| 330|0x0000000094a00000, 0x0000000094b00000, 0x0000000094b00000|100%| O|  |TAMS 0x0000000094b00000| PB 0x0000000094a00000| Untracked 
| 331|0x0000000094b00000, 0x0000000094c00000, 0x0000000094c00000|100%| O|  |TAMS 0x0000000094c00000| PB 0x0000000094b00000| Untracked 
| 332|0x0000000094c00000, 0x0000000094d00000, 0x0000000094d00000|100%| O|  |TAMS 0x0000000094d00000| PB 0x0000000094c00000| Untracked 
| 333|0x0000000094d00000, 0x0000000094e00000, 0x0000000094e00000|100%| O|  |TAMS 0x0000000094e00000| PB 0x0000000094d00000| Untracked 
| 334|0x0000000094e00000, 0x0000000094f00000, 0x0000000094f00000|100%| O|  |TAMS 0x0000000094f00000| PB 0x0000000094e00000| Untracked 
| 335|0x0000000094f00000, 0x0000000095000000, 0x0000000095000000|100%| O|  |TAMS 0x0000000095000000| PB 0x0000000094f00000| Untracked 
| 336|0x0000000095000000, 0x0000000095100000, 0x0000000095100000|100%| O|  |TAMS 0x0000000095100000| PB 0x0000000095000000| Untracked 
| 337|0x0000000095100000, 0x0000000095200000, 0x0000000095200000|100%| O|  |TAMS 0x0000000095200000| PB 0x0000000095100000| Untracked 
| 338|0x0000000095200000, 0x0000000095300000, 0x0000000095300000|100%| O|  |TAMS 0x0000000095300000| PB 0x0000000095200000| Untracked 
| 339|0x0000000095300000, 0x0000000095400000, 0x0000000095400000|100%| O|  |TAMS 0x0000000095400000| PB 0x0000000095300000| Untracked 
| 340|0x0000000095400000, 0x0000000095500000, 0x0000000095500000|100%| O|  |TAMS 0x0000000095500000| PB 0x0000000095400000| Untracked 
| 341|0x0000000095500000, 0x0000000095600000, 0x0000000095600000|100%| O|  |TAMS 0x0000000095600000| PB 0x0000000095500000| Untracked 
| 342|0x0000000095600000, 0x0000000095700000, 0x0000000095700000|100%| O|  |TAMS 0x0000000095700000| PB 0x0000000095600000| Untracked 
| 343|0x0000000095700000, 0x0000000095800000, 0x0000000095800000|100%| O|  |TAMS 0x0000000095800000| PB 0x0000000095700000| Untracked 
| 344|0x0000000095800000, 0x0000000095900000, 0x0000000095900000|100%| O|  |TAMS 0x0000000095900000| PB 0x0000000095800000| Untracked 
| 345|0x0000000095900000, 0x0000000095a00000, 0x0000000095a00000|100%| O|  |TAMS 0x0000000095a00000| PB 0x0000000095900000| Untracked 
| 346|0x0000000095a00000, 0x0000000095b00000, 0x0000000095b00000|100%| O|  |TAMS 0x0000000095b00000| PB 0x0000000095a00000| Untracked 
| 347|0x0000000095b00000, 0x0000000095c00000, 0x0000000095c00000|100%| O|  |TAMS 0x0000000095c00000| PB 0x0000000095b00000| Untracked 
| 348|0x0000000095c00000, 0x0000000095d00000, 0x0000000095d00000|100%| O|  |TAMS 0x0000000095d00000| PB 0x0000000095c00000| Untracked 
| 349|0x0000000095d00000, 0x0000000095e00000, 0x0000000095e00000|100%| O|  |TAMS 0x0000000095e00000| PB 0x0000000095d00000| Untracked 
| 350|0x0000000095e00000, 0x0000000095f00000, 0x0000000095f00000|100%| O|  |TAMS 0x0000000095f00000| PB 0x0000000095e00000| Untracked 
| 351|0x0000000095f00000, 0x0000000096000000, 0x0000000096000000|100%| O|  |TAMS 0x0000000096000000| PB 0x0000000095f00000| Untracked 
| 352|0x0000000096000000, 0x0000000096100000, 0x0000000096100000|100%| O|  |TAMS 0x0000000096100000| PB 0x0000000096000000| Untracked 
| 353|0x0000000096100000, 0x0000000096200000, 0x0000000096200000|100%| O|  |TAMS 0x0000000096100000| PB 0x0000000096100000| Untracked 
| 354|0x0000000096200000, 0x0000000096300000, 0x0000000096300000|100%| O|  |TAMS 0x0000000096300000| PB 0x0000000096200000| Untracked 
| 355|0x0000000096300000, 0x0000000096400000, 0x0000000096400000|100%| O|  |TAMS 0x0000000096400000| PB 0x0000000096300000| Untracked 
| 356|0x0000000096400000, 0x0000000096500000, 0x0000000096500000|100%| O|  |TAMS 0x0000000096500000| PB 0x0000000096400000| Untracked 
| 357|0x0000000096500000, 0x0000000096600000, 0x0000000096600000|100%| O|  |TAMS 0x0000000096600000| PB 0x0000000096500000| Untracked 
| 358|0x0000000096600000, 0x0000000096700000, 0x0000000096700000|100%| O|  |TAMS 0x0000000096700000| PB 0x0000000096600000| Untracked 
| 359|0x0000000096700000, 0x0000000096800000, 0x0000000096800000|100%| O|  |TAMS 0x0000000096800000| PB 0x0000000096700000| Untracked 
| 360|0x0000000096800000, 0x0000000096900000, 0x0000000096900000|100%| O|  |TAMS 0x0000000096900000| PB 0x0000000096800000| Untracked 
| 361|0x0000000096900000, 0x0000000096a00000, 0x0000000096a00000|100%| O|  |TAMS 0x0000000096a00000| PB 0x0000000096900000| Untracked 
| 362|0x0000000096a00000, 0x0000000096b00000, 0x0000000096b00000|100%| O|  |TAMS 0x0000000096b00000| PB 0x0000000096a00000| Untracked 
| 363|0x0000000096b00000, 0x0000000096c00000, 0x0000000096c00000|100%| O|  |TAMS 0x0000000096c00000| PB 0x0000000096b00000| Untracked 
| 364|0x0000000096c00000, 0x0000000096d00000, 0x0000000096d00000|100%| O|  |TAMS 0x0000000096ce8b60| PB 0x0000000096c00000| Untracked 
| 365|0x0000000096d00000, 0x0000000096e00000, 0x0000000096e00000|100%| O|  |TAMS 0x0000000096d00000| PB 0x0000000096d00000| Untracked 
| 366|0x0000000096e00000, 0x0000000096f00000, 0x0000000096f00000|100%| O|  |TAMS 0x0000000096e00000| PB 0x0000000096e00000| Untracked 
| 367|0x0000000096f00000, 0x0000000097000000, 0x0000000097000000|100%| O|  |TAMS 0x0000000096f00000| PB 0x0000000096f00000| Untracked 
| 368|0x0000000097000000, 0x0000000097100000, 0x0000000097100000|100%| O|  |TAMS 0x0000000097000000| PB 0x0000000097000000| Untracked 
| 369|0x0000000097100000, 0x0000000097200000, 0x0000000097200000|100%| O|  |TAMS 0x0000000097100000| PB 0x0000000097100000| Untracked 
| 370|0x0000000097200000, 0x0000000097300000, 0x0000000097300000|100%| O|  |TAMS 0x0000000097200000| PB 0x0000000097200000| Untracked 
| 371|0x0000000097300000, 0x0000000097400000, 0x0000000097400000|100%| O|  |TAMS 0x0000000097300000| PB 0x0000000097300000| Untracked 
| 372|0x0000000097400000, 0x0000000097500000, 0x0000000097500000|100%| O|  |TAMS 0x0000000097400000| PB 0x0000000097400000| Untracked 
| 373|0x0000000097500000, 0x0000000097600000, 0x0000000097600000|100%| O|  |TAMS 0x0000000097500000| PB 0x0000000097500000| Untracked 
| 374|0x0000000097600000, 0x0000000097700000, 0x0000000097700000|100%| O|  |TAMS 0x0000000097600000| PB 0x0000000097600000| Untracked 
| 375|0x0000000097700000, 0x0000000097700000, 0x0000000097800000|  0%| F|  |TAMS 0x0000000097700000| PB 0x0000000097700000| Untracked 
| 376|0x0000000097800000, 0x0000000097800000, 0x0000000097900000|  0%| F|  |TAMS 0x0000000097800000| PB 0x0000000097800000| Untracked 
| 377|0x0000000097900000, 0x0000000097a00000, 0x0000000097a00000|100%| O|  |TAMS 0x0000000097900000| PB 0x0000000097900000| Untracked 
| 378|0x0000000097a00000, 0x0000000097b00000, 0x0000000097b00000|100%| O|  |TAMS 0x0000000097b00000| PB 0x0000000097a00000| Untracked 
| 379|0x0000000097b00000, 0x0000000097b00000, 0x0000000097c00000|  0%| F|  |TAMS 0x0000000097b00000| PB 0x0000000097b00000| Untracked 
| 380|0x0000000097c00000, 0x0000000097c00000, 0x0000000097d00000|  0%| F|  |TAMS 0x0000000097c00000| PB 0x0000000097c00000| Untracked 
| 381|0x0000000097d00000, 0x0000000097d00000, 0x0000000097e00000|  0%| F|  |TAMS 0x0000000097d00000| PB 0x0000000097d00000| Untracked 
| 382|0x0000000097e00000, 0x0000000097e00000, 0x0000000097f00000|  0%| F|  |TAMS 0x0000000097e00000| PB 0x0000000097e00000| Untracked 
| 383|0x0000000097f00000, 0x0000000097f00000, 0x0000000098000000|  0%| F|  |TAMS 0x0000000097f00000| PB 0x0000000097f00000| Untracked 
| 384|0x0000000098000000, 0x0000000098000000, 0x0000000098100000|  0%| F|  |TAMS 0x0000000098000000| PB 0x0000000098000000| Untracked 
| 385|0x0000000098100000, 0x0000000098100000, 0x0000000098200000|  0%| F|  |TAMS 0x0000000098100000| PB 0x0000000098100000| Untracked 
| 386|0x0000000098200000, 0x0000000098200000, 0x0000000098300000|  0%| F|  |TAMS 0x0000000098200000| PB 0x0000000098200000| Untracked 
| 387|0x0000000098300000, 0x0000000098300000, 0x0000000098400000|  0%| F|  |TAMS 0x0000000098300000| PB 0x0000000098300000| Untracked 
| 388|0x0000000098400000, 0x0000000098400000, 0x0000000098500000|  0%| F|  |TAMS 0x0000000098400000| PB 0x0000000098400000| Untracked 
| 389|0x0000000098500000, 0x0000000098500000, 0x0000000098600000|  0%| F|  |TAMS 0x0000000098500000| PB 0x0000000098500000| Untracked 
| 390|0x0000000098600000, 0x0000000098600000, 0x0000000098700000|  0%| F|  |TAMS 0x0000000098600000| PB 0x0000000098600000| Untracked 
| 391|0x0000000098700000, 0x0000000098700000, 0x0000000098800000|  0%| F|  |TAMS 0x0000000098700000| PB 0x0000000098700000| Untracked 
| 392|0x0000000098800000, 0x0000000098800000, 0x0000000098900000|  0%| F|  |TAMS 0x0000000098800000| PB 0x0000000098800000| Untracked 
| 393|0x0000000098900000, 0x0000000098900000, 0x0000000098a00000|  0%| F|  |TAMS 0x0000000098900000| PB 0x0000000098900000| Untracked 
| 394|0x0000000098a00000, 0x0000000098a00000, 0x0000000098b00000|  0%| F|  |TAMS 0x0000000098a00000| PB 0x0000000098a00000| Untracked 
| 395|0x0000000098b00000, 0x0000000098b00000, 0x0000000098c00000|  0%| F|  |TAMS 0x0000000098b00000| PB 0x0000000098b00000| Untracked 
| 396|0x0000000098c00000, 0x0000000098d00000, 0x0000000098d00000|100%| O|  |TAMS 0x0000000098c00000| PB 0x0000000098c00000| Untracked 
| 397|0x0000000098d00000, 0x0000000098d579d0, 0x0000000098e00000| 34%| O|  |TAMS 0x0000000098d00000| PB 0x0000000098d00000| Untracked 
| 398|0x0000000098e00000, 0x0000000098e00000, 0x0000000098f00000|  0%| F|  |TAMS 0x0000000098e00000| PB 0x0000000098e00000| Untracked 
| 399|0x0000000098f00000, 0x0000000098f00000, 0x0000000099000000|  0%| F|  |TAMS 0x0000000098f00000| PB 0x0000000098f00000| Untracked 
| 400|0x0000000099000000, 0x0000000099000000, 0x0000000099100000|  0%| F|  |TAMS 0x0000000099000000| PB 0x0000000099000000| Untracked 
| 401|0x0000000099100000, 0x0000000099100000, 0x0000000099200000|  0%| F|  |TAMS 0x0000000099100000| PB 0x0000000099100000| Untracked 
| 402|0x0000000099200000, 0x0000000099200000, 0x0000000099300000|  0%| F|  |TAMS 0x0000000099200000| PB 0x0000000099200000| Untracked 
| 403|0x0000000099300000, 0x0000000099300000, 0x0000000099400000|  0%| F|  |TAMS 0x0000000099300000| PB 0x0000000099300000| Untracked 
| 404|0x0000000099400000, 0x0000000099400000, 0x0000000099500000|  0%| F|  |TAMS 0x0000000099400000| PB 0x0000000099400000| Untracked 
| 405|0x0000000099500000, 0x0000000099500000, 0x0000000099600000|  0%| F|  |TAMS 0x0000000099500000| PB 0x0000000099500000| Untracked 
| 406|0x0000000099600000, 0x0000000099600000, 0x0000000099700000|  0%| F|  |TAMS 0x0000000099600000| PB 0x0000000099600000| Untracked 
| 407|0x0000000099700000, 0x0000000099700000, 0x0000000099800000|  0%| F|  |TAMS 0x0000000099700000| PB 0x0000000099700000| Untracked 
| 408|0x0000000099800000, 0x0000000099800000, 0x0000000099900000|  0%| F|  |TAMS 0x0000000099800000| PB 0x0000000099800000| Untracked 
| 409|0x0000000099900000, 0x0000000099900000, 0x0000000099a00000|  0%| F|  |TAMS 0x0000000099900000| PB 0x0000000099900000| Untracked 
| 410|0x0000000099a00000, 0x0000000099a00000, 0x0000000099b00000|  0%| F|  |TAMS 0x0000000099a00000| PB 0x0000000099a00000| Untracked 
| 411|0x0000000099b00000, 0x0000000099b00000, 0x0000000099c00000|  0%| F|  |TAMS 0x0000000099b00000| PB 0x0000000099b00000| Untracked 
| 412|0x0000000099c00000, 0x0000000099c00000, 0x0000000099d00000|  0%| F|  |TAMS 0x0000000099c00000| PB 0x0000000099c00000| Untracked 
| 413|0x0000000099d00000, 0x0000000099d00000, 0x0000000099e00000|  0%| F|  |TAMS 0x0000000099d00000| PB 0x0000000099d00000| Untracked 
| 414|0x0000000099e00000, 0x0000000099e00000, 0x0000000099f00000|  0%| F|  |TAMS 0x0000000099e00000| PB 0x0000000099e00000| Untracked 
| 415|0x0000000099f00000, 0x0000000099f00000, 0x000000009a000000|  0%| F|  |TAMS 0x0000000099f00000| PB 0x0000000099f00000| Untracked 
| 416|0x000000009a000000, 0x000000009a000000, 0x000000009a100000|  0%| F|  |TAMS 0x000000009a000000| PB 0x000000009a000000| Untracked 
| 417|0x000000009a100000, 0x000000009a100000, 0x000000009a200000|  0%| F|  |TAMS 0x000000009a100000| PB 0x000000009a100000| Untracked 
| 418|0x000000009a200000, 0x000000009a200000, 0x000000009a300000|  0%| F|  |TAMS 0x000000009a200000| PB 0x000000009a200000| Untracked 
| 419|0x000000009a300000, 0x000000009a300000, 0x000000009a400000|  0%| F|  |TAMS 0x000000009a300000| PB 0x000000009a300000| Untracked 
| 420|0x000000009a400000, 0x000000009a500000, 0x000000009a500000|100%| S|CS|TAMS 0x000000009a400000| PB 0x000000009a400000| Complete 
| 421|0x000000009a500000, 0x000000009a600000, 0x000000009a600000|100%| S|CS|TAMS 0x000000009a500000| PB 0x000000009a500000| Complete 
| 422|0x000000009a600000, 0x000000009a700000, 0x000000009a700000|100%| S|CS|TAMS 0x000000009a600000| PB 0x000000009a600000| Complete 
| 423|0x000000009a700000, 0x000000009a800000, 0x000000009a800000|100%| S|CS|TAMS 0x000000009a700000| PB 0x000000009a700000| Complete 
| 424|0x000000009a800000, 0x000000009a900000, 0x000000009a900000|100%| S|CS|TAMS 0x000000009a800000| PB 0x000000009a800000| Complete 
| 425|0x000000009a900000, 0x000000009aa00000, 0x000000009aa00000|100%| S|CS|TAMS 0x000000009a900000| PB 0x000000009a900000| Complete 
| 426|0x000000009aa00000, 0x000000009ab00000, 0x000000009ab00000|100%| S|CS|TAMS 0x000000009aa00000| PB 0x000000009aa00000| Complete 
| 427|0x000000009ab00000, 0x000000009ac00000, 0x000000009ac00000|100%| S|CS|TAMS 0x000000009ab00000| PB 0x000000009ab00000| Complete 
| 428|0x000000009ac00000, 0x000000009ad00000, 0x000000009ad00000|100%| S|CS|TAMS 0x000000009ac00000| PB 0x000000009ac00000| Complete 
| 429|0x000000009ad00000, 0x000000009ae00000, 0x000000009ae00000|100%| S|CS|TAMS 0x000000009ad00000| PB 0x000000009ad00000| Complete 
| 430|0x000000009ae00000, 0x000000009af00000, 0x000000009af00000|100%| S|CS|TAMS 0x000000009ae00000| PB 0x000000009ae00000| Complete 
| 431|0x000000009af00000, 0x000000009b000000, 0x000000009b000000|100%| S|CS|TAMS 0x000000009af00000| PB 0x000000009af00000| Complete 
| 432|0x000000009b000000, 0x000000009b100000, 0x000000009b100000|100%| S|CS|TAMS 0x000000009b000000| PB 0x000000009b000000| Complete 
| 433|0x000000009b100000, 0x000000009b200000, 0x000000009b200000|100%| S|CS|TAMS 0x000000009b100000| PB 0x000000009b100000| Complete 
| 434|0x000000009b200000, 0x000000009b200000, 0x000000009b300000|  0%| F|  |TAMS 0x000000009b200000| PB 0x000000009b200000| Untracked 
| 435|0x000000009b300000, 0x000000009b300000, 0x000000009b400000|  0%| F|  |TAMS 0x000000009b300000| PB 0x000000009b300000| Untracked 
| 436|0x000000009b400000, 0x000000009b400000, 0x000000009b500000|  0%| F|  |TAMS 0x000000009b400000| PB 0x000000009b400000| Untracked 
| 437|0x000000009b500000, 0x000000009b500000, 0x000000009b600000|  0%| F|  |TAMS 0x000000009b500000| PB 0x000000009b500000| Untracked 
| 438|0x000000009b600000, 0x000000009b600000, 0x000000009b700000|  0%| F|  |TAMS 0x000000009b600000| PB 0x000000009b600000| Untracked 
| 439|0x000000009b700000, 0x000000009b700000, 0x000000009b800000|  0%| F|  |TAMS 0x000000009b700000| PB 0x000000009b700000| Untracked 
| 440|0x000000009b800000, 0x000000009b800000, 0x000000009b900000|  0%| F|  |TAMS 0x000000009b800000| PB 0x000000009b800000| Untracked 
| 441|0x000000009b900000, 0x000000009b900000, 0x000000009ba00000|  0%| F|  |TAMS 0x000000009b900000| PB 0x000000009b900000| Untracked 
| 442|0x000000009ba00000, 0x000000009ba00000, 0x000000009bb00000|  0%| F|  |TAMS 0x000000009ba00000| PB 0x000000009ba00000| Untracked 
| 443|0x000000009bb00000, 0x000000009bb00000, 0x000000009bc00000|  0%| F|  |TAMS 0x000000009bb00000| PB 0x000000009bb00000| Untracked 
| 444|0x000000009bc00000, 0x000000009bc00000, 0x000000009bd00000|  0%| F|  |TAMS 0x000000009bc00000| PB 0x000000009bc00000| Untracked 
| 445|0x000000009bd00000, 0x000000009bd00000, 0x000000009be00000|  0%| F|  |TAMS 0x000000009bd00000| PB 0x000000009bd00000| Untracked 
| 446|0x000000009be00000, 0x000000009be00000, 0x000000009bf00000|  0%| F|  |TAMS 0x000000009be00000| PB 0x000000009be00000| Untracked 
| 447|0x000000009bf00000, 0x000000009bf00000, 0x000000009c000000|  0%| F|  |TAMS 0x000000009bf00000| PB 0x000000009bf00000| Untracked 
| 448|0x000000009c000000, 0x000000009c000000, 0x000000009c100000|  0%| F|  |TAMS 0x000000009c000000| PB 0x000000009c000000| Untracked 
| 449|0x000000009c100000, 0x000000009c100000, 0x000000009c200000|  0%| F|  |TAMS 0x000000009c100000| PB 0x000000009c100000| Untracked 
| 450|0x000000009c200000, 0x000000009c200000, 0x000000009c300000|  0%| F|  |TAMS 0x000000009c200000| PB 0x000000009c200000| Untracked 
| 451|0x000000009c300000, 0x000000009c300000, 0x000000009c400000|  0%| F|  |TAMS 0x000000009c300000| PB 0x000000009c300000| Untracked 
| 452|0x000000009c400000, 0x000000009c400000, 0x000000009c500000|  0%| F|  |TAMS 0x000000009c400000| PB 0x000000009c400000| Untracked 
| 453|0x000000009c500000, 0x000000009c500000, 0x000000009c600000|  0%| F|  |TAMS 0x000000009c500000| PB 0x000000009c500000| Untracked 
| 454|0x000000009c600000, 0x000000009c600000, 0x000000009c700000|  0%| F|  |TAMS 0x000000009c600000| PB 0x000000009c600000| Untracked 
| 455|0x000000009c700000, 0x000000009c700000, 0x000000009c800000|  0%| F|  |TAMS 0x000000009c700000| PB 0x000000009c700000| Untracked 
| 456|0x000000009c800000, 0x000000009c800000, 0x000000009c900000|  0%| F|  |TAMS 0x000000009c800000| PB 0x000000009c800000| Untracked 
| 457|0x000000009c900000, 0x000000009c900000, 0x000000009ca00000|  0%| F|  |TAMS 0x000000009c900000| PB 0x000000009c900000| Untracked 
| 458|0x000000009ca00000, 0x000000009ca00000, 0x000000009cb00000|  0%| F|  |TAMS 0x000000009ca00000| PB 0x000000009ca00000| Untracked 
| 459|0x000000009cb00000, 0x000000009cb00000, 0x000000009cc00000|  0%| F|  |TAMS 0x000000009cb00000| PB 0x000000009cb00000| Untracked 
| 460|0x000000009cc00000, 0x000000009cc00000, 0x000000009cd00000|  0%| F|  |TAMS 0x000000009cc00000| PB 0x000000009cc00000| Untracked 
| 461|0x000000009cd00000, 0x000000009cd00000, 0x000000009ce00000|  0%| F|  |TAMS 0x000000009cd00000| PB 0x000000009cd00000| Untracked 
| 462|0x000000009ce00000, 0x000000009ce00000, 0x000000009cf00000|  0%| F|  |TAMS 0x000000009ce00000| PB 0x000000009ce00000| Untracked 
| 463|0x000000009cf00000, 0x000000009cf00000, 0x000000009d000000|  0%| F|  |TAMS 0x000000009cf00000| PB 0x000000009cf00000| Untracked 
| 464|0x000000009d000000, 0x000000009d000000, 0x000000009d100000|  0%| F|  |TAMS 0x000000009d000000| PB 0x000000009d000000| Untracked 
| 465|0x000000009d100000, 0x000000009d100000, 0x000000009d200000|  0%| F|  |TAMS 0x000000009d100000| PB 0x000000009d100000| Untracked 
| 466|0x000000009d200000, 0x000000009d200000, 0x000000009d300000|  0%| F|  |TAMS 0x000000009d200000| PB 0x000000009d200000| Untracked 
| 467|0x000000009d300000, 0x000000009d300000, 0x000000009d400000|  0%| F|  |TAMS 0x000000009d300000| PB 0x000000009d300000| Untracked 
| 468|0x000000009d400000, 0x000000009d400000, 0x000000009d500000|  0%| F|  |TAMS 0x000000009d400000| PB 0x000000009d400000| Untracked 
| 469|0x000000009d500000, 0x000000009d500000, 0x000000009d600000|  0%| F|  |TAMS 0x000000009d500000| PB 0x000000009d500000| Untracked 
| 470|0x000000009d600000, 0x000000009d600000, 0x000000009d700000|  0%| F|  |TAMS 0x000000009d600000| PB 0x000000009d600000| Untracked 
| 471|0x000000009d700000, 0x000000009d700000, 0x000000009d800000|  0%| F|  |TAMS 0x000000009d700000| PB 0x000000009d700000| Untracked 
| 472|0x000000009d800000, 0x000000009d800000, 0x000000009d900000|  0%| F|  |TAMS 0x000000009d800000| PB 0x000000009d800000| Untracked 
| 473|0x000000009d900000, 0x000000009d900000, 0x000000009da00000|  0%| F|  |TAMS 0x000000009d900000| PB 0x000000009d900000| Untracked 
| 474|0x000000009da00000, 0x000000009da00000, 0x000000009db00000|  0%| F|  |TAMS 0x000000009da00000| PB 0x000000009da00000| Untracked 
| 475|0x000000009db00000, 0x000000009db00000, 0x000000009dc00000|  0%| F|  |TAMS 0x000000009db00000| PB 0x000000009db00000| Untracked 
| 476|0x000000009dc00000, 0x000000009dc00000, 0x000000009dd00000|  0%| F|  |TAMS 0x000000009dc00000| PB 0x000000009dc00000| Untracked 
| 477|0x000000009dd00000, 0x000000009dd00000, 0x000000009de00000|  0%| F|  |TAMS 0x000000009dd00000| PB 0x000000009dd00000| Untracked 
| 478|0x000000009de00000, 0x000000009de00000, 0x000000009df00000|  0%| F|  |TAMS 0x000000009de00000| PB 0x000000009de00000| Untracked 
| 479|0x000000009df00000, 0x000000009df00000, 0x000000009e000000|  0%| F|  |TAMS 0x000000009df00000| PB 0x000000009df00000| Untracked 
| 480|0x000000009e000000, 0x000000009e000000, 0x000000009e100000|  0%| F|  |TAMS 0x000000009e000000| PB 0x000000009e000000| Untracked 
| 481|0x000000009e100000, 0x000000009e100000, 0x000000009e200000|  0%| F|  |TAMS 0x000000009e100000| PB 0x000000009e100000| Untracked 
| 482|0x000000009e200000, 0x000000009e200000, 0x000000009e300000|  0%| F|  |TAMS 0x000000009e200000| PB 0x000000009e200000| Untracked 
| 483|0x000000009e300000, 0x000000009e300000, 0x000000009e400000|  0%| F|  |TAMS 0x000000009e300000| PB 0x000000009e300000| Untracked 
| 484|0x000000009e400000, 0x000000009e400000, 0x000000009e500000|  0%| F|  |TAMS 0x000000009e400000| PB 0x000000009e400000| Untracked 
| 485|0x000000009e500000, 0x000000009e500000, 0x000000009e600000|  0%| F|  |TAMS 0x000000009e500000| PB 0x000000009e500000| Untracked 
| 486|0x000000009e600000, 0x000000009e600000, 0x000000009e700000|  0%| F|  |TAMS 0x000000009e600000| PB 0x000000009e600000| Untracked 
| 487|0x000000009e700000, 0x000000009e700000, 0x000000009e800000|  0%| F|  |TAMS 0x000000009e700000| PB 0x000000009e700000| Untracked 
| 488|0x000000009e800000, 0x000000009e800000, 0x000000009e900000|  0%| F|  |TAMS 0x000000009e800000| PB 0x000000009e800000| Untracked 
| 489|0x000000009e900000, 0x000000009e900000, 0x000000009ea00000|  0%| F|  |TAMS 0x000000009e900000| PB 0x000000009e900000| Untracked 
| 490|0x000000009ea00000, 0x000000009ea00000, 0x000000009eb00000|  0%| F|  |TAMS 0x000000009ea00000| PB 0x000000009ea00000| Untracked 
| 491|0x000000009eb00000, 0x000000009eb00000, 0x000000009ec00000|  0%| F|  |TAMS 0x000000009eb00000| PB 0x000000009eb00000| Untracked 
| 492|0x000000009ec00000, 0x000000009ec00000, 0x000000009ed00000|  0%| F|  |TAMS 0x000000009ec00000| PB 0x000000009ec00000| Untracked 
| 493|0x000000009ed00000, 0x000000009ed00000, 0x000000009ee00000|  0%| F|  |TAMS 0x000000009ed00000| PB 0x000000009ed00000| Untracked 
| 494|0x000000009ee00000, 0x000000009ee00000, 0x000000009ef00000|  0%| F|  |TAMS 0x000000009ee00000| PB 0x000000009ee00000| Untracked 
| 495|0x000000009ef00000, 0x000000009ef00000, 0x000000009f000000|  0%| F|  |TAMS 0x000000009ef00000| PB 0x000000009ef00000| Untracked 
| 496|0x000000009f000000, 0x000000009f000000, 0x000000009f100000|  0%| F|  |TAMS 0x000000009f000000| PB 0x000000009f000000| Untracked 
| 497|0x000000009f100000, 0x000000009f100000, 0x000000009f200000|  0%| F|  |TAMS 0x000000009f100000| PB 0x000000009f100000| Untracked 
| 498|0x000000009f200000, 0x000000009f200000, 0x000000009f300000|  0%| F|  |TAMS 0x000000009f200000| PB 0x000000009f200000| Untracked 
| 499|0x000000009f300000, 0x000000009f300000, 0x000000009f400000|  0%| F|  |TAMS 0x000000009f300000| PB 0x000000009f300000| Untracked 
| 500|0x000000009f400000, 0x000000009f400000, 0x000000009f500000|  0%| F|  |TAMS 0x000000009f400000| PB 0x000000009f400000| Untracked 
| 501|0x000000009f500000, 0x000000009f500000, 0x000000009f600000|  0%| F|  |TAMS 0x000000009f500000| PB 0x000000009f500000| Untracked 
| 502|0x000000009f600000, 0x000000009f600000, 0x000000009f700000|  0%| F|  |TAMS 0x000000009f600000| PB 0x000000009f600000| Untracked 
| 503|0x000000009f700000, 0x000000009f700000, 0x000000009f800000|  0%| F|  |TAMS 0x000000009f700000| PB 0x000000009f700000| Untracked 
| 504|0x000000009f800000, 0x000000009f800000, 0x000000009f900000|  0%| F|  |TAMS 0x000000009f800000| PB 0x000000009f800000| Untracked 
| 505|0x000000009f900000, 0x000000009f900000, 0x000000009fa00000|  0%| F|  |TAMS 0x000000009f900000| PB 0x000000009f900000| Untracked 
| 506|0x000000009fa00000, 0x000000009fa00000, 0x000000009fb00000|  0%| F|  |TAMS 0x000000009fa00000| PB 0x000000009fa00000| Untracked 
| 507|0x000000009fb00000, 0x000000009fb00000, 0x000000009fc00000|  0%| F|  |TAMS 0x000000009fb00000| PB 0x000000009fb00000| Untracked 
| 508|0x000000009fc00000, 0x000000009fc00000, 0x000000009fd00000|  0%| F|  |TAMS 0x000000009fc00000| PB 0x000000009fc00000| Untracked 
| 509|0x000000009fd00000, 0x000000009fd00000, 0x000000009fe00000|  0%| F|  |TAMS 0x000000009fd00000| PB 0x000000009fd00000| Untracked 
| 510|0x000000009fe00000, 0x000000009fe00000, 0x000000009ff00000|  0%| F|  |TAMS 0x000000009fe00000| PB 0x000000009fe00000| Untracked 
| 511|0x000000009ff00000, 0x000000009ff00000, 0x00000000a0000000|  0%| F|  |TAMS 0x000000009ff00000| PB 0x000000009ff00000| Untracked 
| 512|0x00000000a0000000, 0x00000000a0000000, 0x00000000a0100000|  0%| F|  |TAMS 0x00000000a0000000| PB 0x00000000a0000000| Untracked 
| 513|0x00000000a0100000, 0x00000000a0100000, 0x00000000a0200000|  0%| F|  |TAMS 0x00000000a0100000| PB 0x00000000a0100000| Untracked 
| 514|0x00000000a0200000, 0x00000000a0200000, 0x00000000a0300000|  0%| F|  |TAMS 0x00000000a0200000| PB 0x00000000a0200000| Untracked 
| 515|0x00000000a0300000, 0x00000000a0300000, 0x00000000a0400000|  0%| F|  |TAMS 0x00000000a0300000| PB 0x00000000a0300000| Untracked 
| 516|0x00000000a0400000, 0x00000000a0400000, 0x00000000a0500000|  0%| F|  |TAMS 0x00000000a0400000| PB 0x00000000a0400000| Untracked 
| 517|0x00000000a0500000, 0x00000000a0500000, 0x00000000a0600000|  0%| F|  |TAMS 0x00000000a0500000| PB 0x00000000a0500000| Untracked 
| 518|0x00000000a0600000, 0x00000000a0600000, 0x00000000a0700000|  0%| F|  |TAMS 0x00000000a0600000| PB 0x00000000a0600000| Untracked 
| 519|0x00000000a0700000, 0x00000000a0700000, 0x00000000a0800000|  0%| F|  |TAMS 0x00000000a0700000| PB 0x00000000a0700000| Untracked 
| 520|0x00000000a0800000, 0x00000000a0800000, 0x00000000a0900000|  0%| F|  |TAMS 0x00000000a0800000| PB 0x00000000a0800000| Untracked 
| 521|0x00000000a0900000, 0x00000000a0900000, 0x00000000a0a00000|  0%| F|  |TAMS 0x00000000a0900000| PB 0x00000000a0900000| Untracked 
| 522|0x00000000a0a00000, 0x00000000a0a00000, 0x00000000a0b00000|  0%| F|  |TAMS 0x00000000a0a00000| PB 0x00000000a0a00000| Untracked 
| 523|0x00000000a0b00000, 0x00000000a0b00000, 0x00000000a0c00000|  0%| F|  |TAMS 0x00000000a0b00000| PB 0x00000000a0b00000| Untracked 
| 524|0x00000000a0c00000, 0x00000000a0c00000, 0x00000000a0d00000|  0%| F|  |TAMS 0x00000000a0c00000| PB 0x00000000a0c00000| Untracked 
| 525|0x00000000a0d00000, 0x00000000a0d00000, 0x00000000a0e00000|  0%| F|  |TAMS 0x00000000a0d00000| PB 0x00000000a0d00000| Untracked 
| 526|0x00000000a0e00000, 0x00000000a0e00000, 0x00000000a0f00000|  0%| F|  |TAMS 0x00000000a0e00000| PB 0x00000000a0e00000| Untracked 
| 527|0x00000000a0f00000, 0x00000000a0f00000, 0x00000000a1000000|  0%| F|  |TAMS 0x00000000a0f00000| PB 0x00000000a0f00000| Untracked 
| 528|0x00000000a1000000, 0x00000000a1000000, 0x00000000a1100000|  0%| F|  |TAMS 0x00000000a1000000| PB 0x00000000a1000000| Untracked 
| 529|0x00000000a1100000, 0x00000000a1100000, 0x00000000a1200000|  0%| F|  |TAMS 0x00000000a1100000| PB 0x00000000a1100000| Untracked 
| 530|0x00000000a1200000, 0x00000000a1200000, 0x00000000a1300000|  0%| F|  |TAMS 0x00000000a1200000| PB 0x00000000a1200000| Untracked 
| 531|0x00000000a1300000, 0x00000000a1300000, 0x00000000a1400000|  0%| F|  |TAMS 0x00000000a1300000| PB 0x00000000a1300000| Untracked 
| 532|0x00000000a1400000, 0x00000000a1400000, 0x00000000a1500000|  0%| F|  |TAMS 0x00000000a1400000| PB 0x00000000a1400000| Untracked 
| 533|0x00000000a1500000, 0x00000000a1500000, 0x00000000a1600000|  0%| F|  |TAMS 0x00000000a1500000| PB 0x00000000a1500000| Untracked 
| 534|0x00000000a1600000, 0x00000000a1600000, 0x00000000a1700000|  0%| F|  |TAMS 0x00000000a1600000| PB 0x00000000a1600000| Untracked 
| 535|0x00000000a1700000, 0x00000000a1700000, 0x00000000a1800000|  0%| F|  |TAMS 0x00000000a1700000| PB 0x00000000a1700000| Untracked 
| 536|0x00000000a1800000, 0x00000000a1800000, 0x00000000a1900000|  0%| F|  |TAMS 0x00000000a1800000| PB 0x00000000a1800000| Untracked 
| 537|0x00000000a1900000, 0x00000000a1900000, 0x00000000a1a00000|  0%| F|  |TAMS 0x00000000a1900000| PB 0x00000000a1900000| Untracked 
| 538|0x00000000a1a00000, 0x00000000a1a00000, 0x00000000a1b00000|  0%| F|  |TAMS 0x00000000a1a00000| PB 0x00000000a1a00000| Untracked 
| 539|0x00000000a1b00000, 0x00000000a1b00000, 0x00000000a1c00000|  0%| F|  |TAMS 0x00000000a1b00000| PB 0x00000000a1b00000| Untracked 
| 540|0x00000000a1c00000, 0x00000000a1c00000, 0x00000000a1d00000|  0%| F|  |TAMS 0x00000000a1c00000| PB 0x00000000a1c00000| Untracked 
| 541|0x00000000a1d00000, 0x00000000a1d00000, 0x00000000a1e00000|  0%| F|  |TAMS 0x00000000a1d00000| PB 0x00000000a1d00000| Untracked 
| 542|0x00000000a1e00000, 0x00000000a1e00000, 0x00000000a1f00000|  0%| F|  |TAMS 0x00000000a1e00000| PB 0x00000000a1e00000| Untracked 
| 543|0x00000000a1f00000, 0x00000000a1f00000, 0x00000000a2000000|  0%| F|  |TAMS 0x00000000a1f00000| PB 0x00000000a1f00000| Untracked 
| 544|0x00000000a2000000, 0x00000000a2000000, 0x00000000a2100000|  0%| F|  |TAMS 0x00000000a2000000| PB 0x00000000a2000000| Untracked 
| 545|0x00000000a2100000, 0x00000000a2100000, 0x00000000a2200000|  0%| F|  |TAMS 0x00000000a2100000| PB 0x00000000a2100000| Untracked 
| 546|0x00000000a2200000, 0x00000000a2200000, 0x00000000a2300000|  0%| F|  |TAMS 0x00000000a2200000| PB 0x00000000a2200000| Untracked 
| 547|0x00000000a2300000, 0x00000000a2300000, 0x00000000a2400000|  0%| F|  |TAMS 0x00000000a2300000| PB 0x00000000a2300000| Untracked 
| 548|0x00000000a2400000, 0x00000000a2400000, 0x00000000a2500000|  0%| F|  |TAMS 0x00000000a2400000| PB 0x00000000a2400000| Untracked 
| 549|0x00000000a2500000, 0x00000000a2500000, 0x00000000a2600000|  0%| F|  |TAMS 0x00000000a2500000| PB 0x00000000a2500000| Untracked 
| 550|0x00000000a2600000, 0x00000000a2600000, 0x00000000a2700000|  0%| F|  |TAMS 0x00000000a2600000| PB 0x00000000a2600000| Untracked 
| 551|0x00000000a2700000, 0x00000000a2700000, 0x00000000a2800000|  0%| F|  |TAMS 0x00000000a2700000| PB 0x00000000a2700000| Untracked 
| 552|0x00000000a2800000, 0x00000000a2800000, 0x00000000a2900000|  0%| F|  |TAMS 0x00000000a2800000| PB 0x00000000a2800000| Untracked 
| 553|0x00000000a2900000, 0x00000000a2900000, 0x00000000a2a00000|  0%| F|  |TAMS 0x00000000a2900000| PB 0x00000000a2900000| Untracked 
| 554|0x00000000a2a00000, 0x00000000a2a00000, 0x00000000a2b00000|  0%| F|  |TAMS 0x00000000a2a00000| PB 0x00000000a2a00000| Untracked 
| 555|0x00000000a2b00000, 0x00000000a2b00000, 0x00000000a2c00000|  0%| F|  |TAMS 0x00000000a2b00000| PB 0x00000000a2b00000| Untracked 
| 556|0x00000000a2c00000, 0x00000000a2c00000, 0x00000000a2d00000|  0%| F|  |TAMS 0x00000000a2c00000| PB 0x00000000a2c00000| Untracked 
| 557|0x00000000a2d00000, 0x00000000a2d00000, 0x00000000a2e00000|  0%| F|  |TAMS 0x00000000a2d00000| PB 0x00000000a2d00000| Untracked 
| 558|0x00000000a2e00000, 0x00000000a2e00000, 0x00000000a2f00000|  0%| F|  |TAMS 0x00000000a2e00000| PB 0x00000000a2e00000| Untracked 
| 559|0x00000000a2f00000, 0x00000000a2f00000, 0x00000000a3000000|  0%| F|  |TAMS 0x00000000a2f00000| PB 0x00000000a2f00000| Untracked 
| 560|0x00000000a3000000, 0x00000000a3000000, 0x00000000a3100000|  0%| F|  |TAMS 0x00000000a3000000| PB 0x00000000a3000000| Untracked 
| 561|0x00000000a3100000, 0x00000000a3100000, 0x00000000a3200000|  0%| F|  |TAMS 0x00000000a3100000| PB 0x00000000a3100000| Untracked 
| 562|0x00000000a3200000, 0x00000000a3200000, 0x00000000a3300000|  0%| F|  |TAMS 0x00000000a3200000| PB 0x00000000a3200000| Untracked 
| 563|0x00000000a3300000, 0x00000000a3300000, 0x00000000a3400000|  0%| F|  |TAMS 0x00000000a3300000| PB 0x00000000a3300000| Untracked 
| 564|0x00000000a3400000, 0x00000000a3400000, 0x00000000a3500000|  0%| F|  |TAMS 0x00000000a3400000| PB 0x00000000a3400000| Untracked 
| 565|0x00000000a3500000, 0x00000000a3500000, 0x00000000a3600000|  0%| F|  |TAMS 0x00000000a3500000| PB 0x00000000a3500000| Untracked 
| 566|0x00000000a3600000, 0x00000000a3600000, 0x00000000a3700000|  0%| F|  |TAMS 0x00000000a3600000| PB 0x00000000a3600000| Untracked 
| 567|0x00000000a3700000, 0x00000000a3700000, 0x00000000a3800000|  0%| F|  |TAMS 0x00000000a3700000| PB 0x00000000a3700000| Untracked 
| 568|0x00000000a3800000, 0x00000000a3800000, 0x00000000a3900000|  0%| F|  |TAMS 0x00000000a3800000| PB 0x00000000a3800000| Untracked 
| 569|0x00000000a3900000, 0x00000000a3900000, 0x00000000a3a00000|  0%| F|  |TAMS 0x00000000a3900000| PB 0x00000000a3900000| Untracked 
| 570|0x00000000a3a00000, 0x00000000a3a00000, 0x00000000a3b00000|  0%| F|  |TAMS 0x00000000a3a00000| PB 0x00000000a3a00000| Untracked 
| 571|0x00000000a3b00000, 0x00000000a3b00000, 0x00000000a3c00000|  0%| F|  |TAMS 0x00000000a3b00000| PB 0x00000000a3b00000| Untracked 
| 572|0x00000000a3c00000, 0x00000000a3c00000, 0x00000000a3d00000|  0%| F|  |TAMS 0x00000000a3c00000| PB 0x00000000a3c00000| Untracked 
| 573|0x00000000a3d00000, 0x00000000a3d00000, 0x00000000a3e00000|  0%| F|  |TAMS 0x00000000a3d00000| PB 0x00000000a3d00000| Untracked 
| 574|0x00000000a3e00000, 0x00000000a3e00000, 0x00000000a3f00000|  0%| F|  |TAMS 0x00000000a3e00000| PB 0x00000000a3e00000| Untracked 
| 575|0x00000000a3f00000, 0x00000000a3f00000, 0x00000000a4000000|  0%| F|  |TAMS 0x00000000a3f00000| PB 0x00000000a3f00000| Untracked 
| 576|0x00000000a4000000, 0x00000000a4000000, 0x00000000a4100000|  0%| F|  |TAMS 0x00000000a4000000| PB 0x00000000a4000000| Untracked 
| 577|0x00000000a4100000, 0x00000000a4100000, 0x00000000a4200000|  0%| F|  |TAMS 0x00000000a4100000| PB 0x00000000a4100000| Untracked 
| 578|0x00000000a4200000, 0x00000000a4200000, 0x00000000a4300000|  0%| F|  |TAMS 0x00000000a4200000| PB 0x00000000a4200000| Untracked 
| 579|0x00000000a4300000, 0x00000000a4300000, 0x00000000a4400000|  0%| F|  |TAMS 0x00000000a4300000| PB 0x00000000a4300000| Untracked 
| 580|0x00000000a4400000, 0x00000000a4400000, 0x00000000a4500000|  0%| F|  |TAMS 0x00000000a4400000| PB 0x00000000a4400000| Untracked 
| 581|0x00000000a4500000, 0x00000000a4500000, 0x00000000a4600000|  0%| F|  |TAMS 0x00000000a4500000| PB 0x00000000a4500000| Untracked 
| 582|0x00000000a4600000, 0x00000000a4600000, 0x00000000a4700000|  0%| F|  |TAMS 0x00000000a4600000| PB 0x00000000a4600000| Untracked 
| 583|0x00000000a4700000, 0x00000000a4700000, 0x00000000a4800000|  0%| F|  |TAMS 0x00000000a4700000| PB 0x00000000a4700000| Untracked 
| 584|0x00000000a4800000, 0x00000000a4800000, 0x00000000a4900000|  0%| F|  |TAMS 0x00000000a4800000| PB 0x00000000a4800000| Untracked 
| 585|0x00000000a4900000, 0x00000000a4900000, 0x00000000a4a00000|  0%| F|  |TAMS 0x00000000a4900000| PB 0x00000000a4900000| Untracked 
| 586|0x00000000a4a00000, 0x00000000a4a00000, 0x00000000a4b00000|  0%| F|  |TAMS 0x00000000a4a00000| PB 0x00000000a4a00000| Untracked 
| 587|0x00000000a4b00000, 0x00000000a4b00000, 0x00000000a4c00000|  0%| F|  |TAMS 0x00000000a4b00000| PB 0x00000000a4b00000| Untracked 
| 588|0x00000000a4c00000, 0x00000000a4c00000, 0x00000000a4d00000|  0%| F|  |TAMS 0x00000000a4c00000| PB 0x00000000a4c00000| Untracked 
| 589|0x00000000a4d00000, 0x00000000a4d00000, 0x00000000a4e00000|  0%| F|  |TAMS 0x00000000a4d00000| PB 0x00000000a4d00000| Untracked 
| 590|0x00000000a4e00000, 0x00000000a4e00000, 0x00000000a4f00000|  0%| F|  |TAMS 0x00000000a4e00000| PB 0x00000000a4e00000| Untracked 
| 591|0x00000000a4f00000, 0x00000000a4f00000, 0x00000000a5000000|  0%| F|  |TAMS 0x00000000a4f00000| PB 0x00000000a4f00000| Untracked 
| 592|0x00000000a5000000, 0x00000000a5000000, 0x00000000a5100000|  0%| F|  |TAMS 0x00000000a5000000| PB 0x00000000a5000000| Untracked 
| 593|0x00000000a5100000, 0x00000000a5100000, 0x00000000a5200000|  0%| F|  |TAMS 0x00000000a5100000| PB 0x00000000a5100000| Untracked 
| 594|0x00000000a5200000, 0x00000000a5200000, 0x00000000a5300000|  0%| F|  |TAMS 0x00000000a5200000| PB 0x00000000a5200000| Untracked 
| 595|0x00000000a5300000, 0x00000000a5300000, 0x00000000a5400000|  0%| F|  |TAMS 0x00000000a5300000| PB 0x00000000a5300000| Untracked 
| 596|0x00000000a5400000, 0x00000000a5400000, 0x00000000a5500000|  0%| F|  |TAMS 0x00000000a5400000| PB 0x00000000a5400000| Untracked 
| 597|0x00000000a5500000, 0x00000000a5500000, 0x00000000a5600000|  0%| F|  |TAMS 0x00000000a5500000| PB 0x00000000a5500000| Untracked 
| 598|0x00000000a5600000, 0x00000000a5600000, 0x00000000a5700000|  0%| F|  |TAMS 0x00000000a5600000| PB 0x00000000a5600000| Untracked 
| 599|0x00000000a5700000, 0x00000000a5700000, 0x00000000a5800000|  0%| F|  |TAMS 0x00000000a5700000| PB 0x00000000a5700000| Untracked 
| 600|0x00000000a5800000, 0x00000000a5800000, 0x00000000a5900000|  0%| F|  |TAMS 0x00000000a5800000| PB 0x00000000a5800000| Untracked 
| 601|0x00000000a5900000, 0x00000000a5900000, 0x00000000a5a00000|  0%| F|  |TAMS 0x00000000a5900000| PB 0x00000000a5900000| Untracked 
| 602|0x00000000a5a00000, 0x00000000a5a00000, 0x00000000a5b00000|  0%| F|  |TAMS 0x00000000a5a00000| PB 0x00000000a5a00000| Untracked 
|2032|0x00000000ff000000, 0x00000000ff000000, 0x00000000ff100000|  0%| F|  |TAMS 0x00000000ff000000| PB 0x00000000ff000000| Untracked 
|2033|0x00000000ff100000, 0x00000000ff100000, 0x00000000ff200000|  0%| F|  |TAMS 0x00000000ff100000| PB 0x00000000ff100000| Untracked 
|2034|0x00000000ff200000, 0x00000000ff300000, 0x00000000ff300000|100%| O|  |TAMS 0x00000000ff300000| PB 0x00000000ff200000| Untracked 
|2035|0x00000000ff300000, 0x00000000ff300000, 0x00000000ff400000|  0%| F|  |TAMS 0x00000000ff300000| PB 0x00000000ff300000| Untracked 
|2036|0x00000000ff400000, 0x00000000ff500000, 0x00000000ff500000|100%| O|  |TAMS 0x00000000ff500000| PB 0x00000000ff400000| Untracked 
|2037|0x00000000ff500000, 0x00000000ff600000, 0x00000000ff600000|100%| O|  |TAMS 0x00000000ff600000| PB 0x00000000ff500000| Untracked 
|2038|0x00000000ff600000, 0x00000000ff600000, 0x00000000ff700000|  0%| F|  |TAMS 0x00000000ff600000| PB 0x00000000ff600000| Untracked 
|2039|0x00000000ff700000, 0x00000000ff700000, 0x00000000ff800000|  0%| F|  |TAMS 0x00000000ff700000| PB 0x00000000ff700000| Untracked 
|2040|0x00000000ff800000, 0x00000000ff800000, 0x00000000ff900000|  0%| F|  |TAMS 0x00000000ff800000| PB 0x00000000ff800000| Untracked 
|2041|0x00000000ff900000, 0x00000000ff900000, 0x00000000ffa00000|  0%| F|  |TAMS 0x00000000ff900000| PB 0x00000000ff900000| Untracked 
|2042|0x00000000ffa00000, 0x00000000ffb00000, 0x00000000ffb00000|100%| O|  |TAMS 0x00000000ffb00000| PB 0x00000000ffa00000| Untracked 
|2043|0x00000000ffb00000, 0x00000000ffc00000, 0x00000000ffc00000|100%| O|  |TAMS 0x00000000ffc00000| PB 0x00000000ffb00000| Untracked 
|2044|0x00000000ffc00000, 0x00000000ffd00000, 0x00000000ffd00000|100%| O|  |TAMS 0x00000000ffd00000| PB 0x00000000ffc00000| Untracked 
|2045|0x00000000ffd00000, 0x00000000ffe00000, 0x00000000ffe00000|100%| O|  |TAMS 0x00000000ffe00000| PB 0x00000000ffd00000| Untracked 
|2046|0x00000000ffe00000, 0x00000000fff00000, 0x00000000fff00000|100%| O|  |TAMS 0x00000000fff00000| PB 0x00000000ffe00000| Untracked 
|2047|0x00000000fff00000, 0x0000000100000000, 0x0000000100000000|100%| O|  |TAMS 0x0000000100000000| PB 0x00000000fff00000| Untracked 

Card table byte_map: [0x000001d6f03d0000,0x000001d6f07d0000] _byte_map_base: 0x000001d6effd0000

Marking Bits: (CMBitMap*) 0x000001d6ddba8830
 Bits: [0x000001d6f07d0000, 0x000001d6f27d0000)

Polling page: 0x000001d6db920000

Metaspace:

Usage:
  Non-class:    124.23 MB used.
      Class:     20.34 MB used.
       Both:    144.57 MB used.

Virtual space:
  Non-class space:      128.00 MB reserved,     125.25 MB ( 98%) committed,  2 nodes.
      Class space:      416.00 MB reserved,      21.31 MB (  5%) committed,  1 nodes.
             Both:      544.00 MB reserved,     146.56 MB ( 27%) committed. 

Chunk freelists:
   Non-Class:  1.82 MB
       Class:  10.58 MB
        Both:  12.40 MB

MaxMetaspaceSize: 512.00 MB
CompressedClassSpaceSize: 416.00 MB
Initial GC threshold: 21.00 MB
Current GC threshold: 244.06 MB
CDS: off
 - commit_granule_bytes: 65536.
 - commit_granule_words: 8192.
 - virtual_space_node_default_size: 8388608.
 - enlarge_chunks_in_place: 1.
 - use_allocation_guard: 0.


Internal statistics:

num_allocs_failed_limit: 9.
num_arena_births: 4220.
num_arena_deaths: 20.
num_vsnodes_births: 3.
num_vsnodes_deaths: 0.
num_space_committed: 2344.
num_space_uncommitted: 0.
num_chunks_returned_to_freelist: 37.
num_chunks_taken_from_freelist: 10332.
num_chunk_merges: 15.
num_chunk_splits: 6936.
num_chunks_enlarged: 4648.
num_inconsistent_stats: 0.

CodeHeap 'non-profiled nmethods': size=120000Kb used=12102Kb max_used=12610Kb free=107897Kb
 bounds [0x000001d6e8770000, 0x000001d6e9420000, 0x000001d6efca0000]
CodeHeap 'profiled nmethods': size=120000Kb used=36832Kb max_used=40163Kb free=83167Kb
 bounds [0x000001d6e0ca0000, 0x000001d6e3400000, 0x000001d6e81d0000]
CodeHeap 'non-nmethods': size=5760Kb used=2191Kb max_used=2305Kb free=3569Kb
 bounds [0x000001d6e81d0000, 0x000001d6e8440000, 0x000001d6e8770000]
CodeCache: size=245760Kb, used=51125Kb, max_used=55078Kb, free=194633Kb
 total_blobs=18564, nmethods=17652, adapters=815, full_count=0
Compilation: enabled, stopped_count=0, restarted_count=0

Compilation events (20 events):
Event: 46.082 Thread 0x000001d6f545aea0 23255       2       org.gradle.internal.snapshot.AbstractStorePathRelationshipHandler::handleSiblingOfChild (93 bytes)
Event: 46.083 Thread 0x000001d6f545aea0 nmethod 23255 0x000001d6e0f2df10 code [0x000001d6e0f2e140, 0x000001d6e0f2e6a0]
Event: 46.088 Thread 0x000001d6f545aea0 23256   !   2       sun.nio.cs.US_ASCII$Encoder::encodeBufferLoop (135 bytes)
Event: 46.089 Thread 0x000001d6f545aea0 nmethod 23256 0x000001d6e1178b90 code [0x000001d6e1178de0, 0x000001d6e11792b0]
Event: 46.111 Thread 0x000001d6f545aea0 23258       3       org.apache.commons.compress.utils.FixedLengthBlockOutputStream::maybeFlush (15 bytes)
Event: 46.112 Thread 0x000001d6f545aea0 nmethod 23258 0x000001d6e1158310 code [0x000001d6e11584c0, 0x000001d6e11586e8]
Event: 46.112 Thread 0x000001d6f545aea0 23259   !   3       org.apache.commons.compress.utils.FixedLengthBlockOutputStream$BufferAtATimeOutputChannel::write (84 bytes)
Event: 46.114 Thread 0x000001d6f545aea0 nmethod 23259 0x000001d6e2d7f890 code [0x000001d6e2d7fc20, 0x000001d6e2d81108]
Event: 46.114 Thread 0x000001d6f545aea0 23260   !   3       org.apache.commons.io.output.ProxyOutputStream::write (32 bytes)
Event: 46.115 Thread 0x000001d6f545aea0 nmethod 23260 0x000001d6e11bb890 code [0x000001d6e11bba60, 0x000001d6e11bbee8]
Event: 46.115 Thread 0x000001d6f545aea0 23262       3       org.apache.commons.compress.utils.FixedLengthBlockOutputStream::writeBlock (87 bytes)
Event: 46.117 Thread 0x000001d6f545aea0 nmethod 23262 0x000001d6e113a010 code [0x000001d6e113a340, 0x000001d6e113b778]
Event: 46.126 Thread 0x000001d6f545aea0 23264       2       java.util.ArrayDeque::bulkRemove (99 bytes)
Event: 46.127 Thread 0x000001d6f545aea0 nmethod 23264 0x000001d6e14a4b90 code [0x000001d6e14a4d80, 0x000001d6e14a5150]
Event: 46.127 Thread 0x000001d6f545aea0 23263       2       java.util.ArrayDeque::removeIf (11 bytes)
Event: 46.127 Thread 0x000001d6f545aea0 nmethod 23263 0x000001d6e0ff7710 code [0x000001d6e0ff78c0, 0x000001d6e0ff7aa0]
Event: 46.127 Thread 0x000001d6f545aea0 23265       1       com.android.tools.r8.internal.M3::n (2 bytes)
Event: 46.128 Thread 0x000001d6f545aea0 nmethod 23265 0x000001d6e87a9210 code [0x000001d6e87a93a0, 0x000001d6e87a9468]
Event: 46.183 Thread 0x000001d6f545aea0 23268       2       org.gradle.internal.snapshot.EmptyChildMap::stream (4 bytes)
Event: 46.183 Thread 0x000001d6f545aea0 nmethod 23268 0x000001d6e11ed710 code [0x000001d6e11ed8c0, 0x000001d6e11ed9f0]

GC Heap History (20 events):
Event: 36.888 GC heap after
{Heap after GC invocations=66 (full 0):
 garbage-first heap   total 633856K, used 333310K [0x0000000080000000, 0x0000000100000000)
  region size 1024K, 24 young (24576K), 24 survivors (24576K)
 Metaspace       used 144800K, committed 146880K, reserved 557056K
  class space    used 20388K, committed 21440K, reserved 425984K
}
Event: 38.011 GC heap before
{Heap before GC invocations=66 (full 0):
 garbage-first heap   total 633856K, used 570878K [0x0000000080000000, 0x0000000100000000)
  region size 1024K, 256 young (262144K), 24 survivors (24576K)
 Metaspace       used 147290K, committed 149376K, reserved 557056K
  class space    used 20775K, committed 21760K, reserved 425984K
}
Event: 38.040 GC heap after
{Heap after GC invocations=67 (full 0):
 garbage-first heap   total 633856K, used 335220K [0x0000000080000000, 0x0000000100000000)
  region size 1024K, 15 young (15360K), 15 survivors (15360K)
 Metaspace       used 147290K, committed 149376K, reserved 557056K
  class space    used 20775K, committed 21760K, reserved 425984K
}
Event: 39.636 GC heap before
{Heap before GC invocations=68 (full 0):
 garbage-first heap   total 633856K, used 585076K [0x0000000080000000, 0x0000000100000000)
  region size 1024K, 259 young (265216K), 15 survivors (15360K)
 Metaspace       used 147558K, committed 149696K, reserved 557056K
  class space    used 20794K, committed 21824K, reserved 425984K
}
Event: 39.657 GC heap after
{Heap after GC invocations=69 (full 0):
 garbage-first heap   total 633856K, used 341744K [0x0000000080000000, 0x0000000100000000)
  region size 1024K, 21 young (21504K), 21 survivors (21504K)
 Metaspace       used 147558K, committed 149696K, reserved 557056K
  class space    used 20794K, committed 21824K, reserved 425984K
}
Event: 40.451 GC heap before
{Heap before GC invocations=69 (full 0):
 garbage-first heap   total 633856K, used 579312K [0x0000000080000000, 0x0000000100000000)
  region size 1024K, 253 young (259072K), 21 survivors (21504K)
 Metaspace       used 147662K, committed 149760K, reserved 557056K
  class space    used 20805K, committed 21824K, reserved 425984K
}
Event: 40.484 GC heap after
{Heap after GC invocations=70 (full 0):
 garbage-first heap   total 633856K, used 345419K [0x0000000080000000, 0x0000000100000000)
  region size 1024K, 19 young (19456K), 19 survivors (19456K)
 Metaspace       used 147662K, committed 149760K, reserved 557056K
  class space    used 20805K, committed 21824K, reserved 425984K
}
Event: 41.319 GC heap before
{Heap before GC invocations=70 (full 0):
 garbage-first heap   total 633856K, used 580939K [0x0000000080000000, 0x0000000100000000)
  region size 1024K, 249 young (254976K), 19 survivors (19456K)
 Metaspace       used 147830K, committed 149888K, reserved 557056K
  class space    used 20822K, committed 21824K, reserved 425984K
}
Event: 41.339 GC heap after
{Heap after GC invocations=71 (full 0):
 garbage-first heap   total 633856K, used 345795K [0x0000000080000000, 0x0000000100000000)
  region size 1024K, 17 young (17408K), 17 survivors (17408K)
 Metaspace       used 147830K, committed 149888K, reserved 557056K
  class space    used 20822K, committed 21824K, reserved 425984K
}
Event: 42.706 GC heap before
{Heap before GC invocations=72 (full 0):
 garbage-first heap   total 633856K, used 582339K [0x0000000080000000, 0x0000000100000000)
  region size 1024K, 248 young (253952K), 17 survivors (17408K)
 Metaspace       used 147917K, committed 150016K, reserved 557056K
  class space    used 20823K, committed 21824K, reserved 425984K
}
Event: 42.733 GC heap after
{Heap after GC invocations=73 (full 0):
 garbage-first heap   total 633856K, used 362687K [0x0000000080000000, 0x0000000100000000)
  region size 1024K, 31 young (31744K), 31 survivors (31744K)
 Metaspace       used 147917K, committed 150016K, reserved 557056K
  class space    used 20823K, committed 21824K, reserved 425984K
}
Event: 43.223 GC heap before
{Heap before GC invocations=73 (full 0):
 garbage-first heap   total 633856K, used 567487K [0x0000000080000000, 0x0000000100000000)
  region size 1024K, 232 young (237568K), 31 survivors (31744K)
 Metaspace       used 147940K, committed 150016K, reserved 557056K
  class space    used 20825K, committed 21824K, reserved 425984K
}
Event: 43.255 GC heap after
{Heap after GC invocations=74 (full 0):
 garbage-first heap   total 633856K, used 371111K [0x0000000080000000, 0x0000000100000000)
  region size 1024K, 15 young (15360K), 15 survivors (15360K)
 Metaspace       used 147940K, committed 150016K, reserved 557056K
  class space    used 20825K, committed 21824K, reserved 425984K
}
Event: 43.857 GC heap before
{Heap before GC invocations=74 (full 0):
 garbage-first heap   total 633856K, used 584103K [0x0000000080000000, 0x0000000100000000)
  region size 1024K, 224 young (229376K), 15 survivors (15360K)
 Metaspace       used 147962K, committed 150016K, reserved 557056K
  class space    used 20825K, committed 21824K, reserved 425984K
}
Event: 43.877 GC heap after
{Heap after GC invocations=75 (full 0):
 garbage-first heap   total 633856K, used 378279K [0x0000000080000000, 0x0000000100000000)
  region size 1024K, 22 young (22528K), 22 survivors (22528K)
 Metaspace       used 147962K, committed 150016K, reserved 557056K
  class space    used 20825K, committed 21824K, reserved 425984K
}
Event: 45.209 GC heap before
{Heap before GC invocations=76 (full 0):
 garbage-first heap   total 633856K, used 576935K [0x0000000080000000, 0x0000000100000000)
  region size 1024K, 217 young (222208K), 22 survivors (22528K)
 Metaspace       used 147990K, committed 150080K, reserved 557056K
  class space    used 20825K, committed 21824K, reserved 425984K
}
Event: 45.236 GC heap after
{Heap after GC invocations=77 (full 0):
 garbage-first heap   total 633856K, used 386175K [0x0000000080000000, 0x0000000100000000)
  region size 1024K, 19 young (19456K), 19 survivors (19456K)
 Metaspace       used 147990K, committed 150080K, reserved 557056K
  class space    used 20825K, committed 21824K, reserved 425984K
}
Event: 45.751 GC heap before
{Heap before GC invocations=77 (full 0):
 garbage-first heap   total 633856K, used 579711K [0x0000000080000000, 0x0000000100000000)
  region size 1024K, 209 young (214016K), 19 survivors (19456K)
 Metaspace       used 148014K, committed 150080K, reserved 557056K
  class space    used 20826K, committed 21824K, reserved 425984K
}
Event: 45.793 GC heap after
{Heap after GC invocations=78 (full 0):
 garbage-first heap   total 633856K, used 396131K [0x0000000080000000, 0x0000000100000000)
  region size 1024K, 24 young (24576K), 24 survivors (24576K)
 Metaspace       used 148014K, committed 150080K, reserved 557056K
  class space    used 20826K, committed 21824K, reserved 425984K
}
Event: 46.189 GC heap before
{Heap before GC invocations=78 (full 0):
 garbage-first heap   total 633856K, used 575331K [0x0000000080000000, 0x0000000100000000)
  region size 1024K, 200 young (204800K), 24 survivors (24576K)
 Metaspace       used 148037K, committed 150080K, reserved 557056K
  class space    used 20826K, committed 21824K, reserved 425984K
}

Dll operation events (3 events):
Event: 0.015 Loaded shared library C:\Program Files\Android\Android Studio\jbr\bin\java.dll
Event: 0.019 Loaded shared library C:\Program Files\Android\Android Studio\jbr\bin\zip.dll
Event: 0.550 Loaded shared library C:\Program Files\Android\Android Studio\jbr\bin\verify.dll

Deoptimization events (20 events):
Event: 46.004 Thread 0x000001d6fc5ef780 DEOPT PACKING pc=0x000001d6e25f87c7 sp=0x0000008e34ef9860
Event: 46.004 Thread 0x000001d680f81dc0 DEOPT PACKING pc=0x000001d6e33c756a sp=0x0000008e364f8460
Event: 46.004 Thread 0x000001d6fc5ef780 DEOPT UNPACKING pc=0x000001d6e8224e42 sp=0x0000008e34ef8f88 mode 0
Event: 46.004 Thread 0x000001d680f81dc0 DEOPT UNPACKING pc=0x000001d6e8224e42 sp=0x0000008e364f7cd0 mode 0
Event: 46.016 Thread 0x000001d6fe40a740 DEOPT PACKING pc=0x000001d6e3089285 sp=0x0000008e352faa20
Event: 46.016 Thread 0x000001d6fe40a740 DEOPT UNPACKING pc=0x000001d6e8224e42 sp=0x0000008e352f9f20 mode 0
Event: 46.034 Thread 0x000001d6fe40a0b0 DEOPT PACKING pc=0x000001d6e2a0dd7e sp=0x0000008e351f8e90
Event: 46.034 Thread 0x000001d6fe40a0b0 DEOPT UNPACKING pc=0x000001d6e8224e42 sp=0x0000008e351f85c0 mode 0
Event: 46.062 Thread 0x000001d6fc5ec990 DEOPT PACKING pc=0x000001d6e32589c3 sp=0x0000008e34dfa0a0
Event: 46.062 Thread 0x000001d6fc5ec990 DEOPT UNPACKING pc=0x000001d6e8224e42 sp=0x0000008e34df9948 mode 0
Event: 46.062 Thread 0x000001d680f81dc0 DEOPT PACKING pc=0x000001d6e2a0dd7e sp=0x0000008e364f89e0
Event: 46.062 Thread 0x000001d680f81dc0 DEOPT UNPACKING pc=0x000001d6e8224e42 sp=0x0000008e364f8110 mode 0
Event: 46.088 Thread 0x000001d680f83170 DEOPT PACKING pc=0x000001d6e33c661f sp=0x0000008e362f5ad0
Event: 46.088 Thread 0x000001d680f83170 DEOPT UNPACKING pc=0x000001d6e8224e42 sp=0x0000008e362f5340 mode 0
Event: 46.120 Thread 0x000001d6fc5ec990 DEOPT PACKING pc=0x000001d6e25f7b41 sp=0x0000008e34df9cc0
Event: 46.120 Thread 0x000001d6fc5ec990 DEOPT UNPACKING pc=0x000001d6e8224e42 sp=0x0000008e34df93e8 mode 0
Event: 46.131 Thread 0x000001d680f81dc0 DEOPT PACKING pc=0x000001d6e33c661f sp=0x0000008e364f88d0
Event: 46.131 Thread 0x000001d680f81dc0 DEOPT UNPACKING pc=0x000001d6e8224e42 sp=0x0000008e364f8140 mode 0
Event: 46.179 Thread 0x000001d6fb396c80 DEOPT PACKING pc=0x000001d6e184699b sp=0x0000008e33cfe500
Event: 46.179 Thread 0x000001d6fb396c80 DEOPT UNPACKING pc=0x000001d6e8224e42 sp=0x0000008e33cfda88 mode 0

Classes loaded (20 events):
Event: 37.988 Loading class java/util/Collections$UnmodifiableSortedMap
Event: 37.988 Loading class java/util/Collections$UnmodifiableSortedMap done
Event: 37.992 Loading class sun/nio/cs/ISO_8859_1$Encoder
Event: 37.993 Loading class sun/nio/cs/ISO_8859_1$Encoder done
Event: 37.993 Loading class sun/nio/cs/Surrogate$Parser
Event: 37.993 Loading class sun/nio/cs/Surrogate$Parser done
Event: 37.993 Loading class sun/nio/cs/Surrogate
Event: 37.993 Loading class sun/nio/cs/Surrogate done
Event: 38.002 Loading class java/nio/StringCharBuffer
Event: 38.003 Loading class java/nio/StringCharBuffer done
Event: 38.003 Loading class sun/nio/cs/US_ASCII$Encoder
Event: 38.004 Loading class sun/nio/cs/US_ASCII$Encoder done
Event: 38.006 Loading class java/nio/file/attribute/FileTime$1
Event: 38.006 Loading class java/nio/file/attribute/FileTime$1 done
Event: 38.041 Loading class java/net/URLEncoder
Event: 38.041 Loading class java/net/URLEncoder done
Event: 38.093 Loading class java/nio/file/StandardCopyOption
Event: 38.093 Loading class java/nio/file/StandardCopyOption done
Event: 38.093 Loading class sun/nio/fs/WindowsFileCopy
Event: 38.094 Loading class sun/nio/fs/WindowsFileCopy done

Classes unloaded (10 events):
Event: 31.058 Thread 0x000001d6f53cbff0 Unloading class 0x0000000101334000 'java/lang/invoke/LambdaForm$DMH+0x0000000101334000'
Event: 31.058 Thread 0x000001d6f53cbff0 Unloading class 0x0000000101334c00 'java/lang/invoke/LambdaForm$DMH+0x0000000101334c00'
Event: 31.058 Thread 0x000001d6f53cbff0 Unloading class 0x0000000101334800 'java/lang/invoke/LambdaForm$DMH+0x0000000101334800'
Event: 33.185 Thread 0x000001d6f53cbff0 Unloading class 0x0000000101390400 'java/lang/invoke/LambdaForm$DMH+0x0000000101390400'
Event: 38.699 Thread 0x000001d6f53cbff0 Unloading class 0x0000000101494400 'java/lang/invoke/LambdaForm$DMH+0x0000000101494400'
Event: 38.699 Thread 0x000001d6f53cbff0 Unloading class 0x0000000101494000 'java/lang/invoke/LambdaForm$DMH+0x0000000101494000'
Event: 38.699 Thread 0x000001d6f53cbff0 Unloading class 0x00000001013f9400 'java/lang/invoke/LambdaForm$DMH+0x00000001013f9400'
Event: 38.699 Thread 0x000001d6f53cbff0 Unloading class 0x00000001013f8c00 'java/lang/invoke/LambdaForm$DMH+0x00000001013f8c00'
Event: 38.699 Thread 0x000001d6f53cbff0 Unloading class 0x00000001013f8800 'java/lang/invoke/LambdaForm$DMH+0x00000001013f8800'
Event: 38.699 Thread 0x000001d6f53cbff0 Unloading class 0x00000001013f8000 'java/lang/invoke/LambdaForm$DMH+0x00000001013f8000'

Classes redefined (0 events):
No events

Internal exceptions (20 events):
Event: 32.682 Thread 0x000001d6fc5ef780 Exception <a 'java/lang/NoSuchMethodError'{0x0000000091ba69c8}: 'int java.lang.invoke.DirectMethodHandle$Holder.invokeSpecial(java.lang.Object, java.lang.Object, java.lang.Object, int, java.lang.Object)'> (0x0000000091ba69c8) 
thrown [s\src\hotspot\share\interpreter\linkResolver.cpp, line 784]
Event: 32.682 Thread 0x000001d6fe409a20 Exception <a 'java/lang/NoSuchMethodError'{0x0000000091bd88a0}: 'int java.lang.invoke.DirectMethodHandle$Holder.invokeSpecial(java.lang.Object, java.lang.Object, java.lang.Object, int, java.lang.Object)'> (0x0000000091bd88a0) 
thrown [s\src\hotspot\share\interpreter\linkResolver.cpp, line 784]
Event: 32.682 Thread 0x000001d6fe40b460 Exception <a 'java/lang/NoSuchMethodError'{0x0000000091cc6e10}: 'int java.lang.invoke.DirectMethodHandle$Holder.invokeSpecial(java.lang.Object, java.lang.Object, java.lang.Object, int, java.lang.Object)'> (0x0000000091cc6e10) 
thrown [s\src\hotspot\share\interpreter\linkResolver.cpp, line 784]
Event: 33.452 Thread 0x000001d6fe40b460 Exception <a 'java/lang/IncompatibleClassChangeError'{0x000000009a4041c8}: Found class java.lang.Object, but interface was expected> (0x000000009a4041c8) 
thrown [s\src\hotspot\share\interpreter\linkResolver.cpp, line 851]
Event: 33.866 Thread 0x000001d6fe40b460 Exception <a 'java/lang/NoSuchMethodError'{0x0000000096898ae0}: 'int java.lang.invoke.DirectMethodHandle$Holder.invokeInterface(java.lang.Object, java.lang.Object, int)'> (0x0000000096898ae0) 
thrown [s\src\hotspot\share\interpreter\linkResolver.cpp, line 784]
Event: 37.176 Thread 0x000001d6fe409a20 Exception <a 'java/lang/NoSuchMethodError'{0x00000000a2974bc0}: 'java.lang.Object java.lang.invoke.DirectMethodHandle$Holder.newInvokeSpecial(java.lang.Object, java.lang.Object, int, java.lang.Object, java.lang.Object, java.lang.Object)'> (0x00000000a2974bc0) 
thrown [s\src\hotspot\share\interpreter\linkResolver.cpp, line 784]
Event: 37.177 Thread 0x000001d6fe409a20 Exception <a 'java/lang/NoSuchMethodError'{0x00000000a297fce8}: 'void java.lang.invoke.DirectMethodHandle$Holder.invokeSpecial(java.lang.Object, java.lang.Object, java.lang.Object, int, java.lang.Object, java.lang.Object, java.lang.Object, java.lang.Object)'> (0x00000000a297fce8) 
thrown [s\src\hotspot\share\interpreter\linkResolver.cpp, line 784]
Event: 37.358 Thread 0x000001d6fe409a20 Implicit null exception at 0x000001d6e91a1900 to 0x000001d6e91a1a44
Event: 37.678 Thread 0x000001d6fe409a20 Exception <a 'java/lang/IncompatibleClassChangeError'{0x000000009b871898}: Found class java.lang.Object, but interface was expected> (0x000000009b871898) 
thrown [s\src\hotspot\share\interpreter\linkResolver.cpp, line 851]
Event: 37.921 Thread 0x000001d6fe409a20 Exception <a 'sun/nio/fs/WindowsException'{0x00000000992270f0}> (0x00000000992270f0) 
thrown [s\src\hotspot\share\prims\jni.cpp, line 537]
Event: 39.317 Thread 0x000001d6fe40b460 Exception <a 'sun/nio/fs/WindowsException'{0x000000009d52b368}> (0x000000009d52b368) 
thrown [s\src\hotspot\share\prims\jni.cpp, line 537]
Event: 39.966 Thread 0x000001d6fe409a20 Exception <a 'sun/nio/fs/WindowsException'{0x00000000a0482ab8}> (0x00000000a0482ab8) 
thrown [s\src\hotspot\share\prims\jni.cpp, line 537]
Event: 40.876 Thread 0x000001d6fe40b460 Exception <a 'java/lang/NoSuchMethodError'{0x000000009f179ec0}: 'void java.lang.invoke.DirectMethodHandle$Holder.invokeSpecialIFC(java.lang.Object, java.lang.Object, java.lang.Object, java.lang.Object)'> (0x000000009f179ec0) 
thrown [s\src\hotspot\share\interpreter\linkResolver.cpp, line 784]
Event: 40.922 Thread 0x000001d6fc5ef780 Implicit null exception at 0x000001d6e8f49d00 to 0x000001d6e8f49e7c
Event: 41.667 Thread 0x000001d6fc5ef780 Exception <a 'sun/nio/fs/WindowsException'{0x00000000a417c610}> (0x00000000a417c610) 
thrown [s\src\hotspot\share\prims\jni.cpp, line 537]
Event: 42.092 Thread 0x000001d6fc5ec990 Exception <a 'sun/nio/fs/WindowsException'{0x00000000a12d4520}> (0x00000000a12d4520) 
thrown [s\src\hotspot\share\prims\jni.cpp, line 537]
Event: 42.416 Thread 0x000001d6fe40a740 Exception <a 'sun/nio/fs/WindowsException'{0x000000009e19b188}> (0x000000009e19b188) 
thrown [s\src\hotspot\share\prims\jni.cpp, line 537]
Event: 42.604 Thread 0x000001d6fc5ec990 Exception <a 'sun/nio/fs/WindowsException'{0x0000000099b51598}> (0x0000000099b51598) 
thrown [s\src\hotspot\share\prims\jni.cpp, line 537]
Event: 45.189 Thread 0x000001d6fc5ec990 Exception <a 'sun/nio/fs/WindowsException'{0x000000009b5d06a0}> (0x000000009b5d06a0) 
thrown [s\src\hotspot\share\prims\jni.cpp, line 537]
Event: 46.073 Thread 0x000001d6fe40a740 Exception <a 'sun/nio/fs/WindowsException'{0x000000009e435ea8}> (0x000000009e435ea8) 
thrown [s\src\hotspot\share\prims\jni.cpp, line 537]

ZGC Phase Switch (0 events):
No events

VM Operations (20 events):
Event: 42.071 Executing VM operation: G1PauseRemark done
Event: 42.461 Executing VM operation: G1PauseCleanup
Event: 42.475 Executing VM operation: G1PauseCleanup done
Event: 42.689 Executing VM operation: G1CollectForAllocation (G1 Evacuation Pause)
Event: 42.733 Executing VM operation: G1CollectForAllocation (G1 Evacuation Pause) done
Event: 43.218 Executing VM operation: G1CollectForAllocation (G1 Evacuation Pause)
Event: 43.255 Executing VM operation: G1CollectForAllocation (G1 Evacuation Pause) done
Event: 43.852 Executing VM operation: G1CollectForAllocation (G1 Evacuation Pause)
Event: 43.877 Executing VM operation: G1CollectForAllocation (G1 Evacuation Pause) done
Event: 44.640 Executing VM operation: G1PauseRemark
Event: 44.664 Executing VM operation: G1PauseRemark done
Event: 45.167 Executing VM operation: G1PauseCleanup
Event: 45.179 Executing VM operation: G1PauseCleanup done
Event: 45.203 Executing VM operation: G1CollectForAllocation (G1 Evacuation Pause)
Event: 45.236 Executing VM operation: G1CollectForAllocation (G1 Evacuation Pause) done
Event: 45.431 Executing VM operation: HandshakeAllThreads (Deoptimize)
Event: 45.469 Executing VM operation: HandshakeAllThreads (Deoptimize) done
Event: 45.743 Executing VM operation: G1CollectForAllocation (G1 Evacuation Pause)
Event: 45.794 Executing VM operation: G1CollectForAllocation (G1 Evacuation Pause) done
Event: 46.188 Executing VM operation: G1CollectForAllocation (G1 Evacuation Pause)

Memory protections (0 events):
No events

Nmethod flushes (20 events):
Event: 44.662 Thread 0x000001d6f53cbff0 flushing  nmethod 0x000001d6e3061a10
Event: 44.662 Thread 0x000001d6f53cbff0 flushing  nmethod 0x000001d6e308ba10
Event: 44.662 Thread 0x000001d6f53cbff0 flushing  nmethod 0x000001d6e308c490
Event: 44.662 Thread 0x000001d6f53cbff0 flushing  nmethod 0x000001d6e308c890
Event: 44.662 Thread 0x000001d6f53cbff0 flushing  nmethod 0x000001d6e308d510
Event: 44.662 Thread 0x000001d6f53cbff0 flushing  nmethod 0x000001d6e308e510
Event: 44.662 Thread 0x000001d6f53cbff0 flushing  nmethod 0x000001d6e308f010
Event: 44.662 Thread 0x000001d6f53cbff0 flushing  nmethod 0x000001d6e30c9410
Event: 44.662 Thread 0x000001d6f53cbff0 flushing  nmethod 0x000001d6e30ca410
Event: 44.662 Thread 0x000001d6f53cbff0 flushing  nmethod 0x000001d6e30cad10
Event: 44.662 Thread 0x000001d6f53cbff0 flushing  nmethod 0x000001d6e30cd390
Event: 44.662 Thread 0x000001d6f53cbff0 flushing  nmethod 0x000001d6e30cd810
Event: 44.662 Thread 0x000001d6f53cbff0 flushing  nmethod 0x000001d6e30ce690
Event: 44.662 Thread 0x000001d6f53cbff0 flushing  nmethod 0x000001d6e3108010
Event: 44.662 Thread 0x000001d6f53cbff0 flushing  nmethod 0x000001d6e3108490
Event: 44.662 Thread 0x000001d6f53cbff0 flushing  nmethod 0x000001d6e3109d10
Event: 44.662 Thread 0x000001d6f53cbff0 flushing  nmethod 0x000001d6e310ba90
Event: 44.662 Thread 0x000001d6f53cbff0 flushing  nmethod 0x000001d6e310ca90
Event: 44.662 Thread 0x000001d6f53cbff0 flushing  nmethod 0x000001d6e3129890
Event: 44.662 Thread 0x000001d6f53cbff0 flushing  nmethod 0x000001d6e312c710

Events (20 events):
Event: 28.017 Thread 0x000001d680f83e90 Thread added: 0x000001d6866f4130
Event: 28.017 Thread 0x000001d680f83e90 Thread added: 0x000001d6866f3aa0
Event: 28.037 Thread 0x000001d680f83e90 Thread added: 0x000001d6866f4e50
Event: 28.037 Thread 0x000001d680f83e90 Thread added: 0x000001d6866f3410
Event: 28.038 Thread 0x000001d680f83e90 Thread added: 0x000001d6866f26f0
Event: 28.038 Thread 0x000001d680f83e90 Thread added: 0x000001d686cc6e10
Event: 28.039 Thread 0x000001d680f83e90 Thread added: 0x000001d686cc4d40
Event: 28.039 Thread 0x000001d680f83e90 Thread added: 0x000001d686cc6780
Event: 28.040 Thread 0x000001d680f83e90 Thread added: 0x000001d686cc81c0
Event: 28.115 Thread 0x000001d680f83e90 Thread added: 0x000001d686cc53d0
Event: 28.115 Thread 0x000001d680f83e90 Thread added: 0x000001d686cc8850
Event: 28.331 Thread 0x000001d680f81dc0 Thread added: 0x000001d686cc74a0
Event: 28.332 Thread 0x000001d680f81dc0 Thread added: 0x000001d686cc7b30
Event: 28.332 Thread 0x000001d680f81dc0 Thread added: 0x000001d686cc8ee0
Event: 28.332 Thread 0x000001d680f81dc0 Thread added: 0x000001d686cc5a60
Event: 28.333 Thread 0x000001d680f81dc0 Thread added: 0x000001d686cc9570
Event: 28.333 Thread 0x000001d680f81dc0 Thread added: 0x000001d686cc60f0
Event: 28.333 Thread 0x000001d680f81dc0 Thread added: 0x000001d686cc9c00
Event: 29.668 Thread 0x000001d6fc7c53c0 Thread exited: 0x000001d6fc7c53c0
Event: 30.094 Thread 0x000001d6f545aea0 Thread added: 0x000001d6fc7ca580


Dynamic libraries:
0x00007ff7b5ad0000 - 0x00007ff7b5ada000 	C:\Program Files\Android\Android Studio\jbr\bin\java.exe
0x00007ffa2db40000 - 0x00007ffa2dda6000 	C:\WINDOWS\SYSTEM32\ntdll.dll
0x00007ffa2cbc0000 - 0x00007ffa2cc89000 	C:\WINDOWS\System32\KERNEL32.DLL
0x00007ffa2aee0000 - 0x00007ffa2b2df000 	C:\WINDOWS\System32\KERNELBASE.dll
0x00007ffa2b2f0000 - 0x00007ffa2b43c000 	C:\WINDOWS\System32\ucrtbase.dll
0x00007ffa17fb0000 - 0x00007ffa17fc8000 	C:\Program Files\Android\Android Studio\jbr\bin\jli.dll
0x00007ffa17af0000 - 0x00007ffa17b0b000 	C:\Program Files\Android\Android Studio\jbr\bin\VCRUNTIME140.dll
0x00007ffa2d7f0000 - 0x00007ffa2d9b6000 	C:\WINDOWS\System32\USER32.dll
0x00007ffa2b650000 - 0x00007ffa2b677000 	C:\WINDOWS\System32\win32u.dll
0x00007ffa0ae30000 - 0x00007ffa0b0c1000 	C:\WINDOWS\WinSxS\amd64_microsoft.windows.common-controls_6595b64144ccf1df_6.0.26100.8972_none_3e0da176e32f9d4b\COMCTL32.dll
0x00007ffa2c270000 - 0x00007ffa2c29b000 	C:\WINDOWS\System32\GDI32.dll
0x00007ffa2b740000 - 0x00007ffa2b869000 	C:\WINDOWS\System32\gdi32full.dll
0x00007ffa2cd20000 - 0x00007ffa2cdc9000 	C:\WINDOWS\System32\msvcrt.dll
0x00007ffa2b4e0000 - 0x00007ffa2b583000 	C:\WINDOWS\System32\msvcp_win.dll
0x00007ffa2c8e0000 - 0x00007ffa2c912000 	C:\WINDOWS\System32\IMM32.DLL
0x00007ffa17ae0000 - 0x00007ffa17aec000 	C:\Program Files\Android\Android Studio\jbr\bin\vcruntime140_1.dll
0x00007ff9ff160000 - 0x00007ff9ff1ed000 	C:\Program Files\Android\Android Studio\jbr\bin\msvcp140.dll
0x00007ff9a4a80000 - 0x00007ff9a5716000 	C:\Program Files\Android\Android Studio\jbr\bin\server\jvm.dll
0x00007ffa2c630000 - 0x00007ffa2c6ec000 	C:\WINDOWS\System32\ADVAPI32.dll
0x00007ffa2ce40000 - 0x00007ffa2ceea000 	C:\WINDOWS\System32\sechost.dll
0x00007ffa2d9e0000 - 0x00007ffa2daf8000 	C:\WINDOWS\System32\RPCRT4.dll
0x00007ffa2cc90000 - 0x00007ffa2cd12000 	C:\WINDOWS\System32\WS2_32.dll
0x00007ffa2abb0000 - 0x00007ffa2ac0e000 	C:\WINDOWS\SYSTEM32\POWRPROF.dll
0x00007ffa10420000 - 0x00007ffa10456000 	C:\WINDOWS\SYSTEM32\WINMM.dll
0x00007ffa19a70000 - 0x00007ffa19a7b000 	C:\WINDOWS\SYSTEM32\VERSION.dll
0x00007ffa2ab90000 - 0x00007ffa2aba5000 	C:\WINDOWS\SYSTEM32\UMPDC.dll
0x00007ffa29a40000 - 0x00007ffa29a5b000 	C:\WINDOWS\SYSTEM32\kernel.appcore.dll
0x00007ffa17ab0000 - 0x00007ffa17aba000 	C:\Program Files\Android\Android Studio\jbr\bin\jimage.dll
0x00007ffa252e0000 - 0x00007ffa25522000 	C:\WINDOWS\SYSTEM32\DBGHELP.DLL
0x00007ffa2c2a0000 - 0x00007ffa2c625000 	C:\WINDOWS\System32\combase.dll
0x00007ffa2c920000 - 0x00007ffa2c9f9000 	C:\WINDOWS\System32\OLEAUT32.dll
0x00007ffa08ef0000 - 0x00007ffa08f2b000 	C:\WINDOWS\SYSTEM32\dbgcore.DLL
0x00007ffa2b680000 - 0x00007ffa2b72c000 	C:\WINDOWS\System32\bcryptPrimitives.dll
0x00007ffa11f40000 - 0x00007ffa11f4e000 	C:\Program Files\Android\Android Studio\jbr\bin\instrument.dll
0x00007ffa17a90000 - 0x00007ffa17ab0000 	C:\Program Files\Android\Android Studio\jbr\bin\java.dll
0x00007ffa179d0000 - 0x00007ffa179e8000 	C:\Program Files\Android\Android Studio\jbr\bin\zip.dll
0x00007ffa2d050000 - 0x00007ffa2d7d8000 	C:\WINDOWS\System32\SHELL32.dll
0x00007ffa28820000 - 0x00007ffa290bb000 	C:\WINDOWS\SYSTEM32\windows.storage.dll
0x00007ffa2cef0000 - 0x00007ffa2cfe9000 	C:\WINDOWS\System32\SHCORE.dll
0x00007ffa2cdd0000 - 0x00007ffa2ce36000 	C:\WINDOWS\System32\shlwapi.dll
0x00007ffa2ac70000 - 0x00007ffa2ac99000 	C:\WINDOWS\SYSTEM32\profapi.dll
0x00007ffa17a50000 - 0x00007ffa17a60000 	C:\Program Files\Android\Android Studio\jbr\bin\net.dll
0x00007ffa1c3c0000 - 0x00007ffa1c4e8000 	C:\WINDOWS\SYSTEM32\WINHTTP.dll
0x00007ffa29ff0000 - 0x00007ffa2a05c000 	C:\WINDOWS\system32\mswsock.dll
0x00007ffa13030000 - 0x00007ffa13046000 	C:\Program Files\Android\Android Studio\jbr\bin\nio.dll
0x00007ffa17860000 - 0x00007ffa17870000 	C:\Program Files\Android\Android Studio\jbr\bin\verify.dll
0x00007ffa17a60000 - 0x00007ffa17a87000 	C:\Users\DELL\.gradle\native\c067742578af261105cb4f569cf0c3c89f3d7b1fecec35dd04571415982c5e48\windows-amd64\native-platform.dll
0x00007ffa15e10000 - 0x00007ffa15f54000 	C:\Users\DELL\.gradle\native\100fb08df4bc3b14c8652ba06237920a3bd2aa13389f12d3474272988ae205f9\windows-amd64\native-platform-file-events.dll
0x00007ffa17160000 - 0x00007ffa17169000 	C:\Program Files\Android\Android Studio\jbr\bin\management.dll
0x00007ffa16a90000 - 0x00007ffa16a9b000 	C:\Program Files\Android\Android Studio\jbr\bin\management_ext.dll
0x00007ffa2bd50000 - 0x00007ffa2bd58000 	C:\WINDOWS\System32\PSAPI.DLL
0x00007ffa2a2e0000 - 0x00007ffa2a2fb000 	C:\WINDOWS\SYSTEM32\CRYPTSP.dll
0x00007ffa299a0000 - 0x00007ffa299d9000 	C:\WINDOWS\system32\rsaenh.dll
0x00007ffa2a0a0000 - 0x00007ffa2a0d2000 	C:\WINDOWS\SYSTEM32\USERENV.dll
0x00007ffa2ac40000 - 0x00007ffa2ac6a000 	C:\WINDOWS\SYSTEM32\bcrypt.dll
0x00007ffa2a300000 - 0x00007ffa2a30c000 	C:\WINDOWS\SYSTEM32\CRYPTBASE.dll
0x00007ffa294c0000 - 0x00007ffa294f3000 	C:\WINDOWS\SYSTEM32\IPHLPAPI.DLL
0x00007ffa2d7e0000 - 0x00007ffa2d7ea000 	C:\WINDOWS\System32\NSI.dll
0x00007ffa128b0000 - 0x00007ffa128b9000 	C:\Program Files\Android\Android Studio\jbr\bin\extnet.dll
0x00007ff9bd540000 - 0x00007ff9bd548000 	C:\WINDOWS\system32\wshunix.dll

JVMTI agents:
C:\Users\DELL\.gradle\wrapper\dists\gradle-8.11.1-bin\bpt9gzteqjrbo1mjrsomdt32c\gradle-8.11.1\lib\agents\gradle-instrumentation-agent-8.11.1.jar path:C:\Program Files\Android\Android Studio\jbr\bin\instrument.dll, loaded, initialized, instrumentlib options:none

dbghelp: loaded successfully - version: 4.0.5 - missing functions: none
symbol engine: initialized successfully - sym options: 0x614 - pdb path: .;C:\Program Files\Android\Android Studio\jbr\bin;C:\WINDOWS\SYSTEM32;C:\WINDOWS\WinSxS\amd64_microsoft.windows.common-controls_6595b64144ccf1df_6.0.26100.8972_none_3e0da176e32f9d4b;C:\Program Files\Android\Android Studio\jbr\bin\server;C:\Users\DELL\.gradle\native\c067742578af261105cb4f569cf0c3c89f3d7b1fecec35dd04571415982c5e48\windows-amd64;C:\Users\DELL\.gradle\native\100fb08df4bc3b14c8652ba06237920a3bd2aa13389f12d3474272988ae205f9\windows-amd64

VM Arguments:
jvm_args: --add-opens=java.base/java.lang=ALL-UNNAMED --add-opens=java.base/java.lang.invoke=ALL-UNNAMED --add-opens=java.base/java.util=ALL-UNNAMED --add-opens=java.prefs/java.util.prefs=ALL-UNNAMED --add-exports=jdk.compiler/com.sun.tools.javac.api=ALL-UNNAMED --add-exports=jdk.compiler/com.sun.tools.javac.util=ALL-UNNAMED --add-opens=java.base/java.util=ALL-UNNAMED --add-opens=java.prefs/java.util.prefs=ALL-UNNAMED --add-opens=java.base/java.nio.charset=ALL-UNNAMED --add-opens=java.base/java.net=ALL-UNNAMED --add-opens=java.base/java.util.concurrent.atomic=ALL-UNNAMED --add-opens=java.xml/javax.xml.namespace=ALL-UNNAMED -XX:MaxMetaspaceSize=512m -XX:+UseG1GC -Xmx2048m -Dfile.encoding=UTF-8 -Duser.country=ID -Duser.language=en -Duser.variant -javaagent:C:\Users\DELL\.gradle\wrapper\dists\gradle-8.11.1-bin\bpt9gzteqjrbo1mjrsomdt32c\gradle-8.11.1\lib\agents\gradle-instrumentation-agent-8.11.1.jar 
java_command: org.gradle.launcher.daemon.bootstrap.GradleDaemon 8.11.1
java_class_path (initial): C:\Users\DELL\.gradle\wrapper\dists\gradle-8.11.1-bin\bpt9gzteqjrbo1mjrsomdt32c\gradle-8.11.1\lib\gradle-daemon-main-8.11.1.jar
Launcher Type: SUN_STANDARD

[Global flags]
     intx CICompilerCount                          = 4                                         {product} {ergonomic}
   size_t CompressedClassSpaceSize                 = 436207616                                 {product} {ergonomic}
     uint ConcGCThreads                            = 2                                         {product} {ergonomic}
     uint G1ConcRefinementThreads                  = 8                                         {product} {ergonomic}
   size_t G1HeapRegionSize                         = 1048576                                   {product} {ergonomic}
    uintx GCDrainStackTargetSize                   = 64                                        {product} {ergonomic}
   size_t InitialHeapSize                          = 132120576                                 {product} {ergonomic}
   size_t MarkStackSize                            = 4194304                                   {product} {ergonomic}
   size_t MaxHeapSize                              = 2147483648                                {product} {command line}
   size_t MaxMetaspaceSize                         = 536870912                                 {product} {command line}
   size_t MaxNewSize                               = 1287651328                                {product} {ergonomic}
   size_t MinHeapDeltaBytes                        = 1048576                                   {product} {ergonomic}
   size_t MinHeapSize                              = 8388608                                   {product} {ergonomic}
    uintx NonNMethodCodeHeapSize                   = 5839372                                {pd product} {ergonomic}
    uintx NonProfiledCodeHeapSize                  = 122909434                              {pd product} {ergonomic}
    uintx ProfiledCodeHeapSize                     = 122909434                              {pd product} {ergonomic}
    uintx ReservedCodeCacheSize                    = 251658240                              {pd product} {ergonomic}
     bool SegmentedCodeCache                       = true                                      {product} {ergonomic}
   size_t SoftMaxHeapSize                          = 2147483648                             {manageable} {ergonomic}
     bool UseCompressedOops                        = true                           {product lp64_product} {ergonomic}
     bool UseG1GC                                  = true                                      {product} {command line}
     bool UseLargePagesIndividualAllocation        = false                                  {pd product} {ergonomic}

Logging:
Log output configuration:
 #0: stdout all=warning uptime,level,tags foldmultilines=false
 #1: stderr all=off uptime,level,tags foldmultilines=false

Environment Variables:
JAVA_HOME=C:\Program Files\Android\Android Studio\jbr
CLASSPATH=D:\bizgrow-project\upstyle\multi_platform\bizgrow-kmp\\gradle\wrapper\gradle-wrapper.jar
PATH=C:\Program Files\Android\Android Studio\jbr\bin;C:\Program Files\WindowsApps\Microsoft.PowerShell_7.6.6.0_x64__8wekyb3d8bbwe;C:/Users/DELL/.gemini/antigravity-ide/bin;C:\oraclexe\app\oracle\product\11.2.0\server\bin;;C:\Program Files\Python313\Scripts\;C:\Program Files\Python313\;C:\WINDOWS\system32;C:\WINDOWS;C:\WINDOWS\System32\Wbem;C:\WINDOWS\System32\WindowsPowerShell\v1.0\;C:\WINDOWS\System32\OpenSSH\;C:\Program Files\Git\cmd;C:\xampp\php;C:\composer;C:\Program Files\nodejs\;C:\Program Files\PuTTY\;C:\Users\DELL\AppData\Local\agy\bin;C:\Users\DELL\AppData\Local\Microsoft\WindowsApps;C:\Users\DELL\AppData\Local\Programs\Microsoft VS Code\bin;C:\Users\DELL\AppData\Roaming\Composer\vendor\bin;C:\Users\DELL\AppData\Roaming\npm;C:\Users\DELL\AppData\Local\Programs\Kiro\bin;C:\Users\DELL\AppData\Local\Programs\Antigravity IDE\bin
USERNAME=DELL
OS=Windows_NT
PROCESSOR_IDENTIFIER=Intel64 Family 6 Model 142 Stepping 12, GenuineIntel
TMP=C:\Users\DELL\AppData\Local\Temp
TEMP=C:\Users\DELL\AppData\Local\Temp




Periodic native trim disabled

JNI global refs:
JNI global refs: 31, weak refs: 233

JNI global refs memory usage: 835, weak refs: 2729

Process memory usage:
Resident Set Size: 1011564K (12% of 8198356K total physical memory with 439292K free physical memory)

OOME stack traces (most recent first):
Classloader memory used:
Loader org.gradle.internal.classloader.VisitableURLClassLoader$InstrumentingVisitableURLClassLoader: 60514K
Loader org.gradle.internal.classloader.VisitableURLClassLoader                         : 43507K
Loader bootstrap                                                                       : 30266K
Loader org.gradle.initialization.MixInLegacyTypesClassLoader                           : 12428K
Loader jdk.internal.loader.ClassLoaders$PlatformClassLoader                            : 513K
Loader org.gradle.internal.classloader.VisitableURLClassLoader                         : 359K
Loader jdk.internal.loader.ClassLoaders$AppClassLoader                                 : 232K
Loader jdk.internal.reflect.DelegatingClassLoader                                      : 214K

Classes loaded by more than one classloader:
Class Program                                                                         : loaded 7 times (x 72B)
Class Build_gradle                                                                    : loaded 5 times (x 130B)
Class Build_gradle$1                                                                  : loaded 5 times (x 75B)
Class org.gradle.kotlin.dsl.VersionCatalogAccessorsKt                                 : loaded 3 times (x 71B)
Class [Lcom.google.common.base.AbstractIterator$State;                                : loaded 2 times (x 69B)
Class com.google.common.base.CharMatcher$IsEither                                     : loaded 2 times (x 111B)
Class org.gradle.internal.classloader.ClassLoaderHierarchy                            : loaded 2 times (x 70B)
Class com.google.common.collect.ImmutableEnumSet                                      : loaded 2 times (x 146B)
Class com.google.common.util.concurrent.ExecutionError                                : loaded 2 times (x 82B)
Class com.google.common.collect.ImmutableList$1                                       : loaded 2 times (x 97B)
Class org.gradle.api.internal.classpath.ManifestUtil                                  : loaded 2 times (x 71B)
Class com.google.common.io.ByteArrayDataOutput                                        : loaded 2 times (x 70B)
Class com.google.common.collect.RegularImmutableMap                                   : loaded 2 times (x 121B)
Class com.google.common.collect.ImmutableMap$MapViewOfValuesAsSingletonSets           : loaded 2 times (x 125B)
Class [Lorg.objectweb.asm.Symbol;                                                     : loaded 2 times (x 69B)
Class org.objectweb.asm.ClassVisitor                                                  : loaded 2 times (x 88B)
Class com.google.common.collect.UnmodifiableListIterator                              : loaded 2 times (x 95B)
Class org.objectweb.asm.MethodTooLargeException                                       : loaded 2 times (x 83B)
Class [Lcom.google.common.cache.CacheBuilder$OneWeigher;                              : loaded 2 times (x 69B)
Class com.google.common.base.Suppliers                                                : loaded 2 times (x 71B)
Class com.google.common.base.Platform$JdkPatternCompiler                              : loaded 2 times (x 75B)
Class org.gradle.internal.classloader.DefaultClassLoaderFactory                       : loaded 2 times (x 82B)
Class com.google.common.base.CharMatcher$None                                         : loaded 2 times (x 112B)
Class org.gradle.internal.classloader.ClassLoaderVisitor                              : loaded 2 times (x 76B)
Class [Lcom.google.common.collect.ImmutableMapEntry;                                  : loaded 2 times (x 69B)
Class org.gradle.api.internal.classpath.EffectiveClassPath                            : loaded 2 times (x 90B)
Class com.google.common.collect.ImmutableRangeSet                                     : loaded 2 times (x 115B)
Class com.google.common.collect.ImmutableEnumMap                                      : loaded 2 times (x 125B)
Class com.google.common.collect.ListMultimap                                          : loaded 2 times (x 70B)
Class com.google.common.collect.Sets$1                                                : loaded 2 times (x 139B)
Class org.objectweb.asm.AnnotationVisitor                                             : loaded 2 times (x 78B)
Class com.google.common.base.Splitter                                                 : loaded 2 times (x 72B)
Class org.gradle.api.internal.DefaultClassPathProvider                                : loaded 2 times (x 76B)
Class com.google.common.collect.Sets$2                                                : loaded 2 times (x 139B)
Class [Lorg.gradle.api.internal.ClassPathProvider;                                    : loaded 2 times (x 69B)
Class org.gradle.api.internal.ClassPathProvider                                       : loaded 2 times (x 70B)
Class com.google.common.collect.Sets$3                                                : loaded 2 times (x 139B)
Class com.google.common.util.concurrent.AbstractFuture$SafeAtomicHelper               : loaded 2 times (x 79B)
Class com.google.common.cache.LocalCache$LocalLoadingCache                            : loaded 2 times (x 134B)
Class com.google.common.base.AbstractIterator$State                                   : loaded 2 times (x 79B)
Class org.gradle.internal.service.UnknownServiceException                             : loaded 2 times (x 83B)
Class org.gradle.kotlin.dsl.Accessors4nhp6c7gizz3uim4k13ftxn74Kt                      : loaded 2 times (x 71B)
Class com.google.common.io.ByteArrayDataInput                                         : loaded 2 times (x 70B)
Class com.google.common.collect.Sets$4                                                : loaded 2 times (x 139B)
Class org.objectweb.asm.ModuleVisitor                                                 : loaded 2 times (x 81B)
Class com.google.common.cache.LocalCache$Strength$1                                   : loaded 2 times (x 81B)
Class com.google.common.util.concurrent.SettableFuture                                : loaded 2 times (x 114B)
Class com.google.common.cache.LocalCache$Strength$2                                   : loaded 2 times (x 81B)
Class com.google.common.io.ByteStreams                                                : loaded 2 times (x 71B)
Class com.google.common.cache.LocalCache$Strength$3                                   : loaded 2 times (x 81B)
Class com.google.common.collect.MapDifference                                         : loaded 2 times (x 70B)
Class com.google.common.base.Splitter$1                                               : loaded 2 times (x 77B)
Class org.objectweb.asm.FieldWriter                                                   : loaded 2 times (x 78B)
Class com.google.common.cache.CacheBuilder$NullListener                               : loaded 2 times (x 82B)
Class org.gradle.internal.classpath.TransformedClassPath                              : loaded 2 times (x 96B)
Class org.gradle.internal.classloader.InstrumentingClassLoader                        : loaded 2 times (x 70B)
Class com.google.common.collect.ImmutableRangeSet$AsSet                               : loaded 2 times (x 299B)
Class com.google.common.cache.CacheLoader$FunctionToCacheLoader                       : loaded 2 times (x 75B)
Class com.google.common.collect.Iterators$ArrayItr                                    : loaded 2 times (x 97B)
Class com.google.common.collect.ImmutableCollection$Builder                           : loaded 2 times (x 76B)
Class com.google.common.base.Joiner                                                   : loaded 2 times (x 79B)
Class com.google.common.base.MoreObjects                                              : loaded 2 times (x 71B)
Class [Lorg.objectweb.asm.Type;                                                       : loaded 2 times (x 69B)
Class com.google.common.collect.Platform                                              : loaded 2 times (x 71B)
Class com.google.common.collect.UnmodifiableIterator                                  : loaded 2 times (x 80B)
Class org.gradle.internal.service.ServiceLocator                                      : loaded 2 times (x 70B)
Class com.google.common.base.Ascii                                                    : loaded 2 times (x 71B)
Class com.google.common.collect.SingletonImmutableBiMap                               : loaded 2 times (x 143B)
Class com.google.common.cache.LocalCache$1                                            : loaded 2 times (x 89B)
Class com.google.common.collect.AbstractMapEntry                                      : loaded 2 times (x 81B)
Class com.google.common.collect.Sets$ImprovedAbstractSet                              : loaded 2 times (x 135B)
Class com.google.common.collect.ImmutableList$Builder                                 : loaded 2 times (x 77B)
Class com.google.common.cache.LocalCache$2                                            : loaded 2 times (x 142B)
Class com.google.common.collect.AbstractMultimap                                      : loaded 2 times (x 123B)
Class com.google.common.collect.ImmutableRangeSet$1                                   : loaded 2 times (x 209B)
Class com.google.common.util.concurrent.AbstractFuture$UnsafeAtomicHelper$1           : loaded 2 times (x 76B)
Class com.google.common.collect.RegularImmutableAsList                                : loaded 2 times (x 216B)
Class com.google.common.collect.Range                                                 : loaded 2 times (x 87B)
Class com.google.common.util.concurrent.AbstractFuture$Trusted                        : loaded 2 times (x 70B)
Class com.google.common.collect.Iterators                                             : loaded 2 times (x 71B)
Class com.google.common.base.CharMatcher$RangesMatcher                                : loaded 2 times (x 112B)
Class org.gradle.internal.classloader.FilteringClassLoader                            : loaded 2 times (x 105B)
Class com.google.common.util.concurrent.UncheckedExecutionException                   : loaded 2 times (x 82B)
Class com.google.common.collect.Lists$StringAsImmutableList                           : loaded 2 times (x 207B)
Class com.google.common.collect.ImmutableSortedSetFauxverideShim                      : loaded 2 times (x 147B)
Class com.google.common.base.CharMatcher$JavaLetterOrDigit                            : loaded 2 times (x 111B)
Class org.gradle.internal.InternalTransformer                                         : loaded 2 times (x 70B)
Class com.google.common.collect.AbstractMapBasedMultimap$KeySet$1                     : loaded 2 times (x 82B)
Class org.objectweb.asm.ClassWriter                                                   : loaded 2 times (x 106B)
Class com.google.common.cache.CacheLoader$UnsupportedLoadingOperationException        : loaded 2 times (x 82B)
Class com.google.common.base.CharMatcher$And                                          : loaded 2 times (x 112B)
Class org.gradle.internal.classloader.ClasspathUtil$1                                 : loaded 2 times (x 76B)
Class com.google.common.base.Objects                                                  : loaded 2 times (x 71B)
Class org.objectweb.asm.FieldVisitor                                                  : loaded 2 times (x 77B)
Class com.google.common.collect.IndexedImmutableSet                                   : loaded 2 times (x 150B)
Class com.google.common.collect.ImmutableMap$1                                        : loaded 2 times (x 81B)
Class com.google.common.collect.BiMap                                                 : loaded 2 times (x 70B)
Class org.gradle.api.internal.classpath.DefaultModuleRegistry$DefaultModule           : loaded 2 times (x 86B)
Class com.google.common.primitives.Ints                                               : loaded 2 times (x 71B)
Class com.google.common.collect.AbstractIterator                                      : loaded 2 times (x 82B)
Class com.google.common.math.MathPreconditions                                        : loaded 2 times (x 71B)
Class com.google.common.collect.Multiset                                              : loaded 2 times (x 70B)
Class com.google.common.collect.ArrayListMultimapGwtSerializationDependencies         : loaded 2 times (x 172B)
Class com.google.common.collect.RegularImmutableMap$KeySet                            : loaded 2 times (x 150B)
Class com.google.common.collect.AbstractIndexedListIterator                           : loaded 2 times (x 96B)
Class com.google.common.collect.ImmutableMapEntrySet                                  : loaded 2 times (x 151B)
Class org.gradle.api.internal.classpath.Module                                        : loaded 2 times (x 70B)
Class com.google.common.cache.Weigher                                                 : loaded 2 times (x 70B)
Class org.gradle.api.internal.classpath.UnknownModuleException                        : loaded 2 times (x 82B)
Class com.google.common.base.Stopwatch                                                : loaded 2 times (x 72B)
Class com.google.common.cache.LocalCache$Strength                                     : loaded 2 times (x 81B)
Class com.google.common.cache.Cache                                                   : loaded 2 times (x 70B)
Class com.google.common.util.concurrent.AbstractFuture$Cancellation                   : loaded 2 times (x 72B)
Class com.google.common.collect.ImmutableMap$Builder                                  : loaded 2 times (x 82B)
Class com.google.common.base.NullnessCasts                                            : loaded 2 times (x 71B)
Class com.google.common.cache.RemovalListener                                         : loaded 2 times (x 70B)
Class org.gradle.api.internal.DefaultClassPathRegistry                                : loaded 2 times (x 76B)
Class com.google.common.primitives.IntsMethodsForWeb                                  : loaded 2 times (x 71B)
Class com.google.common.collect.Multimap                                              : loaded 2 times (x 70B)
Class org.gradle.api.internal.ClassPathRegistry                                       : loaded 2 times (x 70B)
Class org.gradle.internal.classpath.DefaultClassPath$ImmutableUniqueList              : loaded 2 times (x 199B)
Class com.google.common.base.ExtraObjectsMethodsForWeb                                : loaded 2 times (x 71B)
Class com.google.common.base.Equivalence$Identity                                     : loaded 2 times (x 82B)
Class com.google.common.cache.CacheBuilder                                            : loaded 2 times (x 72B)
Class com.google.common.collect.SingletonImmutableList                                : loaded 2 times (x 207B)
Class Settings_gradle$1                                                               : loaded 2 times (x 74B)
Class org.gradle.internal.classpath.ClassPath                                         : loaded 2 times (x 70B)
Class org.gradle.api.UncheckedIOException                                             : loaded 2 times (x 82B)
Class com.google.common.collect.ImmutableList$ReverseImmutableList                    : loaded 2 times (x 208B)
Class com.google.common.base.JdkPattern                                               : loaded 2 times (x 75B)
Class org.objectweb.asm.SymbolTable$Entry                                             : loaded 2 times (x 74B)
Class com.google.common.util.concurrent.AbstractFuture$AtomicHelper                   : loaded 2 times (x 78B)
Class Build_gradle$2$1                                                                : loaded 2 times (x 78B)
Class org.objectweb.asm.Edge                                                          : loaded 2 times (x 72B)
Class com.google.common.base.Suppliers$SupplierOfInstance                             : loaded 2 times (x 79B)
Class com.google.common.collect.Iterators$1                                           : loaded 2 times (x 81B)
Class Build_gradle$2$2                                                                : loaded 2 times (x 78B)
Class com.google.common.cache.LocalCache$ComputingValueReference                      : loaded 2 times (x 96B)
Class com.google.common.collect.SingletonImmutableSet                                 : loaded 2 times (x 146B)
Class com.google.common.collect.ImmutableMap$IteratorBasedImmutableMap                : loaded 2 times (x 125B)
Class com.google.common.cache.LocalCache$Segment                                      : loaded 2 times (x 154B)
Class com.google.common.collect.SortedIterable                                        : loaded 2 times (x 70B)
Class [Lorg.objectweb.asm.SymbolTable$Entry;                                          : loaded 2 times (x 69B)
Class com.google.common.cache.CacheLoader                                             : loaded 2 times (x 74B)
Class com.google.common.collect.Iterators$4                                           : loaded 2 times (x 82B)
Class com.google.common.collect.ImmutableBiMap                                        : loaded 2 times (x 143B)
Class com.google.common.collect.AbstractListMultimap                                  : loaded 2 times (x 172B)
Class org.gradle.internal.installation.GradleInstallation$1                           : loaded 2 times (x 75B)
Class org.gradle.api.internal.classpath.ModuleRegistry                                : loaded 2 times (x 70B)
Class com.google.common.util.concurrent.internal.InternalFutureFailureAccess          : loaded 2 times (x 72B)
Class com.google.common.collect.Iterators$5                                           : loaded 2 times (x 82B)
Class com.google.common.collect.ImmutableSet$JdkBackedSetBuilderImpl                  : loaded 2 times (x 76B)
Class com.google.common.base.Splitter$SplittingIterator                               : loaded 2 times (x 84B)
Class com.google.common.io.Closer$SuppressingSuppressor                               : loaded 2 times (x 75B)
Class com.google.common.util.concurrent.AbstractFuture$UnsafeAtomicHelper             : loaded 2 times (x 78B)
Class com.google.common.cache.LocalCache$LocalManualCache$1                           : loaded 2 times (x 75B)
Class com.google.common.base.CharMatcher$ForPredicate                                 : loaded 2 times (x 112B)
Class com.google.common.collect.ImmutableCollection                                   : loaded 2 times (x 125B)
Class com.google.common.base.CharMatcher$AnyOf                                        : loaded 2 times (x 112B)
Class org.gradle.api.internal.classpath.DefaultModuleRegistry                         : loaded 2 times (x 86B)
Class com.google.common.util.concurrent.ListenableFuture                              : loaded 2 times (x 70B)
Class com.google.common.cache.ReferenceEntry                                          : loaded 2 times (x 70B)
Class com.google.common.collect.ImmutableSet$CachingAsList                            : loaded 2 times (x 147B)
Class com.google.common.base.Converter                                                : loaded 2 times (x 90B)
Class com.google.common.collect.Lists                                                 : loaded 2 times (x 71B)
Class com.google.common.base.CharMatcher$Any                                          : loaded 2 times (x 112B)
Class com.google.common.util.concurrent.AbstractFuture                                : loaded 2 times (x 106B)
Class com.google.common.base.FunctionalEquivalence                                    : loaded 2 times (x 83B)
Class com.google.common.collect.Iterators$9                                           : loaded 2 times (x 81B)
Class com.google.common.collect.AbstractMapBasedMultimap                              : loaded 2 times (x 139B)
Class com.google.common.collect.ImmutableAsList                                       : loaded 2 times (x 209B)
Class org.objectweb.asm.RecordComponentVisitor                                        : loaded 2 times (x 77B)
Class com.google.common.cache.CacheLoader$SupplierToCacheLoader                       : loaded 2 times (x 75B)
Class com.google.common.collect.Maps$EntryTransformer                                 : loaded 2 times (x 70B)
Class org.gradle.internal.service.ServiceLookupException                              : loaded 2 times (x 82B)
Class com.google.common.collect.ImmutableSortedSet                                    : loaded 2 times (x 299B)
Class [Lcom.google.common.cache.LocalCache$EntryFactory;                              : loaded 2 times (x 69B)
Class com.google.common.base.CharMatcher$JavaLetter                                   : loaded 2 times (x 111B)
Class org.gradle.internal.classloader.ClassLoaderFactory                              : loaded 2 times (x 70B)
Class com.google.common.cache.LocalCache$LocalManualCache                             : loaded 2 times (x 99B)
Class com.google.common.base.CharMatcher$IsNot                                        : loaded 2 times (x 111B)
Class com.google.common.base.CommonPattern                                            : loaded 2 times (x 74B)
Class org.gradle.internal.service.CachingServiceLocator                               : loaded 2 times (x 82B)
Class org.gradle.kotlin.dsl.Accessors8rihyt52ywg47pk3ez2ijmcwzKt                      : loaded 2 times (x 71B)
Class com.google.common.collect.AbstractMapBasedMultimap$KeySet                       : loaded 2 times (x 137B)
Class com.google.common.collect.RegularImmutableSortedSet                             : loaded 2 times (x 299B)
Class com.google.common.math.IntMath                                                  : loaded 2 times (x 71B)
Class com.google.common.collect.Iterators$10                                          : loaded 2 times (x 81B)
Class com.google.common.collect.ImmutableMapEntry                                     : loaded 2 times (x 85B)
Class com.google.common.base.CharMatcher$JavaDigit                                    : loaded 2 times (x 111B)
Class com.google.common.base.Equivalence                                              : loaded 2 times (x 82B)
Class com.google.common.collect.ImmutableMapEntry$NonTerminalImmutableMapEntry        : loaded 2 times (x 85B)
Class com.google.common.base.Function                                                 : loaded 2 times (x 70B)
Class com.google.common.collect.IndexedImmutableSet$1                                 : loaded 2 times (x 212B)
Class com.google.common.cache.CacheBuilder$OneWeigher                                 : loaded 2 times (x 82B)
Class com.google.common.collect.RegularImmutableList                                  : loaded 2 times (x 212B)
Class com.google.common.collect.ImmutableBiMapFauxverideShim                          : loaded 2 times (x 120B)
Class org.gradle.internal.classloader.ClasspathUtil                                   : loaded 2 times (x 71B)
Class com.google.common.base.Charsets                                                 : loaded 2 times (x 71B)
Class com.google.common.util.concurrent.Uninterruptibles                              : loaded 2 times (x 71B)
Class com.google.common.collect.Maps                                                  : loaded 2 times (x 71B)
Class com.google.common.base.CharMatcher$JavaUpperCase                                : loaded 2 times (x 111B)
Class org.gradle.api.specs.Spec                                                       : loaded 2 times (x 70B)
Class [Lcom.google.common.collect.ImmutableEntry;                                     : loaded 2 times (x 69B)
Class com.google.common.cache.LocalCache$LoadingValueReference                        : loaded 2 times (x 96B)
Class com.google.common.collect.ObjectArrays                                          : loaded 2 times (x 71B)
Class com.google.common.base.Platform                                                 : loaded 2 times (x 71B)
Class Build_gradle$2                                                                  : loaded 2 times (x 74B)
Class com.google.common.primitives.Ints$IntConverter                                  : loaded 2 times (x 90B)
Class com.google.common.collect.Maps$8                                                : loaded 2 times (x 82B)
Class com.google.common.collect.ImmutableRangeSet$Builder                             : loaded 2 times (x 77B)
Class com.google.common.collect.Sets$SetView                                          : loaded 2 times (x 138B)
Class com.google.common.cache.LocalCache$StrongValueReference                         : loaded 2 times (x 90B)
Class com.google.common.util.concurrent.AbstractFuture$SynchronizedHelper             : loaded 2 times (x 78B)
Class com.google.common.base.CharMatcher$Invisible                                    : loaded 2 times (x 112B)
Class org.objectweb.asm.Type                                                          : loaded 2 times (x 72B)
Class org.gradle.internal.classloader.VisitableURLClassLoader$InstrumentingVisitableURLClassLoader: loaded 2 times (x 123B)
Class org.objectweb.asm.ByteVector                                                    : loaded 2 times (x 79B)
Class [Lcom.google.common.cache.CacheBuilder$NullListener;                            : loaded 2 times (x 69B)
Class com.google.common.math.IntMath$1                                                : loaded 2 times (x 71B)
Class org.gradle.internal.classloader.VisitableURLClassLoader$Spec                    : loaded 2 times (x 74B)
Class org.gradle.internal.classpath.DefaultClassPath                                  : loaded 2 times (x 90B)
Class org.objectweb.asm.Symbol                                                        : loaded 2 times (x 73B)
Class com.google.common.base.AbstractIterator                                         : loaded 2 times (x 80B)
Class com.google.common.io.Closer                                                     : loaded 2 times (x 78B)
Class com.google.common.collect.RegularImmutableMap$Values                            : loaded 2 times (x 207B)
Class com.google.common.collect.ImmutableSet                                          : loaded 2 times (x 145B)
Class com.google.common.base.CharMatcher$BitSetMatcher                                : loaded 2 times (x 112B)
Class com.google.common.base.CharMatcher$Ascii                                        : loaded 2 times (x 112B)
Class org.gradle.internal.classloader.ClassLoaderSpec                                 : loaded 2 times (x 71B)
Class org.objectweb.asm.AnnotationWriter                                              : loaded 2 times (x 79B)
Class com.google.common.cache.CacheStats                                              : loaded 2 times (x 71B)
Class com.google.common.io.Closer$Suppressor                                          : loaded 2 times (x 70B)
Class org.objectweb.asm.RecordComponentWriter                                         : loaded 2 times (x 78B)
Class com.google.common.util.concurrent.AbstractFuture$Listener                       : loaded 2 times (x 72B)
Class com.google.common.base.CharMatcher$Or                                           : loaded 2 times (x 112B)
Class Settings_gradle$1$1                                                             : loaded 2 times (x 74B)
Class org.objectweb.asm.Attribute                                                     : loaded 2 times (x 77B)
Class com.google.common.base.Supplier                                                 : loaded 2 times (x 70B)
Class org.gradle.internal.classloader.VisitableURLClassLoader                         : loaded 2 times (x 117B)
Class com.google.common.util.concurrent.AbstractFuture$Waiter                         : loaded 2 times (x 72B)
Class Settings_gradle                                                                 : loaded 2 times (x 128B)
Class org.gradle.internal.Cast                                                        : loaded 2 times (x 71B)
Class org.gradle.api.Action                                                           : loaded 2 times (x 70B)
Class com.google.common.collect.Sets                                                  : loaded 2 times (x 71B)
Class org.objectweb.asm.Handler                                                       : loaded 2 times (x 72B)
Class com.google.common.base.Ticker                                                   : loaded 2 times (x 72B)
Class com.google.common.base.Strings                                                  : loaded 2 times (x 71B)
Class com.google.common.base.CharMatcher$FastMatcher                                  : loaded 2 times (x 111B)
Class [Lcom.google.common.cache.LocalCache$Segment;                                   : loaded 2 times (x 69B)
Class [Lcom.google.common.cache.LocalCache$Strength;                                  : loaded 2 times (x 69B)
Class com.google.common.cache.CacheBuilder$1                                          : loaded 2 times (x 85B)
Class com.google.common.collect.ImmutableMap                                          : loaded 2 times (x 120B)
Class com.google.common.base.Predicate                                                : loaded 2 times (x 70B)
Class org.gradle.internal.classpath.DefaultClassPath$ImmutableUniqueList$Builder      : loaded 2 times (x 75B)
Class com.google.common.collect.AbstractRangeSet                                      : loaded 2 times (x 114B)
Class com.google.common.cache.LocalCache                                              : loaded 2 times (x 187B)
Class com.google.common.cache.CacheBuilder$2                                          : loaded 2 times (x 72B)
Class com.google.common.base.CharMatcher$NegatedFastMatcher                           : loaded 2 times (x 113B)
Class [Lcom.google.common.collect.AbstractMapEntry;                                   : loaded 2 times (x 69B)
Class com.google.common.collect.ImmutableEntry                                        : loaded 2 times (x 82B)
Class com.google.common.collect.ArrayListMultimap                                     : loaded 2 times (x 172B)
Class com.google.common.base.AbstractIterator$1                                       : loaded 2 times (x 71B)
Class com.google.common.base.CharMatcher$Digit                                        : loaded 2 times (x 112B)
Class org.gradle.api.GradleException                                                  : loaded 2 times (x 82B)
Class com.google.common.base.Suppliers$MemoizingSupplier                              : loaded 2 times (x 79B)
Class com.google.common.collect.CollectPreconditions                                  : loaded 2 times (x 71B)
Class com.google.common.base.CharMatcher$JavaIsoControl                               : loaded 2 times (x 112B)
Class com.google.common.collect.SortedMapDifference                                   : loaded 2 times (x 70B)
Class com.google.common.base.CharMatcher$JavaLowerCase                                : loaded 2 times (x 111B)
Class Build_gradle$1$1                                                                : loaded 2 times (x 74B)
Class com.google.common.cache.LocalCache$EntryFactory                                 : loaded 2 times (x 83B)
Class com.google.common.cache.LocalCache$AbstractReferenceEntry                       : loaded 2 times (x 107B)
Class com.google.common.base.Splitter$1$1                                             : loaded 2 times (x 86B)
Class com.google.common.base.CharMatcher$Whitespace                                   : loaded 2 times (x 112B)
Class org.gradle.internal.IoActions                                                   : loaded 2 times (x 71B)
Class com.google.common.collect.ImmutableRangeSet$ComplementRanges                    : loaded 2 times (x 207B)
Class org.objectweb.asm.SymbolTable                                                   : loaded 2 times (x 72B)
Class com.google.common.cache.CacheLoader$InvalidCacheLoadException                   : loaded 2 times (x 82B)
Class com.google.common.collect.ImmutableSet$RegularSetBuilderImpl                    : loaded 2 times (x 77B)
Class com.google.common.base.CharMatcher$SingleWidth                                  : loaded 2 times (x 112B)
Class org.gradle.internal.classloader.SystemClassLoaderSpec                           : loaded 2 times (x 71B)
Class com.google.common.cache.LocalCache$StrongEntry                                  : loaded 2 times (x 108B)
Class com.google.common.util.concurrent.AbstractFuture$TrustedFuture                  : loaded 2 times (x 114B)
Class com.google.common.cache.LoadingCache                                            : loaded 2 times (x 70B)
Class com.google.common.io.ByteStreams$LimitedInputStream                             : loaded 2 times (x 92B)
Class com.google.common.base.Suppliers$NonSerializableMemoizingSupplier               : loaded 2 times (x 79B)
Class org.objectweb.asm.MethodWriter                                                  : loaded 2 times (x 106B)
Class [Lcom.google.common.cache.Weigher;                                              : loaded 2 times (x 69B)
Class com.google.common.collect.RegularImmutableMap$BucketOverflowException           : loaded 2 times (x 82B)
Class Build_gradle$1$1$1                                                              : loaded 2 times (x 78B)
Class com.google.common.collect.RegularImmutableBiMap                                 : loaded 2 times (x 148B)
Class com.google.common.cache.LocalCache$ValueReference                               : loaded 2 times (x 70B)
Class com.google.common.base.CharMatcher$Negated                                      : loaded 2 times (x 113B)
Class com.google.common.base.CharMatcher$Is                                           : loaded 2 times (x 111B)
Class com.google.common.util.concurrent.AbstractFuture$Failure                        : loaded 2 times (x 72B)
Class com.google.common.base.Equivalence$Equals                                       : loaded 2 times (x 82B)
Class com.google.common.collect.Hashing                                               : loaded 2 times (x 71B)
Class com.google.common.base.PatternCompiler                                          : loaded 2 times (x 70B)
Class com.google.common.base.Preconditions                                            : loaded 2 times (x 71B)
Class com.google.common.base.Joiner$1                                                 : loaded 2 times (x 80B)
Class org.objectweb.asm.Label                                                         : loaded 2 times (x 73B)
Class org.objectweb.asm.CurrentFrame                                                  : loaded 2 times (x 73B)
Class org.objectweb.asm.ClassTooLargeException                                        : loaded 2 times (x 83B)
Class com.google.common.collect.PeekingIterator                                       : loaded 2 times (x 70B)
Class com.google.common.base.CharMatcher                                              : loaded 2 times (x 111B)
Class com.google.common.collect.Maps$IteratorBasedAbstractMap                         : loaded 2 times (x 125B)
Class com.google.common.collect.RangeGwtSerializationDependencies                     : loaded 2 times (x 71B)
Class com.google.common.base.Joiner$2                                                 : loaded 2 times (x 79B)
Class org.objectweb.asm.Frame                                                         : loaded 2 times (x 73B)
Class org.objectweb.asm.MethodVisitor                                                 : loaded 2 times (x 105B)
Class com.google.common.cache.LocalCache$EntryFactory$1                               : loaded 2 times (x 83B)
Class [Lcom.google.common.cache.RemovalListener;                                      : loaded 2 times (x 69B)
Class com.google.common.base.CharMatcher$1                                            : loaded 2 times (x 113B)
Class com.google.common.base.CharMatcher$NamedFastMatcher                             : loaded 2 times (x 112B)
Class com.google.common.collect.RangeSet                                              : loaded 2 times (x 70B)
Class com.google.common.cache.LocalCache$EntryFactory$2                               : loaded 2 times (x 83B)
Class org.gradle.api.internal.classpath.GlobalCacheRootsProvider                      : loaded 2 times (x 70B)
Class com.google.common.collect.CollectCollectors                                     : loaded 2 times (x 71B)
Class org.objectweb.asm.ModuleWriter                                                  : loaded 2 times (x 82B)
Class com.google.common.cache.LocalCache$EntryFactory$3                               : loaded 2 times (x 83B)
Class com.google.common.base.Ticker$1                                                 : loaded 2 times (x 72B)
Class com.google.common.collect.ImmutableMapEntrySet$RegularEntrySet                  : loaded 2 times (x 151B)
Class com.google.common.collect.Maps$BiMapConverter                                   : loaded 2 times (x 90B)
Class com.google.common.cache.LocalCache$EntryFactory$4                               : loaded 2 times (x 83B)
Class com.google.common.collect.ImmutableSet$Builder                                  : loaded 2 times (x 85B)
Class com.google.common.base.CharMatcher$InRange                                      : loaded 2 times (x 111B)
Class com.google.common.io.ByteStreams$1                                              : loaded 2 times (x 85B)
Class com.google.common.cache.LocalCache$EntryFactory$5                               : loaded 2 times (x 83B)
Class com.google.common.base.PairwiseEquivalence                                      : loaded 2 times (x 83B)
Class com.google.common.cache.LocalCache$EntryFactory$6                               : loaded 2 times (x 83B)
Class org.gradle.internal.installation.CurrentGradleInstallationLocator               : loaded 2 times (x 71B)
Class com.google.common.collect.Maps$KeySet                                           : loaded 2 times (x 137B)
Class com.google.common.cache.LocalCache$EntryFactory$7                               : loaded 2 times (x 83B)
Class com.google.common.collect.ImmutableSet$EmptySetBuilderImpl                      : loaded 2 times (x 76B)
Class com.google.common.collect.ImmutableList                                         : loaded 2 times (x 206B)
Class org.gradle.internal.service.DefaultServiceLocator                               : loaded 2 times (x 83B)
Class com.google.common.cache.LocalCache$EntryFactory$8                               : loaded 2 times (x 83B)
Class com.google.common.collect.ImmutableSet$SetBuilderImpl                           : loaded 2 times (x 76B)
Class org.gradle.internal.installation.CurrentGradleInstallation                      : loaded 2 times (x 73B)
Class com.google.common.cache.CacheLoader$1                                           : loaded 2 times (x 75B)
Class com.google.common.collect.ImmutableList$SubList                                 : loaded 2 times (x 208B)
Class org.gradle.util.internal.GUtil                                                  : loaded 2 times (x 71B)
Class com.google.common.util.concurrent.AbstractFuture$SetFuture                      : loaded 2 times (x 75B)
Class com.google.common.cache.AbstractCache$StatsCounter                              : loaded 2 times (x 70B)
Class com.google.common.collect.Iterators$MergingIterator                             : loaded 2 times (x 81B)
Class com.google.common.collect.RegularImmutableSet                                   : loaded 2 times (x 148B)
Class org.gradle.internal.installation.GradleInstallation                             : loaded 2 times (x 75B)
Class com.google.common.collect.Iterables                                             : loaded 2 times (x 71B)
Class com.google.common.base.Splitter$Strategy                                        : loaded 2 times (x 70B)

---------------  S Y S T E M  ---------------

OS:
 Windows 11 , 64 bit Build 26100 (10.0.26100.9168)
OS uptime: 0 days 6:36 hours

CPU: total 8 (initial active 8) (4 cores per cpu, 2 threads per core) family 6 model 142 stepping 12 microcode 0xf8, cx8, cmov, fxsr, ht, mmx, 3dnowpref, sse, sse2, sse3, ssse3, sse4.1, sse4.2, popcnt, lzcnt, tsc, tscinvbit, avx, avx2, aes, erms, clmul, bmi1, bmi2, adx, fma, vzeroupper, clflush, clflushopt, rdtscp, f16c
Processor Information for the first 8 processors :
  Max Mhz: 1896, Current Mhz: 1596, Mhz Limit: 1592

Memory: 4k page, system-wide physical 8006M (466M free)
TotalPageFile size 18525M (AvailPageFile size 179M)
current process WorkingSet (physical memory assigned to process): 988M, peak: 1027M
current process commit charge ("private bytes"): 1102M, peak: 1426M

vm_info: OpenJDK 64-Bit Server VM (21.0.8+-14196175-b1038.72) for windows-amd64 JRE (21.0.8+-14196175-b1038.72), built on 2025-10-01T10:24:33Z by "builder" with MS VC++ 16.10 / 16.11 (VS2019)

END.
